cycle_num,spike_step,spike_time_ns,cycle_length,phase,membrane_potential_1,membrane_potential_2,membrane_potential_3,membrane_potential_4,membrane_potential_5,membrane_potential_6,membrane_potential_7,membrane_potential_8,membrane_potential_9,membrane_potential_10,membrane_potential_11,membrane_potential_12,membrane_potential_13,membrane_potential_14,membrane_potential_15,membrane_potential_16,membrane_potential_17,membrane_potential_18,membrane_potential_19,membrane_potential_20,membrane_potential_21,membrane_potential_22,membrane_potential_23,membrane_potential_24,membrane_potential_25,membrane_potential_26,membrane_potential_27,membrane_potential_28,membrane_potential_29,membrane_potential_30,membrane_potential_31,membrane_potential_32,membrane_potential_33,membrane_potential_34,membrane_potential_35,membrane_potential_36,membrane_potential_37
1,36,96630.0,37,constant,2014,2014,2898,3119,3618,3881,4221,4470,4733,4956,5174,5371,5559,5734,5901,6057,6207,6348,6483,6611,6735,6853,6966,7075,7180,7281,7378,7472,7562,7650,7735,7817,7897,7974,8050,8123,8194
2,38,101850.0,2,constant,71,8330,,,,,,,,,,,,,,,,,,,,,,,,,,,,,,,,,,,
3,56,148830.0,18,constant,-3393,7560,2896,6612,5228,6615,6301,6892,6906,7210,7314,7505,7625,7767,7880,7997,8100,8200,,,,,,,,,,,,,,,,,,,
4,58,154050.0,2,constant,101,8383,,,,,,,,,,,,,,,,,,,,,,,,,,,,,,,,,,,
5,75,198420.0,17,constant,-3323,7649,2998,6728,5356,6753,6449,7046,7068,7378,7487,7684,7807,7953,8070,8189,8295,,,,,,,,,,,,,,,,,,,,
6,77,203640.0,2,constant,205,8492,,,,,,,,,,,,,,,,,,,,,,,,,,,,,,,,,,,
7,92,242790.0,15,constant,-3207,7769,3123,6857,5488,6888,6587,7187,7211,7522,7634,7831,7956,8103,8220,,,,,,,,,,,,,,,,,,,,,,
8,94,248010.0,2,constant,149,8446,,,,,,,,,,,,,,,,,,,,,,,,,,,,,,,,,,,
9,109,287160.0,15,constant,-3240,7745,3109,6850,5489,6896,6600,7206,7234,7551,7665,7867,7995,8146,8265,,,,,,,,,,,,,,,,,,,,,,
10,111,292380.0,2,constant,197,8496,,,,,,,,,,,,,,,,,,,,,,,,,,,,,,,,,,,
11,125,328920.0,14,constant,-3187,7800,3165,6909,5550,6957,6664,7269,7300,7616,7733,7935,8064,8215,,,,,,,,,,,,,,,,,,,,,,,
12,127,334140.0,2,constant,144,8459,,,,,,,,,,,,,,,,,,,,,,,,,,,,,,,,,,,
13,141,370680.0,14,constant,-3221,7774,3145,6894,5538,6952,6661,7272,7304,7625,7743,7949,8080,8233,,,,,,,,,,,,,,,,,,,,,,,
14,143,375900.0,2,constant,163,8481,,,,,,,,,,,,,,,,,,,,,,,,,,,,,,,,,,,
15,157,412440.0,14,constant,-3198,7800,3172,6922,5568,6982,6692,7303,7338,7658,7778,7984,8116,8269,,,,,,,,,,,,,,,,,,,,,,,
16,159,417660.0,2,constant,201,8519,,,,,,,,,,,,,,,,,,,,,,,,,,,,,,,,,,,
17,173,454200.0,14,constant,-3159,7838,3211,6962,5608,7022,6733,7346,7380,7702,7822,8028,8160,8313,,,,,,,,,,,,,,,,,,,,,,,
18,175,459420.0,2,constant,245,8563,,,,,,,,,,,,,,,,,,,,,,,,,,,,,,,,,,,
19,188,493350.0,13,constant,-3115,7883,3255,7007,5653,7067,6778,7390,7425,7746,7866,8073,8204,,,,,,,,,,,,,,,,,,,,,,,,
20,190,498570.0,2,constant,167,8482,,,,,,,,,,,,,,,,,,,,,,,,,,,,,,,,,,,
21,204,535110.0,14,constant,-3181,7820,3201,6957,5609,7028,6743,7359,7396,7721,7843,8052,8187,8343,,,,,,,,,,,,,,,,,,,,,,,
22,206,540330.0,2,constant,278,8597,,,,,,,,,,,,,,,,,,,,,,,,,,,,,,,,,,,
23,219,574260.0,13,constant,-3078,7921,3295,7048,5695,7112,6823,7437,7472,7794,7915,8121,8254,,,,,,,,,,,,,,,,,,,,,,,,
24,221,579480.0,2,constant,217,8534,,,,,,,,,,,,,,,,,,,,,,,,,,,,,,,,,,,
25,234,613410.0,13,constant,-3129,7873,3254,7011,5663,7083,6798,7415,7454,7778,7901,8110,8246,,,,,,,,,,,,,,,,,,,,,,,,
26,236,618630.0,2,constant,209,8528,,,,,,,,,,,,,,,,,,,,,,,,,,,,,,,,,,,
27,249,652560.0,13,constant,-3133,7871,3254,7012,5666,7086,6804,7420,7461,7786,7910,8120,8254,,,,,,,,,,,,,,,,,,,,,,,,
28,251,657780.0,2,constant,221,8538,,,,,,,,,,,,,,,,,,,,,,,,,,,,,,,,,,,
29,264,691710.0,13,constant,-3121,7881,3266,7023,5679,7098,6817,7432,7474,7798,7923,8132,8268,,,,,,,,,,,,,,,,,,,,,,,,
30,266,696930.0,2,constant,232,8550,,,,,,,,,,,,,,,,,,,,,,,,,,,,,,,,,,,
31,279,730860.0,13,constant,-3111,7892,3274,7032,5686,7105,6822,7439,7478,7803,7927,8136,8271,,,,,,,,,,,,,,,,,,,,,,,,
32,281,736080.0,2,constant,235,8553,,,,,,,,,,,,,,,,,,,,,,,,,,,,,,,,,,,
33,294,770010.0,13,constant,-3109,7894,3276,7034,5687,7107,6823,7440,7478,7803,7926,8135,8270,,,,,,,,,,,,,,,,,,,,,,,,
34,296,775230.0,2,constant,234,8552,,,,,,,,,,,,,,,,,,,,,,,,,,,,,,,,,,,
35,309,809160.0,13,constant,-3110,7894,3276,7033,5687,7106,6823,7439,7478,7803,7927,8136,8270,,,,,,,,,,,,,,,,,,,,,,,,
36,311,814380.0,2,constant,235,8552,,,,,,,,,,,,,,,,,,,,,,,,,,,,,,,,,,,
37,324,848310.0,13,constant,-3110,7893,3275,7032,5685,7105,6821,7438,7476,7802,7925,8135,8269,,,,,,,,,,,,,,,,,,,,,,,,
38,326,853530.0,2,constant,234,8552,,,,,,,,,,,,,,,,,,,,,,,,,,,,,,,,,,,
39,339,887460.0,13,constant,-3110,7893,3275,7032,5685,7104,6820,7436,7476,7800,7924,8133,8269,,,,,,,,,,,,,,,,,,,,,,,,
40,341,892680.0,2,constant,233,8551,,,,,,,,,,,,,,,,,,,,,,,,,,,,,,,,,,,
41,354,926610.0,13,constant,-3110,7893,3274,7032,5684,7103,6820,7434,7475,7798,7923,8132,8268,,,,,,,,,,,,,,,,,,,,,,,,
42,356,931830.0,2,constant,232,8550,,,,,,,,,,,,,,,,,,,,,,,,,,,,,,,,,,,
43,369,965760.0,13,constant,-3111,7892,3274,7031,5684,7103,6820,7435,7475,7798,7923,8131,8268,,,,,,,,,,,,,,,,,,,,,,,,
44,371,970980.0,2,constant,231,8550,,,,,,,,,,,,,,,,,,,,,,,,,,,,,,,,,,,
45,384,1004910.0,13,constant,-3112,7892,3273,7031,5684,7103,6820,7435,7475,7798,7923,8131,8267,,,,,,,,,,,,,,,,,,,,,,,,
46,386,1010130.0,2,constant,231,8550,,,,,,,,,,,,,,,,,,,,,,,,,,,,,,,,,,,
47,399,1044060.0,13,constant,-3112,7892,3273,7031,5684,7103,6820,7435,7475,7798,7923,8131,8267,,,,,,,,,,,,,,,,,,,,,,,,
48,401,1049280.0,2,constant,230,8550,,,,,,,,,,,,,,,,,,,,,,,,,,,,,,,,,,,
49,414,1083210.0,13,constant,-3113,7891,3273,7030,5684,7102,6820,7434,7475,7798,7923,8131,8266,,,,,,,,,,,,,,,,,,,,,,,,
50,416,1088430.0,2,constant,230,8549,,,,,,,,,,,,,,,,,,,,,,,,,,,,,,,,,,,
51,429,1122360.0,13,constant,-3113,7890,3273,7029,5683,7102,6819,7434,7474,7798,7922,8131,8265,,,,,,,,,,,,,,,,,,,,,,,,
52,431,1127580.0,2,constant,230,8548,,,,,,,,,,,,,,,,,,,,,,,,,,,,,,,,,,,
53,444,1161510.0,13,constant,-3114,7890,3272,7029,5683,7101,6819,7433,7474,7797,7922,8130,8265,,,,,,,,,,,,,,,,,,,,,,,,
54,446,1166730.0,2,constant,229,8548,,,,,,,,,,,,,,,,,,,,,,,,,,,,,,,,,,,
55,459,1200660.0,13,constant,-3115,7890,3272,7029,5682,7101,6818,7433,7473,7797,7921,8130,8265,,,,,,,,,,,,,,,,,,,,,,,,
56,461,1205880.0,2,constant,229,8547,,,,,,,,,,,,,,,,,,,,,,,,,,,,,,,,,,,
57,474,1239810.0,13,constant,-3115,7888,3271,7028,5681,7101,6818,7433,7473,7797,7921,8130,8264,,,,,,,,,,,,,,,,,,,,,,,,
58,476,1245030.0,2,constant,228,8547,,,,,,,,,,,,,,,,,,,,,,,,,,,,,,,,,,,
59,489,1278960.0,13,constant,-3115,7888,3271,7028,5681,7101,6817,7433,7473,7796,7921,8129,8264,,,,,,,,,,,,,,,,,,,,,,,,
60,491,1284180.0,2,constant,228,8546,,,,,,,,,,,,,,,,,,,,,,,,,,,,,,,,,,,
61,504,1318110.0,13,constant,-3116,7888,3270,7028,5681,7101,6817,7433,7473,7796,7921,8129,8264,,,,,,,,,,,,,,,,,,,,,,,,
62,506,1323330.0,2,constant,228,8546,,,,,,,,,,,,,,,,,,,,,,,,,,,,,,,,,,,
63,519,1357260.0,13,constant,-3116,7887,3270,7028,5681,7101,6817,7433,7473,7796,7921,8129,8264,,,,,,,,,,,,,,,,,,,,,,,,
64,521,1362480.0,2,constant,228,8546,,,,,,,,,,,,,,,,,,,,,,,,,,,,,,,,,,,
65,534,1396410.0,13,constant,-3116,7887,3270,7028,5681,7101,6817,7433,7472,7796,7920,8129,8264,,,,,,,,,,,,,,,,,,,,,,,,
66,536,1401630.0,2,constant,228,8546,,,,,,,,,,,,,,,,,,,,,,,,,,,,,,,,,,,
67,549,1435560.0,13,constant,-3116,7887,3270,7028,5681,7101,6817,7432,7472,7796,7920,8129,8263,,,,,,,,,,,,,,,,,,,,,,,,
68,551,1440780.0,2,constant,228,8546,,,,,,,,,,,,,,,,,,,,,,,,,,,,,,,,,,,
69,564,1474710.0,13,constant,-3116,7887,3270,7027,5681,7100,6817,7432,7472,7796,7920,8129,8263,,,,,,,,,,,,,,,,,,,,,,,,
70,566,1479930.0,2,constant,228,8546,,,,,,,,,,,,,,,,,,,,,,,,,,,,,,,,,,,
71,579,1513860.0,13,constant,-3116,7887,3270,7027,5681,7100,6817,7432,7472,7796,7920,8129,8263,,,,,,,,,,,,,,,,,,,,,,,,
72,581,1519080.0,2,constant,228,8546,,,,,,,,,,,,,,,,,,,,,,,,,,,,,,,,,,,
73,594,1553010.0,13,constant,-3116,7887,3270,7027,5681,7100,6817,7432,7472,7796,7920,8129,8263,,,,,,,,,,,,,,,,,,,,,,,,
74,596,1558230.0,2,constant,228,8546,,,,,,,,,,,,,,,,,,,,,,,,,,,,,,,,,,,
75,609,1592160.0,13,constant,-3116,7887,3270,7027,5681,7100,6817,7432,7472,7796,7920,8129,8263,,,,,,,,,,,,,,,,,,,,,,,,
76,611,1597380.0,2,constant,228,8546,,,,,,,,,,,,,,,,,,,,,,,,,,,,,,,,,,,
77,624,1631310.0,13,constant,-3116,7887,3270,7027,5681,7100,6817,7432,7472,7796,7920,8129,8263,,,,,,,,,,,,,,,,,,,,,,,,
78,626,1636530.0,2,constant,228,8546,,,,,,,,,,,,,,,,,,,,,,,,,,,,,,,,,,,
79,639,1670460.0,13,constant,-3116,7887,3270,7027,5681,7100,6817,7432,7472,7796,7920,8129,8263,,,,,,,,,,,,,,,,,,,,,,,,
80,641,1675680.0,2,constant,228,8546,,,,,,,,,,,,,,,,,,,,,,,,,,,,,,,,,,,
81,654,1709610.0,13,constant,-3116,7887,3270,7027,5681,7100,6817,7432,7472,7796,7920,8129,8263,,,,,,,,,,,,,,,,,,,,,,,,
82,656,1714830.0,2,constant,228,8546,,,,,,,,,,,,,,,,,,,,,,,,,,,,,,,,,,,
83,669,1748760.0,13,constant,-3116,7887,3270,7027,5681,7100,6817,7432,7472,7796,7920,8129,8263,,,,,,,,,,,,,,,,,,,,,,,,
84,671,1753980.0,2,constant,228,8546,,,,,,,,,,,,,,,,,,,,,,,,,,,,,,,,,,,
85,684,1787910.0,13,constant,-3116,7887,3270,7027,5681,7100,6817,7432,7472,7796,7920,8129,8263,,,,,,,,,,,,,,,,,,,,,,,,
86,686,1793130.0,2,constant,228,8546,,,,,,,,,,,,,,,,,,,,,,,,,,,,,,,,,,,
87,699,1827060.0,13,constant,-3116,7887,3270,7027,5681,7100,6817,7432,7472,7796,7920,8129,8263,,,,,,,,,,,,,,,,,,,,,,,,
88,701,1832280.0,2,constant,228,8546,,,,,,,,,,,,,,,,,,,,,,,,,,,,,,,,,,,
89,714,1866210.0,13,constant,-3116,7887,3270,7027,5681,7100,6817,7432,7472,7796,7920,8129,8263,,,,,,,,,,,,,,,,,,,,,,,,
90,716,1871430.0,2,constant,228,8546,,,,,,,,,,,,,,,,,,,,,,,,,,,,,,,,,,,
91,729,1905360.0,13,constant,-3116,7887,3270,7027,5681,7100,6817,7432,7472,7796,7920,8129,8263,,,,,,,,,,,,,,,,,,,,,,,,
92,731,1910580.0,2,constant,228,8546,,,,,,,,,,,,,,,,,,,,,,,,,,,,,,,,,,,
93,744,1944510.0,13,constant,-3116,7887,3270,7027,5681,7100,6817,7432,7472,7796,7920,8129,8263,,,,,,,,,,,,,,,,,,,,,,,,
94,746,1949730.0,2,constant,228,8546,,,,,,,,,,,,,,,,,,,,,,,,,,,,,,,,,,,
95,759,1983660.0,13,constant,-3116,7887,3270,7027,5681,7100,6817,7432,7472,7796,7920,8129,8263,,,,,,,,,,,,,,,,,,,,,,,,
96,761,1988880.0,2,constant,228,8546,,,,,,,,,,,,,,,,,,,,,,,,,,,,,,,,,,,
97,774,2022810.0,13,constant,-3116,7887,3270,7027,5681,7100,6817,7432,7472,7796,7920,8129,8263,,,,,,,,,,,,,,,,,,,,,,,,
98,776,2028030.0,2,constant,228,8546,,,,,,,,,,,,,,,,,,,,,,,,,,,,,,,,,,,
99,789,2061960.0,13,constant,-3116,7887,3270,7027,5681,7100,6817,7432,7472,7796,7920,8129,8263,,,,,,,,,,,,,,,,,,,,,,,,
100,791,2067180.0,2,constant,228,8546,,,,,,,,,,,,,,,,,,,,,,,,,,,,,,,,,,,
101,804,2101110.0,13,constant,-3116,7887,3270,7027,5681,7100,6817,7432,7472,7796,7920,8129,8263,,,,,,,,,,,,,,,,,,,,,,,,
102,806,2106330.0,2,constant,228,8546,,,,,,,,,,,,,,,,,,,,,,,,,,,,,,,,,,,
103,819,2140260.0,13,constant,-3116,7887,3270,7027,5681,7100,6817,7432,7472,7796,7920,8129,8263,,,,,,,,,,,,,,,,,,,,,,,,
104,821,2145480.0,2,constant,228,8546,,,,,,,,,,,,,,,,,,,,,,,,,,,,,,,,,,,
105,834,2179410.0,13,constant,-3116,7887,3270,7027,5681,7100,6817,7432,7472,7796,7920,8129,8263,,,,,,,,,,,,,,,,,,,,,,,,
106,836,2184630.0,2,constant,228,8546,,,,,,,,,,,,,,,,,,,,,,,,,,,,,,,,,,,
107,849,2218560.0,13,constant,-3116,7887,3270,7027,5681,7100,6817,7432,7472,7796,7920,8129,8263,,,,,,,,,,,,,,,,,,,,,,,,
108,851,2223780.0,2,constant,228,8546,,,,,,,,,,,,,,,,,,,,,,,,,,,,,,,,,,,
109,864,2257710.0,13,constant,-3116,7887,3270,7027,5681,7100,6817,7432,7472,7796,7920,8129,8263,,,,,,,,,,,,,,,,,,,,,,,,
110,866,2262930.0,2,constant,228,8546,,,,,,,,,,,,,,,,,,,,,,,,,,,,,,,,,,,
111,879,2296860.0,13,constant,-3116,7887,3270,7027,5681,7100,6817,7432,7472,7796,7920,8129,8263,,,,,,,,,,,,,,,,,,,,,,,,
112,881,2302080.0,2,constant,228,8546,,,,,,,,,,,,,,,,,,,,,,,,,,,,,,,,,,,
113,894,2336010.0,13,constant,-3116,7887,3270,7027,5681,7100,6817,7432,7472,7796,7920,8129,8263,,,,,,,,,,,,,,,,,,,,,,,,
114,896,2341230.0,2,constant,228,8546,,,,,,,,,,,,,,,,,,,,,,,,,,,,,,,,,,,
115,909,2375160.0,13,constant,-3116,7887,3270,7027,5681,7100,6817,7432,7472,7796,7920,8129,8263,,,,,,,,,,,,,,,,,,,,,,,,
116,911,2380380.0,2,constant,228,8546,,,,,,,,,,,,,,,,,,,,,,,,,,,,,,,,,,,
117,924,2414310.0,13,constant,-3116,7887,3270,7027,5681,7100,6817,7432,7472,7796,7920,8129,8263,,,,,,,,,,,,,,,,,,,,,,,,
118,926,2419530.0,2,constant,228,8546,,,,,,,,,,,,,,,,,,,,,,,,,,,,,,,,,,,
119,939,2453460.0,13,constant,-3116,7887,3270,7027,5681,7100,6817,7432,7472,7796,7920,8129,8263,,,,,,,,,,,,,,,,,,,,,,,,
120,941,2458680.0,2,constant,228,8546,,,,,,,,,,,,,,,,,,,,,,,,,,,,,,,,,,,
121,954,2492610.0,13,constant,-3116,7887,3270,7027,5681,7100,6817,7432,7472,7796,7920,8129,8263,,,,,,,,,,,,,,,,,,,,,,,,
122,956,2497830.0,2,constant,228,8546,,,,,,,,,,,,,,,,,,,,,,,,,,,,,,,,,,,
123,969,2531760.0,13,constant,-3116,7887,3270,7027,5681,7100,6817,7432,7472,7796,7920,8129,8263,,,,,,,,,,,,,,,,,,,,,,,,
124,971,2536980.0,2,constant,228,8546,,,,,,,,,,,,,,,,,,,,,,,,,,,,,,,,,,,
125,984,2570910.0,13,constant,-3116,7887,3270,7027,5681,7100,6817,7432,7472,7796,7920,8129,8263,,,,,,,,,,,,,,,,,,,,,,,,
126,986,2576130.0,2,constant,228,8546,,,,,,,,,,,,,,,,,,,,,,,,,,,,,,,,,,,
127,999,2610060.0,13,constant,-3116,7887,3270,7027,5681,7100,6817,7432,7472,7796,7920,8129,8263,,,,,,,,,,,,,,,,,,,,,,,,
128,1001,2615280.0,2,constant,228,8546,,,,,,,,,,,,,,,,,,,,,,,,,,,,,,,,,,,
129,1014,2649210.0,13,constant,-3116,7887,3270,7027,5681,7100,6817,7432,7472,7796,7920,8129,8263,,,,,,,,,,,,,,,,,,,,,,,,
130,1016,2654430.0,2,constant,228,8546,,,,,,,,,,,,,,,,,,,,,,,,,,,,,,,,,,,
131,1029,2688360.0,13,constant,-3116,7887,3270,7027,5681,7100,6817,7432,7472,7796,7920,8129,8263,,,,,,,,,,,,,,,,,,,,,,,,
132,1031,2693580.0,2,constant,228,8546,,,,,,,,,,,,,,,,,,,,,,,,,,,,,,,,,,,
133,1044,2727510.0,13,constant,-3116,7887,3270,7027,5681,7100,6817,7432,7472,7796,7920,8129,8263,,,,,,,,,,,,,,,,,,,,,,,,
134,1046,2732730.0,2,constant,228,8546,,,,,,,,,,,,,,,,,,,,,,,,,,,,,,,,,,,
135,1059,2766660.0,13,constant,-3116,7887,3270,7027,5681,7100,6817,7432,7472,7796,7920,8129,8263,,,,,,,,,,,,,,,,,,,,,,,,
136,1061,2771880.0,2,constant,228,8546,,,,,,,,,,,,,,,,,,,,,,,,,,,,,,,,,,,
137,1074,2805810.0,13,constant,-3116,7887,3270,7027,5681,7100,6817,7432,7472,7796,7920,8129,8263,,,,,,,,,,,,,,,,,,,,,,,,
138,1076,2811030.0,2,constant,228,8546,,,,,,,,,,,,,,,,,,,,,,,,,,,,,,,,,,,
139,1089,2844960.0,13,constant,-3116,7887,3270,7027,5681,7100,6817,7432,7472,7796,7920,8129,8263,,,,,,,,,,,,,,,,,,,,,,,,
140,1091,2850180.0,2,constant,228,8546,,,,,,,,,,,,,,,,,,,,,,,,,,,,,,,,,,,
141,1104,2884110.0,13,constant,-3116,7887,3270,7027,5681,7100,6817,7432,7472,7796,7920,8129,8263,,,,,,,,,,,,,,,,,,,,,,,,
142,1106,2889330.0,2,constant,228,8546,,,,,,,,,,,,,,,,,,,,,,,,,,,,,,,,,,,
143,1119,2923260.0,13,constant,-3116,7887,3270,7027,5681,7100,6817,7432,7472,7796,7920,8129,8263,,,,,,,,,,,,,,,,,,,,,,,,
144,1121,2928480.0,2,constant,228,8546,,,,,,,,,,,,,,,,,,,,,,,,,,,,,,,,,,,
145,1134,2962410.0,13,constant,-3116,7887,3270,7027,5681,7100,6817,7432,7472,7796,7920,8129,8263,,,,,,,,,,,,,,,,,,,,,,,,
146,1136,2967630.0,2,constant,228,8546,,,,,,,,,,,,,,,,,,,,,,,,,,,,,,,,,,,
147,1149,3001560.0,13,constant,-3116,7887,3270,7027,5681,7100,6817,7432,7472,7796,7920,8129,8263,,,,,,,,,,,,,,,,,,,,,,,,
148,1151,3006780.0,2,constant,228,8546,,,,,,,,,,,,,,,,,,,,,,,,,,,,,,,,,,,
149,1164,3040710.0,13,constant,-3116,7887,3270,7027,5681,7100,6817,7432,7472,7796,7920,8129,8263,,,,,,,,,,,,,,,,,,,,,,,,
150,1166,3045930.0,2,constant,228,8546,,,,,,,,,,,,,,,,,,,,,,,,,,,,,,,,,,,
151,1179,3079860.0,13,constant,-3116,7887,3270,7027,5681,7100,6817,7432,7472,7796,7920,8129,8263,,,,,,,,,,,,,,,,,,,,,,,,
152,1181,3085080.0,2,constant,228,8546,,,,,,,,,,,,,,,,,,,,,,,,,,,,,,,,,,,
153,1194,3119010.0,13,constant,-3116,7887,3270,7027,5681,7100,6817,7432,7472,7796,7920,8129,8263,,,,,,,,,,,,,,,,,,,,,,,,
154,1196,3124230.0,2,constant,228,8546,,,,,,,,,,,,,,,,,,,,,,,,,,,,,,,,,,,
155,1209,3158160.0,13,constant,-3116,7887,3270,7027,5681,7100,6817,7432,7472,7796,7920,8129,8263,,,,,,,,,,,,,,,,,,,,,,,,
156,1211,3163380.0,2,constant,228,8546,,,,,,,,,,,,,,,,,,,,,,,,,,,,,,,,,,,
157,1224,3197310.0,13,constant,-3116,7887,3270,7027,5681,7100,6817,7432,7472,7796,7920,8129,8263,,,,,,,,,,,,,,,,,,,,,,,,
158,1226,3202530.0,2,constant,228,8546,,,,,,,,,,,,,,,,,,,,,,,,,,,,,,,,,,,
159,1239,3236460.0,13,constant,-3116,7887,3270,7027,5681,7100,6817,7432,7472,7796,7920,8129,8263,,,,,,,,,,,,,,,,,,,,,,,,
160,1241,3241680.0,2,constant,228,8546,,,,,,,,,,,,,,,,,,,,,,,,,,,,,,,,,,,
161,1254,3275610.0,13,constant,-3116,7887,3270,7027,5681,7100,6817,7432,7472,7796,7920,8129,8263,,,,,,,,,,,,,,,,,,,,,,,,
162,1256,3280830.0,2,constant,228,8546,,,,,,,,,,,,,,,,,,,,,,,,,,,,,,,,,,,
163,1269,3314760.0,13,constant,-3116,7887,3270,7027,5681,7100,6817,7432,7472,7796,7920,8129,8263,,,,,,,,,,,,,,,,,,,,,,,,
164,1271,3319980.0,2,constant,228,8546,,,,,,,,,,,,,,,,,,,,,,,,,,,,,,,,,,,
165,1284,3353910.0,13,constant,-3116,7887,3270,7027,5681,7100,6817,7432,7472,7796,7920,8129,8263,,,,,,,,,,,,,,,,,,,,,,,,
166,1286,3359130.0,2,constant,228,8546,,,,,,,,,,,,,,,,,,,,,,,,,,,,,,,,,,,
167,1299,3393060.0,13,constant,-3116,7887,3270,7027,5681,7100,6817,7432,7472,7796,7920,8129,8263,,,,,,,,,,,,,,,,,,,,,,,,
168,1301,3398280.0,2,constant,228,8546,,,,,,,,,,,,,,,,,,,,,,,,,,,,,,,,,,,
169,1314,3432210.0,13,constant,-3116,7887,3270,7027,5681,7100,6817,7432,7472,7796,7920,8129,8263,,,,,,,,,,,,,,,,,,,,,,,,
170,1316,3437430.0,2,constant,228,8546,,,,,,,,,,,,,,,,,,,,,,,,,,,,,,,,,,,
171,1329,3471360.0,13,constant,-3116,7887,3270,7027,5681,7100,6817,7432,7472,7796,7920,8129,8263,,,,,,,,,,,,,,,,,,,,,,,,
172,1331,3476580.0,2,constant,228,8546,,,,,,,,,,,,,,,,,,,,,,,,,,,,,,,,,,,
173,1344,3510510.0,13,constant,-3116,7887,3270,7027,5681,7100,6817,7432,7472,7796,7920,8129,8263,,,,,,,,,,,,,,,,,,,,,,,,
174,1346,3515730.0,2,constant,228,8546,,,,,,,,,,,,,,,,,,,,,,,,,,,,,,,,,,,
175,1359,3549660.0,13,constant,-3116,7887,3270,7027,5681,7100,6817,7432,7472,7796,7920,8129,8263,,,,,,,,,,,,,,,,,,,,,,,,
176,1361,3554880.0,2,constant,228,8546,,,,,,,,,,,,,,,,,,,,,,,,,,,,,,,,,,,
177,1374,3588810.0,13,constant,-3116,7887,3270,7027,5681,7100,6817,7432,7472,7796,7920,8129,8263,,,,,,,,,,,,,,,,,,,,,,,,
178,1376,3594030.0,2,constant,228,8546,,,,,,,,,,,,,,,,,,,,,,,,,,,,,,,,,,,
179,1389,3627960.0,13,constant,-3116,7887,3270,7027,5681,7100,6817,7432,7472,7796,7920,8129,8263,,,,,,,,,,,,,,,,,,,,,,,,
180,1391,3633180.0,2,constant,228,8546,,,,,,,,,,,,,,,,,,,,,,,,,,,,,,,,,,,
181,1404,3667110.0,13,constant,-3116,7887,3270,7027,5681,7100,6817,7432,7472,7796,7920,8129,8263,,,,,,,,,,,,,,,,,,,,,,,,
182,1406,3672330.0,2,constant,228,8546,,,,,,,,,,,,,,,,,,,,,,,,,,,,,,,,,,,
183,1419,3706260.0,13,constant,-3116,7887,3270,7027,5681,7100,6817,7432,7472,7796,7920,8129,8263,,,,,,,,,,,,,,,,,,,,,,,,
184,1421,3711480.0,2,constant,228,8546,,,,,,,,,,,,,,,,,,,,,,,,,,,,,,,,,,,
185,1434,3745410.0,13,constant,-3116,7887,3270,7027,5681,7100,6817,7432,7472,7796,7920,8129,8263,,,,,,,,,,,,,,,,,,,,,,,,
186,1436,3750630.0,2,constant,228,8546,,,,,,,,,,,,,,,,,,,,,,,,,,,,,,,,,,,
187,1449,3784560.0,13,constant,-3116,7887,3270,7027,5681,7100,6817,7432,7472,7796,7920,8129,8263,,,,,,,,,,,,,,,,,,,,,,,,
188,1451,3789780.0,2,constant,228,8546,,,,,,,,,,,,,,,,,,,,,,,,,,,,,,,,,,,
189,1464,3823710.0,13,constant,-3116,7887,3270,7027,5681,7100,6817,7432,7472,7796,7920,8129,8263,,,,,,,,,,,,,,,,,,,,,,,,
190,1466,3828930.0,2,constant,228,8546,,,,,,,,,,,,,,,,,,,,,,,,,,,,,,,,,,,
191,1479,3862860.0,13,constant,-3116,7887,3270,7027,5681,7100,6817,7432,7472,7796,7920,8129,8263,,,,,,,,,,,,,,,,,,,,,,,,
192,1481,3868080.0,2,constant,228,8546,,,,,,,,,,,,,,,,,,,,,,,,,,,,,,,,,,,
193,1494,3902010.0,13,constant,-3116,7887,3270,7027,5681,7100,6817,7432,7472,7796,7920,8129,8263,,,,,,,,,,,,,,,,,,,,,,,,
194,1496,3907230.0,2,constant,228,8546,,,,,,,,,,,,,,,,,,,,,,,,,,,,,,,,,,,
195,1509,3941160.0,13,constant,-3116,7887,3270,7027,5681,7100,6817,7432,7472,7796,7920,8129,8263,,,,,,,,,,,,,,,,,,,,,,,,
196,1511,3946380.0,2,constant,228,8546,,,,,,,,,,,,,,,,,,,,,,,,,,,,,,,,,,,
197,1524,3980310.0,13,constant,-3116,7887,3270,7027,5681,7100,6817,7432,7472,7796,7920,8129,8263,,,,,,,,,,,,,,,,,,,,,,,,
198,1526,3985530.0,2,constant,228,8546,,,,,,,,,,,,,,,,,,,,,,,,,,,,,,,,,,,
199,1539,4019460.0,13,constant,-3116,7887,3270,7027,5681,7100,6817,7432,7472,7796,7920,8129,8263,,,,,,,,,,,,,,,,,,,,,,,,
200,1541,4024680.0,2,constant,228,8546,,,,,,,,,,,,,,,,,,,,,,,,,,,,,,,,,,,
201,1554,4058610.0,13,constant,-3116,7887,3270,7027,5681,7100,6817,7432,7472,7796,7920,8129,8263,,,,,,,,,,,,,,,,,,,,,,,,
202,1556,4063830.0,2,constant,228,8546,,,,,,,,,,,,,,,,,,,,,,,,,,,,,,,,,,,
203,1569,4097760.0,13,constant,-3116,7887,3270,7027,5681,7100,6817,7432,7472,7796,7920,8129,8263,,,,,,,,,,,,,,,,,,,,,,,,
204,1571,4102980.0,2,constant,228,8546,,,,,,,,,,,,,,,,,,,,,,,,,,,,,,,,,,,
205,1584,4136910.0,13,constant,-3116,7887,3270,7027,5681,7100,6817,7432,7472,7796,7920,8129,8263,,,,,,,,,,,,,,,,,,,,,,,,
206,1586,4142130.0,2,constant,228,8546,,,,,,,,,,,,,,,,,,,,,,,,,,,,,,,,,,,
207,1599,4176060.0,13,constant,-3116,7887,3270,7027,5681,7100,6817,7432,7472,7796,7920,8129,8263,,,,,,,,,,,,,,,,,,,,,,,,
208,1601,4181280.0,2,constant,228,8546,,,,,,,,,,,,,,,,,,,,,,,,,,,,,,,,,,,
209,1614,4215210.0,13,constant,-3116,7887,3270,7027,5681,7100,6817,7432,7472,7796,7920,8129,8263,,,,,,,,,,,,,,,,,,,,,,,,
210,1616,4220430.0,2,constant,228,8546,,,,,,,,,,,,,,,,,,,,,,,,,,,,,,,,,,,
211,1629,4254360.0,13,constant,-3116,7887,3270,7027,5681,7100,6817,7432,7472,7796,7920,8129,8263,,,,,,,,,,,,,,,,,,,,,,,,
212,1631,4259580.0,2,constant,228,8546,,,,,,,,,,,,,,,,,,,,,,,,,,,,,,,,,,,
213,1644,4293510.0,13,constant,-3116,7887,3270,7027,5681,7100,6817,7432,7472,7796,7920,8129,8263,,,,,,,,,,,,,,,,,,,,,,,,
214,1646,4298730.0,2,constant,228,8546,,,,,,,,,,,,,,,,,,,,,,,,,,,,,,,,,,,
215,1659,4332660.0,13,constant,-3116,7887,3270,7027,5681,7100,6817,7432,7472,7796,7920,8129,8263,,,,,,,,,,,,,,,,,,,,,,,,
216,1661,4337880.0,2,constant,228,8546,,,,,,,,,,,,,,,,,,,,,,,,,,,,,,,,,,,
217,1674,4371810.0,13,constant,-3116,7887,3270,7027,5681,7100,6817,7432,7472,7796,7920,8129,8263,,,,,,,,,,,,,,,,,,,,,,,,
218,1676,4377030.0,2,constant,228,8546,,,,,,,,,,,,,,,,,,,,,,,,,,,,,,,,,,,
219,1689,4410960.0,13,constant,-3116,7887,3270,7027,5681,7100,6817,7432,7472,7796,7920,8129,8263,,,,,,,,,,,,,,,,,,,,,,,,
220,1691,4416180.0,2,constant,228,8546,,,,,,,,,,,,,,,,,,,,,,,,,,,,,,,,,,,
221,1704,4450110.0,13,constant,-3116,7887,3270,7027,5681,7100,6817,7432,7472,7796,7920,8129,8263,,,,,,,,,,,,,,,,,,,,,,,,
222,1706,4455330.0,2,constant,228,8546,,,,,,,,,,,,,,,,,,,,,,,,,,,,,,,,,,,
223,1719,4489260.0,13,constant,-3116,7887,3270,7027,5681,7100,6817,7432,7472,7796,7920,8129,8263,,,,,,,,,,,,,,,,,,,,,,,,
224,1721,4494480.0,2,constant,228,8546,,,,,,,,,,,,,,,,,,,,,,,,,,,,,,,,,,,
225,1734,4528410.0,13,constant,-3116,7887,3270,7027,5681,7100,6817,7432,7472,7796,7920,8129,8263,,,,,,,,,,,,,,,,,,,,,,,,
226,1736,4533630.0,2,constant,228,8546,,,,,,,,,,,,,,,,,,,,,,,,,,,,,,,,,,,
227,1749,4567560.0,13,constant,-3116,7887,3270,7027,5681,7100,6817,7432,7472,7796,7920,8129,8263,,,,,,,,,,,,,,,,,,,,,,,,
228,1751,4572780.0,2,constant,228,8546,,,,,,,,,,,,,,,,,,,,,,,,,,,,,,,,,,,
229,1764,4606710.0,13,constant,-3116,7887,3270,7027,5681,7100,6817,7432,7472,7796,7920,8129,8263,,,,,,,,,,,,,,,,,,,,,,,,
230,1766,4611930.0,2,constant,228,8546,,,,,,,,,,,,,,,,,,,,,,,,,,,,,,,,,,,
231,1779,4645860.0,13,constant,-3116,7887,3270,7027,5681,7100,6817,7432,7472,7796,7920,8129,8263,,,,,,,,,,,,,,,,,,,,,,,,
232,1781,4651080.0,2,constant,228,8546,,,,,,,,,,,,,,,,,,,,,,,,,,,,,,,,,,,
233,1794,4685010.0,13,constant,-3116,7887,3270,7027,5681,7100,6817,7432,7472,7796,7920,8129,8263,,,,,,,,,,,,,,,,,,,,,,,,
234,1796,4690230.0,2,constant,228,8546,,,,,,,,,,,,,,,,,,,,,,,,,,,,,,,,,,,
235,1809,4724160.0,13,constant,-3116,7887,3270,7027,5681,7100,6817,7432,7472,7796,7920,8129,8263,,,,,,,,,,,,,,,,,,,,,,,,
236,1811,4729380.0,2,constant,228,8546,,,,,,,,,,,,,,,,,,,,,,,,,,,,,,,,,,,
237,1824,4763310.0,13,constant,-3116,7887,3270,7027,5681,7100,6817,7432,7472,7796,7920,8129,8263,,,,,,,,,,,,,,,,,,,,,,,,
238,1826,4768530.0,2,constant,228,8546,,,,,,,,,,,,,,,,,,,,,,,,,,,,,,,,,,,
239,1839,4802460.0,13,constant,-3116,7887,3270,7027,5681,7100,6817,7432,7472,7796,7920,8129,8263,,,,,,,,,,,,,,,,,,,,,,,,
240,1841,4807680.0,2,constant,228,8546,,,,,,,,,,,,,,,,,,,,,,,,,,,,,,,,,,,
241,1854,4841610.0,13,constant,-3116,7887,3270,7027,5681,7100,6817,7432,7472,7796,7920,8129,8263,,,,,,,,,,,,,,,,,,,,,,,,
242,1856,4846830.0,2,constant,228,8546,,,,,,,,,,,,,,,,,,,,,,,,,,,,,,,,,,,
243,1869,4880760.0,13,constant,-3116,7887,3270,7027,5681,7100,6817,7432,7472,7796,7920,8129,8263,,,,,,,,,,,,,,,,,,,,,,,,
244,1871,4885980.0,2,constant,228,8546,,,,,,,,,,,,,,,,,,,,,,,,,,,,,,,,,,,
245,1884,4919910.0,13,constant,-3116,7887,3270,7027,5681,7100,6817,7432,7472,7796,7920,8129,8263,,,,,,,,,,,,,,,,,,,,,,,,
246,1886,4925130.0,2,constant,228,8546,,,,,,,,,,,,,,,,,,,,,,,,,,,,,,,,,,,
247,1899,4959060.0,13,constant,-3116,7887,3270,7027,5681,7100,6817,7432,7472,7796,7920,8129,8263,,,,,,,,,,,,,,,,,,,,,,,,
248,1901,4964280.0,2,constant,228,8546,,,,,,,,,,,,,,,,,,,,,,,,,,,,,,,,,,,
249,1914,4998210.0,13,constant,-3116,7887,3270,7027,5681,7100,6817,7432,7472,7796,7920,8129,8263,,,,,,,,,,,,,,,,,,,,,,,,
250,1916,5003430.0,2,constant,228,8546,,,,,,,,,,,,,,,,,,,,,,,,,,,,,,,,,,,
251,1929,5037360.0,13,constant,-3116,7887,3270,7027,5681,7100,6817,7432,7472,7796,7920,8129,8263,,,,,,,,,,,,,,,,,,,,,,,,
252,1931,5042580.0,2,constant,228,8546,,,,,,,,,,,,,,,,,,,,,,,,,,,,,,,,,,,
253,1944,5076510.0,13,constant,-3116,7887,3270,7027,5681,7100,6817,7432,7472,7796,7920,8129,8263,,,,,,,,,,,,,,,,,,,,,,,,
254,1946,5081730.0,2,constant,228,8546,,,,,,,,,,,,,,,,,,,,,,,,,,,,,,,,,,,
255,1959,5115660.0,13,constant,-3116,7887,3270,7027,5681,7100,6817,7432,7472,7796,7920,8129,8263,,,,,,,,,,,,,,,,,,,,,,,,
256,1961,5120880.0,2,constant,228,8546,,,,,,,,,,,,,,,,,,,,,,,,,,,,,,,,,,,
257,1974,5154810.0,13,constant,-3116,7887,3270,7027,5681,7100,6817,7432,7472,7796,7920,8129,8263,,,,,,,,,,,,,,,,,,,,,,,,
258,1976,5160030.0,2,constant,228,8546,,,,,,,,,,,,,,,,,,,,,,,,,,,,,,,,,,,
259,1989,5193960.0,13,constant,-3116,7887,3270,7027,5681,7100,6817,7432,7472,7796,7920,8129,8263,,,,,,,,,,,,,,,,,,,,,,,,
260,1991,5199180.0,2,constant,228,8546,,,,,,,,,,,,,,,,,,,,,,,,,,,,,,,,,,,
261,2004,5233110.0,13,constant,-3116,7887,3270,7027,5681,7100,6817,7432,7472,7796,7920,8129,8263,,,,,,,,,,,,,,,,,,,,,,,,
262,2006,5238330.0,2,constant,228,8546,,,,,,,,,,,,,,,,,,,,,,,,,,,,,,,,,,,
263,2019,5272260.0,13,constant,-3116,7887,3270,7027,5681,7100,6817,7432,7472,7796,7920,8129,8263,,,,,,,,,,,,,,,,,,,,,,,,
264,2021,5277480.0,2,constant,228,8546,,,,,,,,,,,,,,,,,,,,,,,,,,,,,,,,,,,
265,2034,5311410.0,13,constant,-3116,7887,3270,7027,5681,7100,6817,7432,7472,7796,7920,8129,8263,,,,,,,,,,,,,,,,,,,,,,,,
266,2036,5316630.0,2,constant,228,8546,,,,,,,,,,,,,,,,,,,,,,,,,,,,,,,,,,,
267,2049,5350560.0,13,constant,-3116,7887,3270,7027,5681,7100,6817,7432,7472,7796,7920,8129,8263,,,,,,,,,,,,,,,,,,,,,,,,
268,2051,5355780.0,2,constant,228,8546,,,,,,,,,,,,,,,,,,,,,,,,,,,,,,,,,,,
269,2064,5389710.0,13,constant,-3116,7887,3270,7027,5681,7100,6817,7432,7472,7796,7920,8129,8263,,,,,,,,,,,,,,,,,,,,,,,,
270,2066,5394930.0,2,constant,228,8546,,,,,,,,,,,,,,,,,,,,,,,,,,,,,,,,,,,
271,2079,5428860.0,13,constant,-3116,7887,3270,7027,5681,7100,6817,7432,7472,7796,7920,8129,8263,,,,,,,,,,,,,,,,,,,,,,,,
272,2081,5434080.0,2,constant,228,8546,,,,,,,,,,,,,,,,,,,,,,,,,,,,,,,,,,,
273,2094,5468010.0,13,constant,-3116,7887,3270,7027,5681,7100,6817,7432,7472,7796,7920,8129,8263,,,,,,,,,,,,,,,,,,,,,,,,
274,2096,5473230.0,2,constant,228,8546,,,,,,,,,,,,,,,,,,,,,,,,,,,,,,,,,,,
275,2109,5507160.0,13,constant,-3116,7887,3270,7027,5681,7100,6817,7432,7472,7796,7920,8129,8263,,,,,,,,,,,,,,,,,,,,,,,,
276,2111,5512380.0,2,constant,228,8546,,,,,,,,,,,,,,,,,,,,,,,,,,,,,,,,,,,
277,2124,5546310.0,13,constant,-3116,7887,3270,7027,5681,7100,6817,7432,7472,7796,7920,8129,8263,,,,,,,,,,,,,,,,,,,,,,,,
278,2126,5551530.0,2,constant,228,8546,,,,,,,,,,,,,,,,,,,,,,,,,,,,,,,,,,,
279,2139,5585460.0,13,constant,-3116,7887,3270,7027,5681,7100,6817,7432,7472,7796,7920,8129,8263,,,,,,,,,,,,,,,,,,,,,,,,
280,2141,5590680.0,2,constant,228,8546,,,,,,,,,,,,,,,,,,,,,,,,,,,,,,,,,,,
281,2154,5624610.0,13,constant,-3116,7887,3270,7027,5681,7100,6817,7432,7472,7796,7920,8129,8263,,,,,,,,,,,,,,,,,,,,,,,,
282,2156,5629830.0,2,constant,228,8546,,,,,,,,,,,,,,,,,,,,,,,,,,,,,,,,,,,
283,2169,5663760.0,13,constant,-3116,7887,3270,7027,5681,7100,6817,7432,7472,7796,7920,8129,8263,,,,,,,,,,,,,,,,,,,,,,,,
284,2171,5668980.0,2,constant,228,8546,,,,,,,,,,,,,,,,,,,,,,,,,,,,,,,,,,,
285,2184,5702910.0,13,constant,-3116,7887,3270,7027,5681,7100,6817,7432,7472,7796,7920,8129,8263,,,,,,,,,,,,,,,,,,,,,,,,
286,2186,5708130.0,2,constant,228,8546,,,,,,,,,,,,,,,,,,,,,,,,,,,,,,,,,,,
287,2199,5742060.0,13,constant,-3116,7887,3270,7027,5681,7100,6817,7432,7472,7796,7920,8129,8263,,,,,,,,,,,,,,,,,,,,,,,,
288,2201,5747280.0,2,constant,228,8546,,,,,,,,,,,,,,,,,,,,,,,,,,,,,,,,,,,
289,2214,5781210.0,13,constant,-3116,7887,3270,7027,5681,7100,6817,7432,7472,7796,7920,8129,8263,,,,,,,,,,,,,,,,,,,,,,,,
290,2216,5786430.0,2,constant,228,8546,,,,,,,,,,,,,,,,,,,,,,,,,,,,,,,,,,,
291,2229,5820360.0,13,constant,-3116,7887,3270,7027,5681,7100,6817,7432,7472,7796,7920,8129,8263,,,,,,,,,,,,,,,,,,,,,,,,
292,2231,5825580.0,2,constant,228,8546,,,,,,,,,,,,,,,,,,,,,,,,,,,,,,,,,,,
293,2244,5859510.0,13,constant,-3116,7887,3270,7027,5681,7100,6817,7432,7472,7796,7920,8129,8263,,,,,,,,,,,,,,,,,,,,,,,,
294,2246,5864730.0,2,constant,228,8546,,,,,,,,,,,,,,,,,,,,,,,,,,,,,,,,,,,
295,2259,5898660.0,13,constant,-3116,7887,3270,7027,5681,7100,6817,7432,7472,7796,7920,8129,8263,,,,,,,,,,,,,,,,,,,,,,,,
296,2261,5903880.0,2,constant,228,8546,,,,,,,,,,,,,,,,,,,,,,,,,,,,,,,,,,,
297,2274,5937810.0,13,constant,-3116,7887,3270,7027,5681,7100,6817,7432,7472,7796,7920,8129,8263,,,,,,,,,,,,,,,,,,,,,,,,
298,2276,5943030.0,2,constant,228,8546,,,,,,,,,,,,,,,,,,,,,,,,,,,,,,,,,,,
299,2289,5976960.0,13,constant,-3116,7887,3270,7027,5681,7100,6817,7432,7472,7796,7920,8129,8263,,,,,,,,,,,,,,,,,,,,,,,,
300,2291,5982180.0,2,constant,228,8546,,,,,,,,,,,,,,,,,,,,,,,,,,,,,,,,,,,
301,2304,6016110.0,13,constant,-3116,7887,3270,7027,5681,7100,6817,7432,7472,7796,7920,8129,8263,,,,,,,,,,,,,,,,,,,,,,,,
302,2306,6021330.0,2,constant,228,8546,,,,,,,,,,,,,,,,,,,,,,,,,,,,,,,,,,,
303,2319,6055260.0,13,constant,-3116,7887,3270,7027,5681,7100,6817,7432,7472,7796,7920,8129,8263,,,,,,,,,,,,,,,,,,,,,,,,
304,2321,6060480.0,2,constant,228,8546,,,,,,,,,,,,,,,,,,,,,,,,,,,,,,,,,,,
305,2334,6094410.0,13,constant,-3116,7887,3270,7027,5681,7100,6817,7432,7472,7796,7920,8129,8263,,,,,,,,,,,,,,,,,,,,,,,,
306,2336,6099630.0,2,constant,228,8546,,,,,,,,,,,,,,,,,,,,,,,,,,,,,,,,,,,
307,2349,6133560.0,13,constant,-3116,7887,3270,7027,5681,7100,6817,7432,7472,7796,7920,8129,8263,,,,,,,,,,,,,,,,,,,,,,,,
308,2351,6138780.0,2,constant,228,8546,,,,,,,,,,,,,,,,,,,,,,,,,,,,,,,,,,,
309,2364,6172710.0,13,constant,-3116,7887,3270,7027,5681,7100,6817,7432,7472,7796,7920,8129,8263,,,,,,,,,,,,,,,,,,,,,,,,
310,2366,6177930.0,2,constant,228,8546,,,,,,,,,,,,,,,,,,,,,,,,,,,,,,,,,,,
311,2379,6211860.0,13,constant,-3116,7887,3270,7027,5681,7100,6817,7432,7472,7796,7920,8129,8263,,,,,,,,,,,,,,,,,,,,,,,,
312,2381,6217080.0,2,constant,228,8546,,,,,,,,,,,,,,,,,,,,,,,,,,,,,,,,,,,
313,2394,6251010.0,13,constant,-3116,7887,3270,7027,5681,7100,6817,7432,7472,7796,7920,8129,8263,,,,,,,,,,,,,,,,,,,,,,,,
314,2396,6256230.0,2,constant,228,8546,,,,,,,,,,,,,,,,,,,,,,,,,,,,,,,,,,,
315,2409,6290160.0,13,constant,-3116,7887,3270,7027,5681,7100,6817,7432,7472,7796,7920,8129,8263,,,,,,,,,,,,,,,,,,,,,,,,
316,2411,6295380.0,2,constant,228,8546,,,,,,,,,,,,,,,,,,,,,,,,,,,,,,,,,,,
317,2424,6329310.0,13,constant,-3116,7887,3270,7027,5681,7100,6817,7432,7472,7796,7920,8129,8263,,,,,,,,,,,,,,,,,,,,,,,,
318,2426,6334530.0,2,constant,228,8546,,,,,,,,,,,,,,,,,,,,,,,,,,,,,,,,,,,
319,2439,6368460.0,13,constant,-3116,7887,3270,7027,5681,7100,6817,7432,7472,7796,7920,8129,8263,,,,,,,,,,,,,,,,,,,,,,,,
320,2441,6373680.0,2,constant,228,8546,,,,,,,,,,,,,,,,,,,,,,,,,,,,,,,,,,,
321,2454,6407610.0,13,constant,-3116,7887,3270,7027,5681,7100,6817,7432,7472,7796,7920,8129,8263,,,,,,,,,,,,,,,,,,,,,,,,
322,2456,6412830.0,2,constant,228,8546,,,,,,,,,,,,,,,,,,,,,,,,,,,,,,,,,,,
323,2469,6446760.0,13,constant,-3116,7887,3270,7027,5681,7100,6817,7432,7472,7796,7920,8129,8263,,,,,,,,,,,,,,,,,,,,,,,,
324,2471,6451980.0,2,constant,228,8546,,,,,,,,,,,,,,,,,,,,,,,,,,,,,,,,,,,
325,2484,6485910.0,13,constant,-3116,7887,3270,7027,5681,7100,6817,7432,7472,7796,7920,8129,8263,,,,,,,,,,,,,,,,,,,,,,,,
326,2486,6491130.0,2,constant,228,8546,,,,,,,,,,,,,,,,,,,,,,,,,,,,,,,,,,,
327,2499,6525060.0,13,constant,-3116,7887,3270,7027,5681,7100,6817,7432,7472,7796,7920,8129,8263,,,,,,,,,,,,,,,,,,,,,,,,
328,2501,6530280.0,2,constant,228,8546,,,,,,,,,,,,,,,,,,,,,,,,,,,,,,,,,,,
329,2514,6564210.0,13,constant,-3116,7887,3270,7027,5681,7100,6817,7432,7472,7796,7920,8129,8263,,,,,,,,,,,,,,,,,,,,,,,,
330,2516,6569430.0,2,constant,228,8546,,,,,,,,,,,,,,,,,,,,,,,,,,,,,,,,,,,
331,2529,6603360.0,13,constant,-3116,7887,3270,7027,5681,7100,6817,7432,7472,7796,7920,8129,8263,,,,,,,,,,,,,,,,,,,,,,,,
332,2531,6608580.0,2,constant,228,8546,,,,,,,,,,,,,,,,,,,,,,,,,,,,,,,,,,,
333,2544,6642510.0,13,constant,-3116,7887,3270,7027,5681,7100,6817,7432,7472,7796,7920,8129,8263,,,,,,,,,,,,,,,,,,,,,,,,
334,2546,6647730.0,2,constant,228,8546,,,,,,,,,,,,,,,,,,,,,,,,,,,,,,,,,,,
335,2559,6681660.0,13,constant,-3116,7887,3270,7027,5681,7100,6817,7432,7472,7796,7920,8129,8263,,,,,,,,,,,,,,,,,,,,,,,,
336,2561,6686880.0,2,constant,228,8546,,,,,,,,,,,,,,,,,,,,,,,,,,,,,,,,,,,
337,2574,6720810.0,13,constant,-3116,7887,3270,7027,5681,7100,6817,7432,7472,7796,7920,8129,8263,,,,,,,,,,,,,,,,,,,,,,,,
338,2576,6726030.0,2,constant,228,8546,,,,,,,,,,,,,,,,,,,,,,,,,,,,,,,,,,,
339,2589,6759960.0,13,constant,-3116,7887,3270,7027,5681,7100,6817,7432,7472,7796,7920,8129,8263,,,,,,,,,,,,,,,,,,,,,,,,
340,2591,6765180.0,2,constant,228,8546,,,,,,,,,,,,,,,,,,,,,,,,,,,,,,,,,,,
341,2604,6799110.0,13,constant,-3116,7887,3270,7027,5681,7100,6817,7432,7472,7796,7920,8129,8263,,,,,,,,,,,,,,,,,,,,,,,,
342,2606,6804330.0,2,constant,228,8546,,,,,,,,,,,,,,,,,,,,,,,,,,,,,,,,,,,
343,2619,6838260.0,13,constant,-3116,7887,3270,7027,5681,7100,6817,7432,7472,7796,7920,8129,8263,,,,,,,,,,,,,,,,,,,,,,,,
344,2621,6843480.0,2,constant,228,8546,,,,,,,,,,,,,,,,,,,,,,,,,,,,,,,,,,,
345,2634,6877410.0,13,constant,-3116,7887,3270,7027,5681,7100,6817,7432,7472,7796,7920,8129,8263,,,,,,,,,,,,,,,,,,,,,,,,
346,2636,6882630.0,2,constant,228,8546,,,,,,,,,,,,,,,,,,,,,,,,,,,,,,,,,,,
347,2649,6916560.0,13,constant,-3116,7887,3270,7027,5681,7100,6817,7432,7472,7796,7920,8129,8263,,,,,,,,,,,,,,,,,,,,,,,,
348,2651,6921780.0,2,constant,228,8546,,,,,,,,,,,,,,,,,,,,,,,,,,,,,,,,,,,
349,2664,6955710.0,13,constant,-3116,7887,3270,7027,5681,7100,6817,7432,7472,7796,7920,8129,8263,,,,,,,,,,,,,,,,,,,,,,,,
350,2666,6960930.0,2,constant,228,8546,,,,,,,,,,,,,,,,,,,,,,,,,,,,,,,,,,,
351,2679,6994860.0,13,constant,-3116,7887,3270,7027,5681,7100,6817,7432,7472,7796,7920,8129,8263,,,,,,,,,,,,,,,,,,,,,,,,
352,2681,7000080.0,2,constant,228,8546,,,,,,,,,,,,,,,,,,,,,,,,,,,,,,,,,,,
353,2694,7034010.0,13,constant,-3116,7887,3270,7027,5681,7100,6817,7432,7472,7796,7920,8129,8263,,,,,,,,,,,,,,,,,,,,,,,,
354,2696,7039230.0,2,constant,228,8546,,,,,,,,,,,,,,,,,,,,,,,,,,,,,,,,,,,
355,2709,7073160.0,13,constant,-3116,7887,3270,7027,5681,7100,6817,7432,7472,7796,7920,8129,8263,,,,,,,,,,,,,,,,,,,,,,,,
356,2711,7078380.0,2,constant,228,8546,,,,,,,,,,,,,,,,,,,,,,,,,,,,,,,,,,,
357,2724,7112310.0,13,constant,-3116,7887,3270,7027,5681,7100,6817,7432,7472,7796,7920,8129,8263,,,,,,,,,,,,,,,,,,,,,,,,
358,2726,7117530.0,2,constant,228,8546,,,,,,,,,,,,,,,,,,,,,,,,,,,,,,,,,,,
359,2739,7151460.0,13,constant,-3116,7887,3270,7027,5681,7100,6817,7432,7472,7796,7920,8129,8263,,,,,,,,,,,,,,,,,,,,,,,,
360,2741,7156680.0,2,constant,228,8546,,,,,,,,,,,,,,,,,,,,,,,,,,,,,,,,,,,
361,2754,7190610.0,13,constant,-3116,7887,3270,7027,5681,7100,6817,7432,7472,7796,7920,8129,8263,,,,,,,,,,,,,,,,,,,,,,,,
362,2756,7195830.0,2,constant,228,8546,,,,,,,,,,,,,,,,,,,,,,,,,,,,,,,,,,,
363,2769,7229760.0,13,constant,-3116,7887,3270,7027,5681,7100,6817,7432,7472,7796,7920,8129,8263,,,,,,,,,,,,,,,,,,,,,,,,
364,2771,7234980.0,2,constant,228,8546,,,,,,,,,,,,,,,,,,,,,,,,,,,,,,,,,,,
365,2784,7268910.0,13,constant,-3116,7887,3270,7027,5681,7100,6817,7432,7472,7796,7920,8129,8263,,,,,,,,,,,,,,,,,,,,,,,,
366,2786,7274130.0,2,constant,228,8546,,,,,,,,,,,,,,,,,,,,,,,,,,,,,,,,,,,
367,2799,7308060.0,13,constant,-3116,7887,3270,7027,5681,7100,6817,7432,7472,7796,7920,8129,8263,,,,,,,,,,,,,,,,,,,,,,,,
368,2801,7313280.0,2,constant,228,8546,,,,,,,,,,,,,,,,,,,,,,,,,,,,,,,,,,,
369,2814,7347210.0,13,constant,-3116,7887,3270,7027,5681,7100,6817,7432,7472,7796,7920,8129,8263,,,,,,,,,,,,,,,,,,,,,,,,
370,2816,7352430.0,2,constant,228,8546,,,,,,,,,,,,,,,,,,,,,,,,,,,,,,,,,,,
371,2829,7386360.0,13,constant,-3116,7887,3270,7027,5681,7100,6817,7432,7472,7796,7920,8129,8263,,,,,,,,,,,,,,,,,,,,,,,,
372,2831,7391580.0,2,constant,228,8546,,,,,,,,,,,,,,,,,,,,,,,,,,,,,,,,,,,
373,2844,7425510.0,13,constant,-3116,7887,3270,7027,5681,7100,6817,7432,7472,7796,7920,8129,8263,,,,,,,,,,,,,,,,,,,,,,,,
374,2846,7430730.0,2,constant,228,8546,,,,,,,,,,,,,,,,,,,,,,,,,,,,,,,,,,,
375,2859,7464660.0,13,constant,-3116,7887,3270,7027,5681,7100,6817,7432,7472,7796,7920,8129,8263,,,,,,,,,,,,,,,,,,,,,,,,
376,2861,7469880.0,2,constant,228,8546,,,,,,,,,,,,,,,,,,,,,,,,,,,,,,,,,,,
377,2874,7503810.0,13,constant,-3116,7887,3270,7027,5681,7100,6817,7432,7472,7796,7920,8129,8263,,,,,,,,,,,,,,,,,,,,,,,,
378,2876,7509030.0,2,constant,228,8546,,,,,,,,,,,,,,,,,,,,,,,,,,,,,,,,,,,
379,2889,7542960.0,13,constant,-3116,7887,3270,7027,5681,7100,6817,7432,7472,7796,7920,8129,8263,,,,,,,,,,,,,,,,,,,,,,,,
380,2891,7548180.0,2,constant,228,8546,,,,,,,,,,,,,,,,,,,,,,,,,,,,,,,,,,,
381,2904,7582110.0,13,constant,-3116,7887,3270,7027,5681,7100,6817,7432,7472,7796,7920,8129,8263,,,,,,,,,,,,,,,,,,,,,,,,
382,2906,7587330.0,2,constant,228,8546,,,,,,,,,,,,,,,,,,,,,,,,,,,,,,,,,,,
383,2919,7621260.0,13,constant,-3116,7887,3270,7027,5681,7100,6817,7432,7472,7796,7920,8129,8263,,,,,,,,,,,,,,,,,,,,,,,,
384,2921,7626480.0,2,constant,228,8546,,,,,,,,,,,,,,,,,,,,,,,,,,,,,,,,,,,
385,2934,7660410.0,13,constant,-3116,7887,3270,7027,5681,7100,6817,7432,7472,7796,7920,8129,8263,,,,,,,,,,,,,,,,,,,,,,,,
386,2936,7665630.0,2,constant,228,8546,,,,,,,,,,,,,,,,,,,,,,,,,,,,,,,,,,,
387,2949,7699560.0,13,constant,-3116,7887,3270,7027,5681,7100,6817,7432,7472,7796,7920,8129,8263,,,,,,,,,,,,,,,,,,,,,,,,
388,2951,7704780.0,2,constant,228,8546,,,,,,,,,,,,,,,,,,,,,,,,,,,,,,,,,,,
389,2964,7738710.0,13,constant,-3116,7887,3270,7027,5681,7100,6817,7432,7472,7796,7920,8129,8263,,,,,,,,,,,,,,,,,,,,,,,,
390,2966,7743930.0,2,constant,228,8546,,,,,,,,,,,,,,,,,,,,,,,,,,,,,,,,,,,
391,2979,7777860.0,13,constant,-3116,7887,3270,7027,5681,7100,6817,7432,7472,7796,7920,8129,8263,,,,,,,,,,,,,,,,,,,,,,,,
392,2981,7783080.0,2,constant,228,8546,,,,,,,,,,,,,,,,,,,,,,,,,,,,,,,,,,,
393,2994,7817010.0,13,constant,-3116,7887,3270,7027,5681,7100,6817,7432,7472,7796,7920,8129,8263,,,,,,,,,,,,,,,,,,,,,,,,
394,2996,7822230.0,2,constant,228,8546,,,,,,,,,,,,,,,,,,,,,,,,,,,,,,,,,,,
