cycle_num,spike_step,cycle_length,membrane_potential_1,membrane_potential_2,membrane_potential_3,membrane_potential_4,membrane_potential_5,membrane_potential_6,membrane_potential_7,membrane_potential_8,membrane_potential_9,membrane_potential_10,membrane_potential_11,membrane_potential_12,membrane_potential_13,membrane_potential_14,membrane_potential_15,membrane_potential_16,membrane_potential_17,membrane_potential_18,membrane_potential_19,membrane_potential_20,membrane_potential_21,membrane_potential_22,membrane_potential_23,membrane_potential_24,membrane_potential_25,membrane_potential_26,membrane_potential_27,membrane_potential_28,membrane_potential_29,membrane_potential_30,membrane_potential_31,membrane_potential_32,membrane_potential_33,membrane_potential_34,membrane_potential_35,membrane_potential_36,membrane_potential_37
1,36,37,2014,2014,2898,3119,3618,3881,4221,4470,4733,4956,5174,5371,5559,5734,5901,6057,6207,6348,6483,6611,6735,6853,6966,7075,7180,7281,7378,7472,7562,7650,7735,7817,7897,7974,8050,8123,8194
2,38,2,71,8330,,,,,,,,,,,,,,,,,,,,,,,,,,,,,,,,,,,
3,56,18,-3393,7560,2896,6612,5228,6615,6301,6892,6906,7210,7314,7505,7625,7767,7880,7997,8100,8200,,,,,,,,,,,,,,,,,,,
4,58,2,101,8383,,,,,,,,,,,,,,,,,,,,,,,,,,,,,,,,,,,
5,75,17,-3323,7649,2998,6728,5356,6753,6449,7046,7068,7378,7487,7684,7807,7953,8070,8189,8295,,,,,,,,,,,,,,,,,,,,
6,77,2,205,8492,,,,,,,,,,,,,,,,,,,,,,,,,,,,,,,,,,,
7,92,15,-3207,7769,3123,6857,5488,6888,6587,7187,7211,7522,7634,7831,7956,8103,8220,,,,,,,,,,,,,,,,,,,,,,
8,94,2,149,8446,,,,,,,,,,,,,,,,,,,,,,,,,,,,,,,,,,,
9,109,15,-3240,7745,3109,6850,5489,6896,6600,7206,7234,7551,7665,7867,7995,8146,8265,,,,,,,,,,,,,,,,,,,,,,
10,111,2,197,8496,,,,,,,,,,,,,,,,,,,,,,,,,,,,,,,,,,,
11,125,14,-3187,7800,3165,6909,5550,6957,6664,7269,7300,7616,7733,7935,8064,8215,,,,,,,,,,,,,,,,,,,,,,,
12,127,2,144,8459,,,,,,,,,,,,,,,,,,,,,,,,,,,,,,,,,,,
13,141,14,-3221,7774,3145,6894,5538,6952,6661,7272,7304,7625,7743,7949,8080,8233,,,,,,,,,,,,,,,,,,,,,,,
14,143,2,163,8481,,,,,,,,,,,,,,,,,,,,,,,,,,,,,,,,,,,
15,157,14,-3198,7800,3172,6922,5568,6982,6692,7303,7338,7658,7778,7984,8116,8269,,,,,,,,,,,,,,,,,,,,,,,
16,159,2,201,8519,,,,,,,,,,,,,,,,,,,,,,,,,,,,,,,,,,,
17,173,14,-3159,7838,3211,6962,5608,7022,6733,7346,7380,7702,7822,8028,8160,8313,,,,,,,,,,,,,,,,,,,,,,,
18,175,2,245,8563,,,,,,,,,,,,,,,,,,,,,,,,,,,,,,,,,,,
19,188,13,-3115,7883,3255,7007,5653,7067,6778,7390,7425,7746,7866,8073,8204,,,,,,,,,,,,,,,,,,,,,,,,
20,190,2,167,8482,,,,,,,,,,,,,,,,,,,,,,,,,,,,,,,,,,,
21,204,14,-3181,7820,3201,6957,5609,7028,6743,7359,7396,7721,7843,8052,8187,8343,,,,,,,,,,,,,,,,,,,,,,,
22,206,2,278,8597,,,,,,,,,,,,,,,,,,,,,,,,,,,,,,,,,,,
23,219,13,-3078,7921,3295,7048,5695,7112,6823,7437,7472,7794,7915,8121,8254,,,,,,,,,,,,,,,,,,,,,,,,
24,221,2,217,8534,,,,,,,,,,,,,,,,,,,,,,,,,,,,,,,,,,,
25,234,13,-3129,7873,3254,7011,5663,7083,6798,7415,7454,7778,7901,8110,8246,,,,,,,,,,,,,,,,,,,,,,,,
26,236,2,209,8528,,,,,,,,,,,,,,,,,,,,,,,,,,,,,,,,,,,
27,249,13,-3133,7871,3254,7012,5666,7086,6804,7420,7461,7786,7910,8120,8254,,,,,,,,,,,,,,,,,,,,,,,,
28,251,2,221,8538,,,,,,,,,,,,,,,,,,,,,,,,,,,,,,,,,,,
29,264,13,-3121,7881,3266,7023,5679,7098,6817,7432,7474,7798,7923,8132,8268,,,,,,,,,,,,,,,,,,,,,,,,
30,266,2,232,8550,,,,,,,,,,,,,,,,,,,,,,,,,,,,,,,,,,,
31,279,13,-3111,7892,3274,7032,5686,7105,6822,7439,7478,7803,7927,8136,8271,,,,,,,,,,,,,,,,,,,,,,,,
32,281,2,235,8553,,,,,,,,,,,,,,,,,,,,,,,,,,,,,,,,,,,
33,294,13,-3109,7894,3276,7034,5687,7107,6823,7440,7478,7803,7926,8135,8270,,,,,,,,,,,,,,,,,,,,,,,,
34,296,2,234,8552,,,,,,,,,,,,,,,,,,,,,,,,,,,,,,,,,,,
35,309,13,-3110,7894,3276,7033,5687,7106,6823,7439,7478,7803,7927,8136,8270,,,,,,,,,,,,,,,,,,,,,,,,
36,311,2,235,8552,,,,,,,,,,,,,,,,,,,,,,,,,,,,,,,,,,,
37,324,13,-3110,7893,3275,7032,5685,7105,6821,7438,7476,7802,7925,8135,8269,,,,,,,,,,,,,,,,,,,,,,,,
38,326,2,234,8552,,,,,,,,,,,,,,,,,,,,,,,,,,,,,,,,,,,
39,339,13,-3110,7893,3275,7032,5685,7104,6820,7436,7476,7800,7924,8133,8269,,,,,,,,,,,,,,,,,,,,,,,,
40,341,2,233,8551,,,,,,,,,,,,,,,,,,,,,,,,,,,,,,,,,,,
41,354,13,-3110,7893,3274,7032,5684,7103,6820,7434,7475,7798,7923,8132,8268,,,,,,,,,,,,,,,,,,,,,,,,
42,356,2,232,8550,,,,,,,,,,,,,,,,,,,,,,,,,,,,,,,,,,,
43,369,13,-3111,7892,3274,7031,5684,7103,6820,7435,7475,7798,7923,8131,8268,,,,,,,,,,,,,,,,,,,,,,,,
44,371,2,231,8550,,,,,,,,,,,,,,,,,,,,,,,,,,,,,,,,,,,
45,384,13,-3112,7892,3273,7031,5684,7103,6820,7435,7475,7798,7923,8131,8267,,,,,,,,,,,,,,,,,,,,,,,,
46,386,2,231,8550,,,,,,,,,,,,,,,,,,,,,,,,,,,,,,,,,,,
47,399,13,-3112,7892,3273,7031,5684,7103,6820,7435,7475,7798,7923,8131,8267,,,,,,,,,,,,,,,,,,,,,,,,
48,401,2,230,8550,,,,,,,,,,,,,,,,,,,,,,,,,,,,,,,,,,,
49,414,13,-3113,7891,3273,7030,5684,7102,6820,7434,7475,7798,7923,8131,8266,,,,,,,,,,,,,,,,,,,,,,,,
50,416,2,230,8549,,,,,,,,,,,,,,,,,,,,,,,,,,,,,,,,,,,
51,429,13,-3113,7890,3273,7029,5683,7102,6819,7434,7474,7798,7922,8131,8265,,,,,,,,,,,,,,,,,,,,,,,,
52,431,2,230,8548,,,,,,,,,,,,,,,,,,,,,,,,,,,,,,,,,,,
53,444,13,-3114,7890,3272,7029,5683,7101,6819,7433,7474,7797,7922,8130,8265,,,,,,,,,,,,,,,,,,,,,,,,
54,446,2,229,8548,,,,,,,,,,,,,,,,,,,,,,,,,,,,,,,,,,,
55,459,13,-3115,7890,3272,7029,5682,7101,6818,7433,7473,7797,7921,8130,8265,,,,,,,,,,,,,,,,,,,,,,,,
56,461,2,229,8547,,,,,,,,,,,,,,,,,,,,,,,,,,,,,,,,,,,
57,474,13,-3115,7888,3271,7028,5681,7101,6818,7433,7473,7797,7921,8130,8264,,,,,,,,,,,,,,,,,,,,,,,,
58,476,2,228,8547,,,,,,,,,,,,,,,,,,,,,,,,,,,,,,,,,,,
59,489,13,-3115,7888,3271,7028,5681,7101,6817,7433,7473,7796,7921,8129,8264,,,,,,,,,,,,,,,,,,,,,,,,
60,491,2,228,8546,,,,,,,,,,,,,,,,,,,,,,,,,,,,,,,,,,,
61,504,13,-3116,7888,3270,7028,5681,7101,6817,7433,7473,7796,7921,8129,8264,,,,,,,,,,,,,,,,,,,,,,,,
62,506,2,228,8546,,,,,,,,,,,,,,,,,,,,,,,,,,,,,,,,,,,
63,519,13,-3116,7887,3270,7028,5681,7101,6817,7433,7473,7796,7921,8129,8264,,,,,,,,,,,,,,,,,,,,,,,,
64,521,2,228,8546,,,,,,,,,,,,,,,,,,,,,,,,,,,,,,,,,,,
65,534,13,-3116,7887,3270,7028,5681,7101,6817,7433,7472,7796,7920,8129,8264,,,,,,,,,,,,,,,,,,,,,,,,
66,536,2,228,8546,,,,,,,,,,,,,,,,,,,,,,,,,,,,,,,,,,,
67,549,13,-3116,7887,3270,7028,5681,7101,6817,7432,7472,7796,7920,8129,8263,,,,,,,,,,,,,,,,,,,,,,,,
68,551,2,228,8546,,,,,,,,,,,,,,,,,,,,,,,,,,,,,,,,,,,
69,564,13,-3116,7887,3270,7027,5681,7100,6817,7432,7472,7796,7920,8129,8263,,,,,,,,,,,,,,,,,,,,,,,,
70,566,2,228,8546,,,,,,,,,,,,,,,,,,,,,,,,,,,,,,,,,,,
71,579,13,-3116,7887,3270,7027,5681,7100,6817,7432,7472,7796,7920,8129,8263,,,,,,,,,,,,,,,,,,,,,,,,
72,581,2,228,8546,,,,,,,,,,,,,,,,,,,,,,,,,,,,,,,,,,,
73,594,13,-3116,7887,3270,7027,5681,7100,6817,7432,7472,7796,7920,8129,8263,,,,,,,,,,,,,,,,,,,,,,,,
74,596,2,228,8546,,,,,,,,,,,,,,,,,,,,,,,,,,,,,,,,,,,
75,609,13,-3116,7887,3270,7027,5681,7100,6817,7432,7472,7796,7920,8129,8263,,,,,,,,,,,,,,,,,,,,,,,,
76,611,2,228,8546,,,,,,,,,,,,,,,,,,,,,,,,,,,,,,,,,,,
77,624,13,-3116,7887,3270,7027,5681,7100,6817,7432,7472,7796,7920,8129,8263,,,,,,,,,,,,,,,,,,,,,,,,
78,626,2,228,8546,,,,,,,,,,,,,,,,,,,,,,,,,,,,,,,,,,,
79,639,13,-3116,7887,3270,7027,5681,7100,6817,7432,7472,7796,7920,8129,8263,,,,,,,,,,,,,,,,,,,,,,,,
80,641,2,228,8546,,,,,,,,,,,,,,,,,,,,,,,,,,,,,,,,,,,
81,654,13,-3116,7887,3270,7027,5681,7100,6817,7432,7472,7796,7920,8129,8263,,,,,,,,,,,,,,,,,,,,,,,,
82,656,2,228,8546,,,,,,,,,,,,,,,,,,,,,,,,,,,,,,,,,,,
83,669,13,-3116,7887,3270,7027,5681,7100,6817,7432,7472,7796,7920,8129,8263,,,,,,,,,,,,,,,,,,,,,,,,
84,671,2,228,8546,,,,,,,,,,,,,,,,,,,,,,,,,,,,,,,,,,,
85,684,13,-3116,7887,3270,7027,5681,7100,6817,7432,7472,7796,7920,8129,8263,,,,,,,,,,,,,,,,,,,,,,,,
86,686,2,228,8546,,,,,,,,,,,,,,,,,,,,,,,,,,,,,,,,,,,
87,699,13,-3116,7887,3270,7027,5681,7100,6817,7432,7472,7796,7920,8129,8263,,,,,,,,,,,,,,,,,,,,,,,,
88,701,2,228,8546,,,,,,,,,,,,,,,,,,,,,,,,,,,,,,,,,,,
89,714,13,-3116,7887,3270,7027,5681,7100,6817,7432,7472,7796,7920,8129,8263,,,,,,,,,,,,,,,,,,,,,,,,
90,716,2,228,8546,,,,,,,,,,,,,,,,,,,,,,,,,,,,,,,,,,,
91,729,13,-3116,7887,3270,7027,5681,7100,6817,7432,7472,7796,7920,8129,8263,,,,,,,,,,,,,,,,,,,,,,,,
92,731,2,228,8546,,,,,,,,,,,,,,,,,,,,,,,,,,,,,,,,,,,
93,744,13,-3116,7887,3270,7027,5681,7100,6817,7432,7472,7796,7920,8129,8263,,,,,,,,,,,,,,,,,,,,,,,,
94,746,2,228,8546,,,,,,,,,,,,,,,,,,,,,,,,,,,,,,,,,,,
95,759,13,-3116,7887,3270,7027,5681,7100,6817,7432,7472,7796,7920,8129,8263,,,,,,,,,,,,,,,,,,,,,,,,
96,761,2,228,8546,,,,,,,,,,,,,,,,,,,,,,,,,,,,,,,,,,,
97,774,13,-3116,7887,3270,7027,5681,7100,6817,7432,7472,7796,7920,8129,8263,,,,,,,,,,,,,,,,,,,,,,,,
98,776,2,228,8546,,,,,,,,,,,,,,,,,,,,,,,,,,,,,,,,,,,
99,789,13,-3116,7887,3270,7027,5681,7100,6817,7432,7472,7796,7920,8129,8263,,,,,,,,,,,,,,,,,,,,,,,,
100,791,2,228,8546,,,,,,,,,,,,,,,,,,,,,,,,,,,,,,,,,,,
101,804,13,-3116,7887,3270,7027,5681,7100,6817,7432,7472,7796,7920,8129,8263,,,,,,,,,,,,,,,,,,,,,,,,
102,806,2,228,8546,,,,,,,,,,,,,,,,,,,,,,,,,,,,,,,,,,,
103,819,13,-3116,7887,3270,7027,5681,7100,6817,7432,7472,7796,7920,8129,8263,,,,,,,,,,,,,,,,,,,,,,,,
104,821,2,228,8546,,,,,,,,,,,,,,,,,,,,,,,,,,,,,,,,,,,
105,834,13,-3116,7887,3270,7027,5681,7100,6817,7432,7472,7796,7920,8129,8263,,,,,,,,,,,,,,,,,,,,,,,,
106,836,2,228,8546,,,,,,,,,,,,,,,,,,,,,,,,,,,,,,,,,,,
107,849,13,-3116,7887,3270,7027,5681,7100,6817,7432,7472,7796,7920,8129,8263,,,,,,,,,,,,,,,,,,,,,,,,
108,851,2,228,8546,,,,,,,,,,,,,,,,,,,,,,,,,,,,,,,,,,,
109,864,13,-3116,7887,3270,7027,5681,7100,6817,7432,7472,7796,7920,8129,8263,,,,,,,,,,,,,,,,,,,,,,,,
110,866,2,228,8546,,,,,,,,,,,,,,,,,,,,,,,,,,,,,,,,,,,
111,879,13,-3116,7887,3270,7027,5681,7100,6817,7432,7472,7796,7920,8129,8263,,,,,,,,,,,,,,,,,,,,,,,,
112,881,2,228,8546,,,,,,,,,,,,,,,,,,,,,,,,,,,,,,,,,,,
113,894,13,-3116,7887,3270,7027,5681,7100,6817,7432,7472,7796,7920,8129,8263,,,,,,,,,,,,,,,,,,,,,,,,
114,896,2,228,8546,,,,,,,,,,,,,,,,,,,,,,,,,,,,,,,,,,,
115,909,13,-3116,7887,3270,7027,5681,7100,6817,7432,7472,7796,7920,8129,8263,,,,,,,,,,,,,,,,,,,,,,,,
116,911,2,228,8546,,,,,,,,,,,,,,,,,,,,,,,,,,,,,,,,,,,
117,924,13,-3116,7887,3270,7027,5681,7100,6817,7432,7472,7796,7920,8129,8263,,,,,,,,,,,,,,,,,,,,,,,,
118,926,2,228,8546,,,,,,,,,,,,,,,,,,,,,,,,,,,,,,,,,,,
119,939,13,-3116,7887,3270,7027,5681,7100,6817,7432,7472,7796,7920,8129,8263,,,,,,,,,,,,,,,,,,,,,,,,
120,941,2,228,8546,,,,,,,,,,,,,,,,,,,,,,,,,,,,,,,,,,,
121,954,13,-3116,7887,3270,7027,5681,7100,6817,7432,7472,7796,7920,8129,8263,,,,,,,,,,,,,,,,,,,,,,,,
122,956,2,228,8546,,,,,,,,,,,,,,,,,,,,,,,,,,,,,,,,,,,
123,969,13,-3116,7887,3270,7027,5681,7100,6817,7432,7472,7796,7920,8129,8263,,,,,,,,,,,,,,,,,,,,,,,,
124,971,2,228,8546,,,,,,,,,,,,,,,,,,,,,,,,,,,,,,,,,,,
125,984,13,-3116,7887,3270,7027,5681,7100,6817,7432,7472,7796,7920,8129,8263,,,,,,,,,,,,,,,,,,,,,,,,
126,986,2,228,8546,,,,,,,,,,,,,,,,,,,,,,,,,,,,,,,,,,,
127,999,13,-3116,7887,3270,7027,5681,7100,6817,7432,7472,7796,7920,8129,8263,,,,,,,,,,,,,,,,,,,,,,,,
128,1001,2,228,8546,,,,,,,,,,,,,,,,,,,,,,,,,,,,,,,,,,,
129,1014,13,-3116,7887,3270,7027,5681,7100,6817,7432,7472,7796,7920,8129,8263,,,,,,,,,,,,,,,,,,,,,,,,
130,1016,2,228,8546,,,,,,,,,,,,,,,,,,,,,,,,,,,,,,,,,,,
131,1029,13,-3116,7887,3270,7027,5681,7100,6817,7432,7472,7796,7920,8129,8263,,,,,,,,,,,,,,,,,,,,,,,,
132,1031,2,228,8546,,,,,,,,,,,,,,,,,,,,,,,,,,,,,,,,,,,
133,1044,13,-3116,7887,3270,7027,5681,7100,6817,7432,7472,7796,7920,8129,8263,,,,,,,,,,,,,,,,,,,,,,,,
134,1046,2,228,8546,,,,,,,,,,,,,,,,,,,,,,,,,,,,,,,,,,,
135,1059,13,-3116,7887,3270,7027,5681,7100,6817,7432,7472,7796,7920,8129,8263,,,,,,,,,,,,,,,,,,,,,,,,
136,1061,2,228,8546,,,,,,,,,,,,,,,,,,,,,,,,,,,,,,,,,,,
137,1074,13,-3116,7887,3270,7027,5681,7100,6817,7432,7472,7796,7920,8129,8263,,,,,,,,,,,,,,,,,,,,,,,,
138,1076,2,228,8546,,,,,,,,,,,,,,,,,,,,,,,,,,,,,,,,,,,
139,1089,13,-3116,7887,3270,7027,5681,7100,6817,7432,7472,7796,7920,8129,8263,,,,,,,,,,,,,,,,,,,,,,,,
140,1091,2,228,8546,,,,,,,,,,,,,,,,,,,,,,,,,,,,,,,,,,,
141,1104,13,-3116,7887,3270,7027,5681,7100,6817,7432,7472,7796,7920,8129,8263,,,,,,,,,,,,,,,,,,,,,,,,
142,1106,2,228,8546,,,,,,,,,,,,,,,,,,,,,,,,,,,,,,,,,,,
143,1119,13,-3116,7887,3270,7027,5681,7100,6817,7432,7472,7796,7920,8129,8263,,,,,,,,,,,,,,,,,,,,,,,,
144,1121,2,228,8546,,,,,,,,,,,,,,,,,,,,,,,,,,,,,,,,,,,
145,1134,13,-3116,7887,3270,7027,5681,7100,6817,7432,7472,7796,7920,8129,8263,,,,,,,,,,,,,,,,,,,,,,,,
146,1136,2,228,8546,,,,,,,,,,,,,,,,,,,,,,,,,,,,,,,,,,,
147,1149,13,-3116,7887,3270,7027,5681,7100,6817,7432,7472,7796,7920,8129,8263,,,,,,,,,,,,,,,,,,,,,,,,
148,1151,2,228,8546,,,,,,,,,,,,,,,,,,,,,,,,,,,,,,,,,,,
149,1164,13,-3116,7887,3270,7027,5681,7100,6817,7432,7472,7796,7920,8129,8263,,,,,,,,,,,,,,,,,,,,,,,,
150,1166,2,228,8546,,,,,,,,,,,,,,,,,,,,,,,,,,,,,,,,,,,
151,1179,13,-3116,7887,3270,7027,5681,7100,6817,7432,7472,7796,7920,8129,8263,,,,,,,,,,,,,,,,,,,,,,,,
152,1181,2,228,8546,,,,,,,,,,,,,,,,,,,,,,,,,,,,,,,,,,,
153,1194,13,-3116,7887,3270,7027,5681,7100,6817,7432,7472,7796,7920,8129,8263,,,,,,,,,,,,,,,,,,,,,,,,
154,1196,2,228,8546,,,,,,,,,,,,,,,,,,,,,,,,,,,,,,,,,,,
155,1209,13,-3116,7887,3270,7027,5681,7100,6817,7432,7472,7796,7920,8129,8263,,,,,,,,,,,,,,,,,,,,,,,,
156,1211,2,228,8546,,,,,,,,,,,,,,,,,,,,,,,,,,,,,,,,,,,
157,1224,13,-3116,7887,3270,7027,5681,7100,6817,7432,7472,7796,7920,8129,8263,,,,,,,,,,,,,,,,,,,,,,,,
158,1226,2,228,8546,,,,,,,,,,,,,,,,,,,,,,,,,,,,,,,,,,,
159,1239,13,-3116,7887,3270,7027,5681,7100,6817,7432,7472,7796,7920,8129,8263,,,,,,,,,,,,,,,,,,,,,,,,
160,1241,2,228,8546,,,,,,,,,,,,,,,,,,,,,,,,,,,,,,,,,,,
161,1254,13,-3116,7887,3270,7027,5681,7100,6817,7432,7472,7796,7920,8129,8263,,,,,,,,,,,,,,,,,,,,,,,,
162,1256,2,228,8546,,,,,,,,,,,,,,,,,,,,,,,,,,,,,,,,,,,
163,1269,13,-3116,7887,3270,7027,5681,7100,6817,7432,7472,7796,7920,8129,8263,,,,,,,,,,,,,,,,,,,,,,,,
164,1271,2,228,8546,,,,,,,,,,,,,,,,,,,,,,,,,,,,,,,,,,,
165,1284,13,-3116,7887,3270,7027,5681,7100,6817,7432,7472,7796,7920,8129,8263,,,,,,,,,,,,,,,,,,,,,,,,
166,1286,2,228,8546,,,,,,,,,,,,,,,,,,,,,,,,,,,,,,,,,,,
167,1299,13,-3116,7887,3270,7027,5681,7100,6817,7432,7472,7796,7920,8129,8263,,,,,,,,,,,,,,,,,,,,,,,,
168,1301,2,228,8546,,,,,,,,,,,,,,,,,,,,,,,,,,,,,,,,,,,
169,1314,13,-3116,7887,3270,7027,5681,7100,6817,7432,7472,7796,7920,8129,8263,,,,,,,,,,,,,,,,,,,,,,,,
170,1316,2,228,8546,,,,,,,,,,,,,,,,,,,,,,,,,,,,,,,,,,,
171,1329,13,-3116,7887,3270,7027,5681,7100,6817,7432,7472,7796,7920,8129,8263,,,,,,,,,,,,,,,,,,,,,,,,
172,1331,2,228,8546,,,,,,,,,,,,,,,,,,,,,,,,,,,,,,,,,,,
173,1344,13,-3116,7887,3270,7027,5681,7100,6817,7432,7472,7796,7920,8129,8263,,,,,,,,,,,,,,,,,,,,,,,,
174,1346,2,228,8546,,,,,,,,,,,,,,,,,,,,,,,,,,,,,,,,,,,
175,1359,13,-3116,7887,3270,7027,5681,7100,6817,7432,7472,7796,7920,8129,8263,,,,,,,,,,,,,,,,,,,,,,,,
176,1361,2,228,8546,,,,,,,,,,,,,,,,,,,,,,,,,,,,,,,,,,,
177,1374,13,-3116,7887,3270,7027,5681,7100,6817,7432,7472,7796,7920,8129,8263,,,,,,,,,,,,,,,,,,,,,,,,
178,1376,2,228,8546,,,,,,,,,,,,,,,,,,,,,,,,,,,,,,,,,,,
179,1389,13,-3116,7887,3270,7027,5681,7100,6817,7432,7472,7796,7920,8129,8263,,,,,,,,,,,,,,,,,,,,,,,,
180,1391,2,228,8546,,,,,,,,,,,,,,,,,,,,,,,,,,,,,,,,,,,
181,1404,13,-3116,7887,3270,7027,5681,7100,6817,7432,7472,7796,7920,8129,8263,,,,,,,,,,,,,,,,,,,,,,,,
182,1406,2,228,8546,,,,,,,,,,,,,,,,,,,,,,,,,,,,,,,,,,,
183,1419,13,-3116,7887,3270,7027,5681,7100,6817,7432,7472,7796,7920,8129,8263,,,,,,,,,,,,,,,,,,,,,,,,
184,1421,2,228,8546,,,,,,,,,,,,,,,,,,,,,,,,,,,,,,,,,,,
185,1434,13,-3116,7887,3270,7027,5681,7100,6817,7432,7472,7796,7920,8129,8263,,,,,,,,,,,,,,,,,,,,,,,,
186,1436,2,228,8546,,,,,,,,,,,,,,,,,,,,,,,,,,,,,,,,,,,
187,1449,13,-3116,7887,3270,7027,5681,7100,6817,7432,7472,7796,7920,8129,8263,,,,,,,,,,,,,,,,,,,,,,,,
188,1451,2,228,8546,,,,,,,,,,,,,,,,,,,,,,,,,,,,,,,,,,,
189,1464,13,-3116,7887,3270,7027,5681,7100,6817,7432,7472,7796,7920,8129,8263,,,,,,,,,,,,,,,,,,,,,,,,
190,1466,2,228,8546,,,,,,,,,,,,,,,,,,,,,,,,,,,,,,,,,,,
191,1479,13,-3116,7887,3270,7027,5681,7100,6817,7432,7472,7796,7920,8129,8263,,,,,,,,,,,,,,,,,,,,,,,,
192,1481,2,228,8546,,,,,,,,,,,,,,,,,,,,,,,,,,,,,,,,,,,
193,1494,13,-3116,7887,3270,7027,5681,7100,6817,7432,7472,7796,7920,8129,8263,,,,,,,,,,,,,,,,,,,,,,,,
194,1496,2,228,8546,,,,,,,,,,,,,,,,,,,,,,,,,,,,,,,,,,,
195,1509,13,-3116,7887,3270,7027,5681,7100,6817,7432,7472,7796,7920,8129,8263,,,,,,,,,,,,,,,,,,,,,,,,
196,1511,2,228,8546,,,,,,,,,,,,,,,,,,,,,,,,,,,,,,,,,,,
197,1524,13,-3116,7887,3270,7027,5681,7100,6817,7432,7472,7796,7920,8129,8263,,,,,,,,,,,,,,,,,,,,,,,,
198,1526,2,228,8546,,,,,,,,,,,,,,,,,,,,,,,,,,,,,,,,,,,
199,1539,13,-3116,7887,3270,7027,5681,7100,6817,7432,7472,7796,7920,8129,8263,,,,,,,,,,,,,,,,,,,,,,,,
200,1541,2,228,8546,,,,,,,,,,,,,,,,,,,,,,,,,,,,,,,,,,,
201,1554,13,-3116,7887,3270,7027,5681,7100,6817,7432,7472,7796,7920,8129,8263,,,,,,,,,,,,,,,,,,,,,,,,
202,1556,2,228,8546,,,,,,,,,,,,,,,,,,,,,,,,,,,,,,,,,,,
203,1569,13,-3116,7887,3270,7027,5681,7100,6817,7432,7472,7796,7920,8129,8263,,,,,,,,,,,,,,,,,,,,,,,,
204,1571,2,228,8546,,,,,,,,,,,,,,,,,,,,,,,,,,,,,,,,,,,
205,1584,13,-3116,7887,3270,7027,5681,7100,6817,7432,7472,7796,7920,8129,8263,,,,,,,,,,,,,,,,,,,,,,,,
206,1586,2,228,8546,,,,,,,,,,,,,,,,,,,,,,,,,,,,,,,,,,,
207,1599,13,-3116,7887,3270,7027,5681,7100,6817,7432,7472,7796,7920,8129,8263,,,,,,,,,,,,,,,,,,,,,,,,
208,1601,2,228,8546,,,,,,,,,,,,,,,,,,,,,,,,,,,,,,,,,,,
209,1614,13,-3116,7887,3270,7027,5681,7100,6817,7432,7472,7796,7920,8129,8263,,,,,,,,,,,,,,,,,,,,,,,,
210,1616,2,228,8546,,,,,,,,,,,,,,,,,,,,,,,,,,,,,,,,,,,
211,1629,13,-3116,7887,3270,7027,5681,7100,6817,7432,7472,7796,7920,8129,8263,,,,,,,,,,,,,,,,,,,,,,,,
212,1631,2,228,8546,,,,,,,,,,,,,,,,,,,,,,,,,,,,,,,,,,,
213,1644,13,-3116,7887,3270,7027,5681,7100,6817,7432,7472,7796,7920,8129,8263,,,,,,,,,,,,,,,,,,,,,,,,
214,1646,2,228,8546,,,,,,,,,,,,,,,,,,,,,,,,,,,,,,,,,,,
215,1659,13,-3116,7887,3270,7027,5681,7100,6817,7432,7472,7796,7920,8129,8263,,,,,,,,,,,,,,,,,,,,,,,,
216,1661,2,228,8546,,,,,,,,,,,,,,,,,,,,,,,,,,,,,,,,,,,
217,1674,13,-3116,7887,3270,7027,5681,7100,6817,7432,7472,7796,7920,8129,8263,,,,,,,,,,,,,,,,,,,,,,,,
218,1676,2,228,8546,,,,,,,,,,,,,,,,,,,,,,,,,,,,,,,,,,,
219,1689,13,-3116,7887,3270,7027,5681,7100,6817,7432,7472,7796,7920,8129,8263,,,,,,,,,,,,,,,,,,,,,,,,
220,1691,2,228,8546,,,,,,,,,,,,,,,,,,,,,,,,,,,,,,,,,,,
221,1704,13,-3116,7887,3270,7027,5681,7100,6817,7432,7472,7796,7920,8129,8263,,,,,,,,,,,,,,,,,,,,,,,,
222,1706,2,228,8546,,,,,,,,,,,,,,,,,,,,,,,,,,,,,,,,,,,
223,1719,13,-3116,7887,3270,7027,5681,7100,6817,7432,7472,7796,7920,8129,8263,,,,,,,,,,,,,,,,,,,,,,,,
224,1721,2,228,8546,,,,,,,,,,,,,,,,,,,,,,,,,,,,,,,,,,,
225,1734,13,-3116,7887,3270,7027,5681,7100,6817,7432,7472,7796,7920,8129,8263,,,,,,,,,,,,,,,,,,,,,,,,
226,1736,2,228,8546,,,,,,,,,,,,,,,,,,,,,,,,,,,,,,,,,,,
227,1749,13,-3116,7887,3270,7027,5681,7100,6817,7432,7472,7796,7920,8129,8263,,,,,,,,,,,,,,,,,,,,,,,,
228,1751,2,228,8546,,,,,,,,,,,,,,,,,,,,,,,,,,,,,,,,,,,
229,1764,13,-3116,7887,3270,7027,5681,7100,6817,7432,7472,7796,7920,8129,8263,,,,,,,,,,,,,,,,,,,,,,,,
230,1766,2,228,8546,,,,,,,,,,,,,,,,,,,,,,,,,,,,,,,,,,,
231,1779,13,-3116,7887,3270,7027,5681,7100,6817,7432,7472,7796,7920,8129,8263,,,,,,,,,,,,,,,,,,,,,,,,
232,1781,2,228,8546,,,,,,,,,,,,,,,,,,,,,,,,,,,,,,,,,,,
233,1794,13,-3116,7887,3270,7027,5681,7100,6817,7432,7472,7796,7920,8129,8263,,,,,,,,,,,,,,,,,,,,,,,,
234,1796,2,228,8546,,,,,,,,,,,,,,,,,,,,,,,,,,,,,,,,,,,
235,1809,13,-3116,7887,3270,7027,5681,7100,6817,7432,7472,7796,7920,8129,8263,,,,,,,,,,,,,,,,,,,,,,,,
236,1811,2,228,8546,,,,,,,,,,,,,,,,,,,,,,,,,,,,,,,,,,,
237,1824,13,-3116,7887,3270,7027,5681,7100,6817,7432,7472,7796,7920,8129,8263,,,,,,,,,,,,,,,,,,,,,,,,
238,1826,2,228,8546,,,,,,,,,,,,,,,,,,,,,,,,,,,,,,,,,,,
239,1839,13,-3116,7887,3270,7027,5681,7100,6817,7432,7472,7796,7920,8129,8263,,,,,,,,,,,,,,,,,,,,,,,,
240,1841,2,228,8546,,,,,,,,,,,,,,,,,,,,,,,,,,,,,,,,,,,
241,1854,13,-3116,7887,3270,7027,5681,7100,6817,7432,7472,7796,7920,8129,8263,,,,,,,,,,,,,,,,,,,,,,,,
242,1856,2,228,8546,,,,,,,,,,,,,,,,,,,,,,,,,,,,,,,,,,,
243,1869,13,-3116,7887,3270,7027,5681,7100,6817,7432,7472,7796,7920,8129,8263,,,,,,,,,,,,,,,,,,,,,,,,
244,1871,2,228,8546,,,,,,,,,,,,,,,,,,,,,,,,,,,,,,,,,,,
245,1884,13,-3116,7887,3270,7027,5681,7100,6817,7432,7472,7796,7920,8129,8263,,,,,,,,,,,,,,,,,,,,,,,,
246,1886,2,228,8546,,,,,,,,,,,,,,,,,,,,,,,,,,,,,,,,,,,
247,1899,13,-3116,7887,3270,7027,5681,7100,6817,7432,7472,7796,7920,8129,8263,,,,,,,,,,,,,,,,,,,,,,,,
248,1901,2,228,8546,,,,,,,,,,,,,,,,,,,,,,,,,,,,,,,,,,,
249,1914,13,-3116,7887,3270,7027,5681,7100,6817,7432,7472,7796,7920,8129,8263,,,,,,,,,,,,,,,,,,,,,,,,
250,1916,2,228,8546,,,,,,,,,,,,,,,,,,,,,,,,,,,,,,,,,,,
251,1929,13,-3116,7887,3270,7027,5681,7100,6817,7432,7472,7796,7920,8129,8263,,,,,,,,,,,,,,,,,,,,,,,,
252,1931,2,228,8546,,,,,,,,,,,,,,,,,,,,,,,,,,,,,,,,,,,
253,1944,13,-3116,7887,3270,7027,5681,7100,6817,7432,7472,7796,7920,8129,8263,,,,,,,,,,,,,,,,,,,,,,,,
254,1946,2,228,8546,,,,,,,,,,,,,,,,,,,,,,,,,,,,,,,,,,,
255,1959,13,-3116,7887,3270,7027,5681,7100,6817,7432,7472,7796,7920,8129,8263,,,,,,,,,,,,,,,,,,,,,,,,
256,1961,2,228,8546,,,,,,,,,,,,,,,,,,,,,,,,,,,,,,,,,,,
257,1974,13,-3116,7887,3270,7027,5681,7100,6817,7432,7472,7796,7920,8129,8263,,,,,,,,,,,,,,,,,,,,,,,,
258,1976,2,228,8546,,,,,,,,,,,,,,,,,,,,,,,,,,,,,,,,,,,
259,1989,13,-3116,7887,3270,7027,5681,7100,6817,7432,7472,7796,7920,8129,8263,,,,,,,,,,,,,,,,,,,,,,,,
260,1991,2,228,8546,,,,,,,,,,,,,,,,,,,,,,,,,,,,,,,,,,,
261,2004,13,-3116,7887,3270,7027,5681,7100,6817,7432,7472,7796,7920,8129,8263,,,,,,,,,,,,,,,,,,,,,,,,
262,2006,2,228,8546,,,,,,,,,,,,,,,,,,,,,,,,,,,,,,,,,,,
263,2019,13,-3116,7887,3270,7027,5681,7100,6817,7432,7472,7796,7920,8129,8263,,,,,,,,,,,,,,,,,,,,,,,,
264,2021,2,228,8546,,,,,,,,,,,,,,,,,,,,,,,,,,,,,,,,,,,
265,2034,13,-3116,7887,3270,7027,5681,7100,6817,7432,7472,7796,7920,8129,8263,,,,,,,,,,,,,,,,,,,,,,,,
266,2036,2,228,8546,,,,,,,,,,,,,,,,,,,,,,,,,,,,,,,,,,,
267,2049,13,-3116,7887,3270,7027,5681,7100,6817,7432,7472,7796,7920,8129,8263,,,,,,,,,,,,,,,,,,,,,,,,
268,2051,2,228,8546,,,,,,,,,,,,,,,,,,,,,,,,,,,,,,,,,,,
269,2064,13,-3116,7887,3270,7027,5681,7100,6817,7432,7472,7796,7920,8129,8263,,,,,,,,,,,,,,,,,,,,,,,,
270,2066,2,228,8546,,,,,,,,,,,,,,,,,,,,,,,,,,,,,,,,,,,
271,2079,13,-3116,7887,3270,7027,5681,7100,6817,7432,7472,7796,7920,8129,8263,,,,,,,,,,,,,,,,,,,,,,,,
272,2081,2,228,8546,,,,,,,,,,,,,,,,,,,,,,,,,,,,,,,,,,,
273,2094,13,-3116,7887,3270,7027,5681,7100,6817,7432,7472,7796,7920,8129,8263,,,,,,,,,,,,,,,,,,,,,,,,
274,2096,2,228,8546,,,,,,,,,,,,,,,,,,,,,,,,,,,,,,,,,,,
275,2109,13,-3116,7887,3270,7027,5681,7100,6817,7432,7472,7796,7920,8129,8263,,,,,,,,,,,,,,,,,,,,,,,,
276,2111,2,228,8546,,,,,,,,,,,,,,,,,,,,,,,,,,,,,,,,,,,
277,2124,13,-3116,7887,3270,7027,5681,7100,6817,7432,7472,7796,7920,8129,8263,,,,,,,,,,,,,,,,,,,,,,,,
278,2126,2,228,8546,,,,,,,,,,,,,,,,,,,,,,,,,,,,,,,,,,,
279,2139,13,-3116,7887,3270,7027,5681,7100,6817,7432,7472,7796,7920,8129,8263,,,,,,,,,,,,,,,,,,,,,,,,
280,2141,2,228,8546,,,,,,,,,,,,,,,,,,,,,,,,,,,,,,,,,,,
281,2154,13,-3116,7887,3270,7027,5681,7100,6817,7432,7472,7796,7920,8129,8263,,,,,,,,,,,,,,,,,,,,,,,,
282,2156,2,228,8546,,,,,,,,,,,,,,,,,,,,,,,,,,,,,,,,,,,
283,2169,13,-3116,7887,3270,7027,5681,7100,6817,7432,7472,7796,7920,8129,8263,,,,,,,,,,,,,,,,,,,,,,,,
284,2171,2,228,8546,,,,,,,,,,,,,,,,,,,,,,,,,,,,,,,,,,,
285,2184,13,-3116,7887,3270,7027,5681,7100,6817,7432,7472,7796,7920,8129,8263,,,,,,,,,,,,,,,,,,,,,,,,
286,2186,2,228,8546,,,,,,,,,,,,,,,,,,,,,,,,,,,,,,,,,,,
287,2199,13,-3116,7887,3270,7027,5681,7100,6817,7432,7472,7796,7920,8129,8263,,,,,,,,,,,,,,,,,,,,,,,,
288,2201,2,228,8546,,,,,,,,,,,,,,,,,,,,,,,,,,,,,,,,,,,
289,2214,13,-3116,7887,3270,7027,5681,7100,6817,7432,7472,7796,7920,8129,8263,,,,,,,,,,,,,,,,,,,,,,,,
290,2216,2,228,8546,,,,,,,,,,,,,,,,,,,,,,,,,,,,,,,,,,,
291,2229,13,-3116,7887,3270,7027,5681,7100,6817,7432,7472,7796,7920,8129,8263,,,,,,,,,,,,,,,,,,,,,,,,
292,2231,2,228,8546,,,,,,,,,,,,,,,,,,,,,,,,,,,,,,,,,,,
293,2244,13,-3116,7887,3270,7027,5681,7100,6817,7432,7472,7796,7920,8129,8263,,,,,,,,,,,,,,,,,,,,,,,,
294,2246,2,228,8546,,,,,,,,,,,,,,,,,,,,,,,,,,,,,,,,,,,
295,2259,13,-3116,7887,3270,7027,5681,7100,6817,7432,7472,7796,7920,8129,8263,,,,,,,,,,,,,,,,,,,,,,,,
296,2261,2,228,8546,,,,,,,,,,,,,,,,,,,,,,,,,,,,,,,,,,,
297,2274,13,-3116,7887,3270,7027,5681,7100,6817,7432,7472,7796,7920,8129,8263,,,,,,,,,,,,,,,,,,,,,,,,
298,2276,2,228,8546,,,,,,,,,,,,,,,,,,,,,,,,,,,,,,,,,,,
299,2289,13,-3116,7887,3270,7027,5681,7100,6817,7432,7472,7796,7920,8129,8263,,,,,,,,,,,,,,,,,,,,,,,,
300,2291,2,228,8546,,,,,,,,,,,,,,,,,,,,,,,,,,,,,,,,,,,
301,2304,13,-3116,7887,3270,7027,5681,7100,6817,7432,7472,7796,7920,8129,8263,,,,,,,,,,,,,,,,,,,,,,,,
302,2306,2,228,8546,,,,,,,,,,,,,,,,,,,,,,,,,,,,,,,,,,,
303,2319,13,-3116,7887,3270,7027,5681,7100,6817,7432,7472,7796,7920,8129,8263,,,,,,,,,,,,,,,,,,,,,,,,
304,2321,2,228,8546,,,,,,,,,,,,,,,,,,,,,,,,,,,,,,,,,,,
305,2334,13,-3116,7887,3270,7027,5681,7100,6817,7432,7472,7796,7920,8129,8263,,,,,,,,,,,,,,,,,,,,,,,,
306,2336,2,228,8546,,,,,,,,,,,,,,,,,,,,,,,,,,,,,,,,,,,
307,2349,13,-3116,7887,3270,7027,5681,7100,6817,7432,7472,7796,7920,8129,8263,,,,,,,,,,,,,,,,,,,,,,,,
308,2351,2,228,8546,,,,,,,,,,,,,,,,,,,,,,,,,,,,,,,,,,,
309,2364,13,-3116,7887,3270,7027,5681,7100,6817,7432,7472,7796,7920,8129,8263,,,,,,,,,,,,,,,,,,,,,,,,
310,2366,2,228,8546,,,,,,,,,,,,,,,,,,,,,,,,,,,,,,,,,,,
311,2379,13,-3116,7887,3270,7027,5681,7100,6817,7432,7472,7796,7920,8129,8263,,,,,,,,,,,,,,,,,,,,,,,,
312,2381,2,228,8546,,,,,,,,,,,,,,,,,,,,,,,,,,,,,,,,,,,
313,2394,13,-3116,7887,3270,7027,5681,7100,6817,7432,7472,7796,7920,8129,8263,,,,,,,,,,,,,,,,,,,,,,,,
314,2396,2,228,8546,,,,,,,,,,,,,,,,,,,,,,,,,,,,,,,,,,,
315,2409,13,-3116,7887,3270,7027,5681,7100,6817,7432,7472,7796,7920,8129,8263,,,,,,,,,,,,,,,,,,,,,,,,
316,2411,2,228,8546,,,,,,,,,,,,,,,,,,,,,,,,,,,,,,,,,,,
317,2424,13,-3116,7887,3270,7027,5681,7100,6817,7432,7472,7796,7920,8129,8263,,,,,,,,,,,,,,,,,,,,,,,,
318,2426,2,228,8546,,,,,,,,,,,,,,,,,,,,,,,,,,,,,,,,,,,
319,2439,13,-3116,7887,3270,7027,5681,7100,6817,7432,7472,7796,7920,8129,8263,,,,,,,,,,,,,,,,,,,,,,,,
320,2441,2,228,8546,,,,,,,,,,,,,,,,,,,,,,,,,,,,,,,,,,,
321,2454,13,-3116,7887,3270,7027,5681,7100,6817,7432,7472,7796,7920,8129,8263,,,,,,,,,,,,,,,,,,,,,,,,
322,2456,2,228,8546,,,,,,,,,,,,,,,,,,,,,,,,,,,,,,,,,,,
323,2469,13,-3116,7887,3270,7027,5681,7100,6817,7432,7472,7796,7920,8129,8263,,,,,,,,,,,,,,,,,,,,,,,,
324,2471,2,228,8546,,,,,,,,,,,,,,,,,,,,,,,,,,,,,,,,,,,
325,2484,13,-3116,7887,3270,7027,5681,7100,6817,7432,7472,7796,7920,8129,8263,,,,,,,,,,,,,,,,,,,,,,,,
326,2486,2,228,8546,,,,,,,,,,,,,,,,,,,,,,,,,,,,,,,,,,,
327,2499,13,-3116,7887,3270,7027,5681,7100,6817,7432,7472,7796,7920,8129,8263,,,,,,,,,,,,,,,,,,,,,,,,
328,2501,2,228,8546,,,,,,,,,,,,,,,,,,,,,,,,,,,,,,,,,,,
329,2514,13,-3116,7887,3270,7027,5681,7100,6817,7432,7472,7796,7920,8129,8263,,,,,,,,,,,,,,,,,,,,,,,,
330,2516,2,228,8546,,,,,,,,,,,,,,,,,,,,,,,,,,,,,,,,,,,
331,2529,13,-3116,7887,3270,7027,5681,7100,6817,7432,7472,7796,7920,8129,8263,,,,,,,,,,,,,,,,,,,,,,,,
332,2531,2,228,8546,,,,,,,,,,,,,,,,,,,,,,,,,,,,,,,,,,,
333,2544,13,-3116,7887,3270,7027,5681,7100,6817,7432,7472,7796,7920,8129,8263,,,,,,,,,,,,,,,,,,,,,,,,
334,2546,2,228,8546,,,,,,,,,,,,,,,,,,,,,,,,,,,,,,,,,,,
335,2559,13,-3116,7887,3270,7027,5681,7100,6817,7432,7472,7796,7920,8129,8263,,,,,,,,,,,,,,,,,,,,,,,,
336,2561,2,228,8546,,,,,,,,,,,,,,,,,,,,,,,,,,,,,,,,,,,
337,2574,13,-3116,7887,3270,7027,5681,7100,6817,7432,7472,7796,7920,8129,8263,,,,,,,,,,,,,,,,,,,,,,,,
338,2576,2,228,8546,,,,,,,,,,,,,,,,,,,,,,,,,,,,,,,,,,,
339,2589,13,-3116,7887,3270,7027,5681,7100,6817,7432,7472,7796,7920,8129,8263,,,,,,,,,,,,,,,,,,,,,,,,
340,2591,2,228,8546,,,,,,,,,,,,,,,,,,,,,,,,,,,,,,,,,,,
341,2604,13,-3116,7887,3270,7027,5681,7100,6817,7432,7472,7796,7920,8129,8263,,,,,,,,,,,,,,,,,,,,,,,,
342,2606,2,228,8546,,,,,,,,,,,,,,,,,,,,,,,,,,,,,,,,,,,
343,2619,13,-3116,7887,3270,7027,5681,7100,6817,7432,7472,7796,7920,8129,8263,,,,,,,,,,,,,,,,,,,,,,,,
344,2621,2,228,8546,,,,,,,,,,,,,,,,,,,,,,,,,,,,,,,,,,,
345,2634,13,-3116,7887,3270,7027,5681,7100,6817,7432,7472,7796,7920,8129,8263,,,,,,,,,,,,,,,,,,,,,,,,
346,2636,2,228,8546,,,,,,,,,,,,,,,,,,,,,,,,,,,,,,,,,,,
347,2649,13,-3116,7887,3270,7027,5681,7100,6817,7432,7472,7796,7920,8129,8263,,,,,,,,,,,,,,,,,,,,,,,,
348,2651,2,228,8546,,,,,,,,,,,,,,,,,,,,,,,,,,,,,,,,,,,
349,2664,13,-3116,7887,3270,7027,5681,7100,6817,7432,7472,7796,7920,8129,8263,,,,,,,,,,,,,,,,,,,,,,,,
350,2666,2,228,8546,,,,,,,,,,,,,,,,,,,,,,,,,,,,,,,,,,,
351,2679,13,-3116,7887,3270,7027,5681,7100,6817,7432,7472,7796,7920,8129,8263,,,,,,,,,,,,,,,,,,,,,,,,
352,2681,2,228,8546,,,,,,,,,,,,,,,,,,,,,,,,,,,,,,,,,,,
353,2694,13,-3116,7887,3270,7027,5681,7100,6817,7432,7472,7796,7920,8129,8263,,,,,,,,,,,,,,,,,,,,,,,,
354,2696,2,228,8546,,,,,,,,,,,,,,,,,,,,,,,,,,,,,,,,,,,
355,2709,13,-3116,7887,3270,7027,5681,7100,6817,7432,7472,7796,7920,8129,8263,,,,,,,,,,,,,,,,,,,,,,,,
356,2711,2,228,8546,,,,,,,,,,,,,,,,,,,,,,,,,,,,,,,,,,,
357,2724,13,-3116,7887,3270,7027,5681,7100,6817,7432,7472,7796,7920,8129,8263,,,,,,,,,,,,,,,,,,,,,,,,
358,2726,2,228,8546,,,,,,,,,,,,,,,,,,,,,,,,,,,,,,,,,,,
359,2739,13,-3116,7887,3270,7027,5681,7100,6817,7432,7472,7796,7920,8129,8263,,,,,,,,,,,,,,,,,,,,,,,,
360,2741,2,228,8546,,,,,,,,,,,,,,,,,,,,,,,,,,,,,,,,,,,
361,2754,13,-3116,7887,3270,7027,5681,7100,6817,7432,7472,7796,7920,8129,8263,,,,,,,,,,,,,,,,,,,,,,,,
362,2756,2,228,8546,,,,,,,,,,,,,,,,,,,,,,,,,,,,,,,,,,,
363,2769,13,-3116,7887,3270,7027,5681,7100,6817,7432,7472,7796,7920,8129,8263,,,,,,,,,,,,,,,,,,,,,,,,
364,2771,2,228,8546,,,,,,,,,,,,,,,,,,,,,,,,,,,,,,,,,,,
365,2784,13,-3116,7887,3270,7027,5681,7100,6817,7432,7472,7796,7920,8129,8263,,,,,,,,,,,,,,,,,,,,,,,,
366,2786,2,228,8546,,,,,,,,,,,,,,,,,,,,,,,,,,,,,,,,,,,
367,2799,13,-3116,7887,3270,7027,5681,7100,6817,7432,7472,7796,7920,8129,8263,,,,,,,,,,,,,,,,,,,,,,,,
368,2801,2,228,8546,,,,,,,,,,,,,,,,,,,,,,,,,,,,,,,,,,,
369,2814,13,-3116,7887,3270,7027,5681,7100,6817,7432,7472,7796,7920,8129,8263,,,,,,,,,,,,,,,,,,,,,,,,
370,2816,2,228,8546,,,,,,,,,,,,,,,,,,,,,,,,,,,,,,,,,,,
371,2829,13,-3116,7887,3270,7027,5681,7100,6817,7432,7472,7796,7920,8129,8263,,,,,,,,,,,,,,,,,,,,,,,,
372,2831,2,228,8546,,,,,,,,,,,,,,,,,,,,,,,,,,,,,,,,,,,
373,2844,13,-3116,7887,3270,7027,5681,7100,6817,7432,7472,7796,7920,8129,8263,,,,,,,,,,,,,,,,,,,,,,,,
374,2846,2,228,8546,,,,,,,,,,,,,,,,,,,,,,,,,,,,,,,,,,,
375,2859,13,-3116,7887,3270,7027,5681,7100,6817,7432,7472,7796,7920,8129,8263,,,,,,,,,,,,,,,,,,,,,,,,
376,2861,2,228,8546,,,,,,,,,,,,,,,,,,,,,,,,,,,,,,,,,,,
377,2874,13,-3116,7887,3270,7027,5681,7100,6817,7432,7472,7796,7920,8129,8263,,,,,,,,,,,,,,,,,,,,,,,,
378,2876,2,228,8546,,,,,,,,,,,,,,,,,,,,,,,,,,,,,,,,,,,
379,2889,13,-3116,7887,3270,7027,5681,7100,6817,7432,7472,7796,7920,8129,8263,,,,,,,,,,,,,,,,,,,,,,,,
380,2891,2,228,8546,,,,,,,,,,,,,,,,,,,,,,,,,,,,,,,,,,,
381,2904,13,-3116,7887,3270,7027,5681,7100,6817,7432,7472,7796,7920,8129,8263,,,,,,,,,,,,,,,,,,,,,,,,
382,2906,2,228,8546,,,,,,,,,,,,,,,,,,,,,,,,,,,,,,,,,,,
383,2919,13,-3116,7887,3270,7027,5681,7100,6817,7432,7472,7796,7920,8129,8263,,,,,,,,,,,,,,,,,,,,,,,,
384,2921,2,228,8546,,,,,,,,,,,,,,,,,,,,,,,,,,,,,,,,,,,
385,2934,13,-3116,7887,3270,7027,5681,7100,6817,7432,7472,7796,7920,8129,8263,,,,,,,,,,,,,,,,,,,,,,,,
386,2936,2,228,8546,,,,,,,,,,,,,,,,,,,,,,,,,,,,,,,,,,,
387,2949,13,-3116,7887,3270,7027,5681,7100,6817,7432,7472,7796,7920,8129,8263,,,,,,,,,,,,,,,,,,,,,,,,
388,2951,2,228,8546,,,,,,,,,,,,,,,,,,,,,,,,,,,,,,,,,,,
389,2964,13,-3116,7887,3270,7027,5681,7100,6817,7432,7472,7796,7920,8129,8263,,,,,,,,,,,,,,,,,,,,,,,,
390,2966,2,228,8546,,,,,,,,,,,,,,,,,,,,,,,,,,,,,,,,,,,
391,2979,13,-3116,7887,3270,7027,5681,7100,6817,7432,7472,7796,7920,8129,8263,,,,,,,,,,,,,,,,,,,,,,,,
392,2981,2,228,8546,,,,,,,,,,,,,,,,,,,,,,,,,,,,,,,,,,,
393,2994,13,-3116,7887,3270,7027,5681,7100,6817,7432,7472,7796,7920,8129,8263,,,,,,,,,,,,,,,,,,,,,,,,
394,2996,2,228,8546,,,,,,,,,,,,,,,,,,,,,,,,,,,,,,,,,,,
