episode,episode_steps,running_avg_100,avg_loss
0,14,14.0000,0.0
1,15,14.5000,0.0
2,25,18.0000,0.0
3,26,20.0000,0.0
4,11,18.2000,0.0
5,12,17.1667,0.0
6,15,16.8571,0.0
7,27,18.1250,0.6322691804832883
8,13,17.5556,0.5616418214944693
9,20,17.8000,0.49759582728147506
10,17,17.7273,0.4337889026193058
11,11,17.1667,0.3901087750088085
12,47,19.4615,0.2975150445040236
13,21,19.5714,0.1967877135390327
14,22,19.7333,0.1488494642756202
15,20,19.7500,0.11193575039505958
16,16,19.5294,0.09557220805436373
17,26,19.8889,0.07526958619172756
18,16,19.6842,0.0667091803625226
19,32,20.3000,0.0565768665401265
20,16,20.0952,0.05123195517808199
21,14,19.8182,0.047547725162335804
22,21,19.8696,0.04577584192156792
23,13,19.5833,0.042081963270902634
24,13,19.3200,0.04629405186726497
25,15,19.1538,0.04985601156949997
26,14,18.9630,0.04552496676998479
27,15,18.8214,0.04767838766177495
28,19,18.8276,0.04953780211508274
29,10,18.5333,0.05497060790657997
30,14,18.3871,0.05247966705688408
31,11,18.1562,0.048119293695146385
32,24,18.3333,0.05653408790628115
33,15,18.2353,0.06162440106272697
34,13,18.0857,0.06445225844016442
35,21,18.1667,0.06258327176883108
36,25,18.3514,0.06798293247818947
37,11,18.1579,0.0742331204766577
38,11,17.9744,0.07663674957372925
39,25,18.1500,0.07513780504465103
40,11,17.9756,0.0799178582700816
41,29,18.2381,0.0882968779267936
42,12,18.0930,0.07412538460145394
43,13,17.9773,0.09283204319385382
44,12,17.8444,0.07614121058334906
45,13,17.7391,0.09927259614834419
46,14,17.6596,0.0926926356873342
47,12,17.5417,0.09318320111682017
48,20,17.5918,0.08432423584163189
49,13,17.5000,0.11124860925170091
50,10,17.3529,0.1100620299577713
51,18,17.3654,0.10636663064360619
52,24,17.4906,0.10088235232979059
53,12,17.3889,0.11150262566904227
54,11,17.2727,0.12418769841844385
55,17,17.2679,0.13765520295676062
56,10,17.1404,0.11058049350976944
57,17,17.1379,0.13347012900254307
58,13,17.0678,0.10175939276814461
59,14,17.0167,0.11270131596497127
60,15,16.9836,0.12539056638876597
61,13,16.9194,0.12860866607381746
62,19,16.9524,0.13565649601973986
63,17,16.9531,0.14705130808493672
64,16,16.9385,0.13742227852344513
65,17,16.9394,0.16085229025167577
66,16,16.9254,0.14385407464578748
67,16,16.9118,0.14742148714140058
68,18,16.9275,0.1310502460433377
69,20,16.9714,0.15211026482284068
70,15,16.9437,0.17595217525959014
71,10,16.8472,0.18105882108211518
72,17,16.8493,0.1518413244801409
73,15,16.8243,0.14173702299594879
74,15,16.8000,0.1534215494990349
75,14,16.7632,0.17821679743272917
76,16,16.7532,0.1692965403199196
77,15,16.7308,0.1544803539911906
78,9,16.6329,0.16166266136699253
79,13,16.5875,0.1910594031214714
80,16,16.5802,0.17459050472825766
81,19,16.6098,0.1970672046667651
82,18,16.6265,0.1694733305937714
83,17,16.6310,0.1924256401903489
84,16,16.6235,0.17015339899808168
85,15,16.6047,0.19039698988199233
86,13,16.5632,0.19410854921891138
87,18,16.5795,0.16966592603259617
88,13,16.5393,0.1651442635517854
89,15,16.5222,0.20912885864575703
90,15,16.5055,0.19876605371634165
91,14,16.4783,0.18684214247124536
92,23,16.5484,0.1716557060894759
93,17,16.5532,0.2230696844704011
94,20,16.5895,0.19856049567461015
95,16,16.5833,0.18053434696048498
96,17,16.5876,0.1810953051728361
97,17,16.5918,0.21096057926907258
98,14,16.5657,0.1885905350957598
99,21,16.6100,0.20291570538566225
100,18,16.6500,0.20232070527142948
101,19,16.6900,0.1955504182137941
102,21,16.6500,0.19462662296635763
103,14,16.5300,0.22011382452079228
104,16,16.5800,0.20900350832380354
105,21,16.6700,0.2143397835038957
106,19,16.7100,0.23420559889391848
107,29,16.7300,0.21302965488927117
108,12,16.7200,0.2529168836772442
109,17,16.6900,0.18564396285835436
110,16,16.6800,0.23009678907692432
111,15,16.7200,0.21688219880064327
112,17,16.4200,0.17688124670701869
113,22,16.4300,0.20885256508534605
114,18,16.3900,0.23750345615877044
115,18,16.3700,0.23412560257646772
116,15,16.3600,0.2636750996112823
117,16,16.2600,0.20393993542529643
118,22,16.3200,0.23014133829962125
119,21,16.2100,0.21192761333215804
120,17,16.2200,0.2347152829170227
121,18,16.2600,0.2257167287170887
122,19,16.2400,0.22631570794864705
123,20,16.3100,0.24991505034267902
124,17,16.3500,0.23895945443826563
125,63,16.8300,0.24477836868119618
126,19,16.8800,0.2755004814580867
127,66,17.3900,0.23601612253961238
128,58,17.7800,0.24653126671910286
129,11,17.7900,0.23951074345545334
130,38,18.0300,0.29312821124729355
131,60,18.5200,0.24902672246098517
132,55,18.8300,0.25183100402355196
133,72,19.4000,0.25138278119266033
134,61,19.8800,0.2686756768676101
135,73,20.4000,0.26065576352076986
136,116,21.3100,0.2574862889174757
137,135,22.5500,0.26944032537716406
138,137,23.8100,0.24088387142350204
139,120,24.7600,0.25849720135641596
140,133,25.9800,0.25246962714464144
141,145,27.1400,0.250884173887557
142,129,28.3100,0.25190964543311173
143,115,29.3300,0.24128373929339905
144,93,30.1400,0.255969122292534
145,84,30.8500,0.2439929958255518
146,77,31.4800,0.26879066093401477
147,283,34.1900,0.2654502670685415
148,148,35.4700,0.2550010657114153
149,128,36.6200,0.262557644455228
150,132,37.8400,0.25137447455728595
151,142,39.0800,0.27885060727229
152,149,40.3300,0.2888343879490491
153,133,41.5400,0.28172139457910134
154,132,42.7500,0.26928905595206853
155,84,43.4200,0.2763898531861958
156,133,44.6500,0.2614503204962589
157,106,45.5400,0.27879611096995055
158,103,46.4400,0.2730581951011153
159,133,47.6300,0.2828391006118373
160,177,49.2500,0.2957472151597846
161,135,50.4700,0.28255596416140044
162,116,51.4400,0.3101118016538435
163,148,52.7500,0.30601791313824217
164,102,53.6100,0.2593066147619895
165,110,54.5400,0.2530480334196578
166,157,55.9500,0.2926078958163975
167,118,56.9700,0.28378397920879267
168,133,58.1200,0.2545097666491467
169,161,59.5300,0.2789609205000889
170,117,60.5500,0.2740473978094056
171,156,62.0100,0.26487042118484777
172,92,62.7600,0.2487382441556648
173,155,64.1600,0.2842718218483271
174,98,64.9900,0.2528866270975191
175,126,66.1100,0.26981502984251293
176,130,67.2500,0.3133191879552144
177,114,68.2400,0.26457508003110425
178,119,69.3400,0.28037145755746784
179,97,70.1800,0.26719810306718667
180,130,71.3200,0.266881848542163
181,102,72.1500,0.25275930857249335
182,113,73.1000,0.2603782581874227
183,91,73.8400,0.27096930436871863
184,102,74.7000,0.25151139285926727
185,93,75.4800,0.28504575400422977
186,91,76.2600,0.26335567059916454
187,97,77.0500,0.23740105081311205
188,97,77.8900,0.2379586556830357
189,130,79.0400,0.2308487296390992
190,91,79.8000,0.23576426268606396
191,128,80.9400,0.2369260222185403
192,202,82.7300,0.22812188735766575
193,112,83.6800,0.22744108344029104
194,116,84.6400,0.23472998830778846
195,124,85.7200,0.2396799605039339
196,101,86.5600,0.21112634994015836
197,113,87.5200,0.2344920851488029
198,120,88.5800,0.21869713965182502
199,96,89.3300,0.1921451764452892
200,140,90.5500,0.21792695236259274
201,90,91.2600,0.1739807966682646
202,122,92.2700,0.19583324901759624
203,124,93.3700,0.169627143851211
204,131,94.5200,0.19763396378919368
205,158,95.8900,0.18100250405082596
206,127,96.9700,0.17113647241820032
207,104,97.7200,0.15944563219538674
208,106,98.6600,0.16759348360224152
209,112,99.6100,0.14109949918929487
210,119,100.6400,0.14702536362935514
211,145,101.9400,0.12546485970760213
212,98,102.7500,0.12277672004562859
213,153,104.0600,0.10881497208150773
214,139,105.2700,0.10272962877379475
215,108,106.1700,0.09861270898815107
216,202,108.0400,0.08795908942707989
217,109,108.9700,0.08048056089960107
218,105,109.8000,0.09707065025965372
219,189,111.4800,0.09062968651769022
220,151,112.8200,0.09810737524156933
221,108,113.7200,0.07994166342541575
222,135,114.8800,0.08566705984649835
223,156,116.2400,0.07978867654664776
224,150,117.5700,0.08815086192140976
225,122,118.1600,0.07987485360354185
226,205,120.0200,0.077914329427408
227,202,121.3800,0.08284598158322054
228,141,122.2100,0.08271113234895763
229,170,123.8000,0.07747988563907497
230,182,125.2400,0.07589015455732306
231,191,126.5500,0.07417330494959941
232,160,127.6000,0.07049725268734619
233,156,128.4400,0.06346211508394052
234,142,129.2500,0.06333406739146777
235,197,130.4900,0.06020629683953856
236,143,130.7600,0.058737011079292197
237,139,130.8000,0.06343451075309472
238,107,130.5000,0.05802111571358743
239,166,130.9600,0.05039600120206554
240,225,131.8800,0.05036079437368446
241,155,131.9800,0.053618406179931855
242,139,132.0800,0.052114668362539446
243,108,132.0100,0.04465299092785076
244,112,132.2000,0.045230271677220504
245,143,132.7900,0.05226492427185282
246,160,133.6200,0.048679336288478224
247,128,132.0700,0.04856151404965203
248,191,132.5000,0.04688986925242459
249,133,132.5500,0.050683862410653806
250,138,132.6100,0.045768547762671245
251,136,132.5500,0.04513208040803233
252,149,132.5500,0.050050981867833425
253,176,132.9800,0.047687454794702884
254,167,133.3300,0.04527326492581539
255,129,133.7800,0.04430638997302961
256,147,133.9200,0.05168604707586116
257,196,134.8200,0.04958992711819556
258,167,135.4600,0.0544000843617909
259,298,137.1100,0.052030217290024626
260,260,137.9400,0.05593553724197241
261,250,139.0900,0.053802573896944525
262,309,141.0200,0.06235535247522651
263,400,143.5400,0.06100392648950219
264,291,145.4300,0.062083839160419
265,199,146.3200,0.056801782977116765
266,252,147.2700,0.06087461873031561
267,298,149.0700,0.061574484727926704
268,209,149.8300,0.06214724347423138
269,231,150.5300,0.06226164051754908
270,318,152.5400,0.06246344225610015
271,332,154.3000,0.05996932110648198
272,227,155.6500,0.05995743273704063
273,112,155.2200,0.06545211524436516
274,197,156.2100,0.06527408243624995
275,201,156.9600,0.06675614744647225
276,229,157.9500,0.07015709812431617
277,267,159.4800,0.05917728485797675
278,223,160.5200,0.06670843578474137
279,227,161.8200,0.0707886952348874
280,363,164.1500,0.07248344385775816
281,500,168.1300,0.07135667924582959
282,382,170.8200,0.06488334453367282
283,500,174.9100,0.06056077904254198
284,218,176.0700,0.06775166266042432
285,289,178.0300,0.05677519788301733
286,239,179.5100,0.06593251620345285
287,210,180.6400,0.06233220098628884
288,390,183.5700,0.0572275337166129
289,263,184.9000,0.06023017743057058
290,351,187.5000,0.058994966561765415
291,274,188.9600,0.05393359037524048
292,261,189.5500,0.053921965610992405
293,187,190.3000,0.05188195722645776
294,164,190.7800,0.048438521880065886
295,259,192.1300,0.051878231020219996
296,70,191.8200,0.053837000937866315
297,337,194.0600,0.0608078503472736
298,156,194.4200,0.06242950109597773
299,65,194.1100,0.05920453630387783
300,183,194.5400,0.057220569160344494
301,178,195.4200,0.0650808578200136
302,500,199.2000,0.061956659534946085
303,325,201.2100,0.06046274812748799
304,123,201.1300,0.0635528469806522
305,500,204.5500,0.05787938305363059
306,500,208.2800,0.05970866296812892
307,500,212.2400,0.05859876445867121
308,95,212.1300,0.056901038536115695
309,500,216.0100,0.053519394025206564
310,389,218.7100,0.05684182717725826
311,430,221.5600,0.05368847458645008
312,500,225.5800,0.04907168303616345
313,500,229.0500,0.04998981852643192
314,500,232.6600,0.04694654081761837
315,500,236.5800,0.04618273846618831
316,204,236.6000,0.04970618086300936
317,500,240.5100,0.049446339705958964
318,500,244.4600,0.04669419433549046
319,500,247.5700,0.037756211547181014
320,500,251.0600,0.040810755092650655
321,500,254.9800,0.03340215620957315
322,500,258.6300,0.034765444546937946
323,500,262.0700,0.026976923367008566
324,500,265.5700,0.024684220356866717
325,500,269.3500,0.02084498476795852
326,500,272.3000,0.018824007952585816
327,500,275.2800,0.016723526889458298
328,500,278.8700,0.016925069889053703
329,500,282.1700,0.016310769202187658
330,500,285.3500,0.014900299541652203
331,500,288.4400,0.014371879901736974
332,500,291.8400,0.01207727794535458
333,500,295.2800,0.011464944063685834
334,500,298.8600,0.010247146463021635
335,500,301.8900,0.010446018261834979
336,500,305.4600,0.010363501763902605
337,500,309.0700,0.0076243001176044345
338,500,313.0000,0.007531619222834706
339,500,316.3400,0.007475208324380219
340,25,314.3400,0.007492463458329439
341,500,317.7900,0.009068653041496873
342,354,319.9400,0.007788852179465068
343,500,323.8600,0.010863684693351389
344,500,327.7400,0.01042509819380939
345,500,331.3100,0.009994258491322398
346,500,334.7100,0.009544915773905814
347,500,338.4300,0.009022977617569268
348,500,341.5200,0.00978057828079909
349,500,345.1900,0.009209118278697134
350,500,348.8100,0.00961483604554087
351,500,352.4500,0.00882908919081092
352,500,355.9600,0.011098927032202482
353,500,359.2000,0.010411826046183705
354,500,362.5300,0.010526871314272284
355,500,366.2400,0.009591780683025717
356,500,369.7700,0.010707267710007727
357,500,372.8100,0.008440145793370903
358,500,376.1400,0.008579597648233175
359,500,378.1600,0.00886195448320359
360,500,380.5600,0.01060461366828531
361,500,383.0600,0.008542845197021962
362,500,384.9700,0.007647640411742032
363,419,385.1600,0.0066329890157502845
364,258,384.8300,0.008995798297313064
365,421,387.0500,0.008168839054257386
366,282,387.3500,0.01047195738399441
367,429,388.6600,0.011563085239936353
368,434,390.9100,0.010507632949290805
369,246,391.0600,0.014770530120704353
370,262,390.5000,0.0134571191342903
371,273,389.9100,0.014911533386238438
372,273,390.3700,0.016732758625782343
373,323,392.4800,0.015186138458307775
374,284,393.3500,0.01835232380856301
375,500,396.3400,0.017110023129731415
376,213,396.1800,0.017617288425984517
377,191,395.4200,0.024069719143328866
378,309,396.2800,0.01980561763349571
379,75,394.7600,0.02091553704192241
380,295,394.0800,0.019554142074627898
381,232,391.4000,0.021970411447470944
382,250,390.0800,0.02321453346312046
383,278,387.8600,0.02862064932345701
384,231,387.9900,0.028717541097546425
385,201,387.1100,0.023724921536516046
386,265,387.3700,0.027266256969843833
387,211,387.3800,0.03198348130518791
388,352,387.0000,0.033610632378523325
389,314,387.5100,0.03423865307656348
390,369,387.6900,0.0358215976357561
391,336,388.3100,0.03505930670819778
392,293,388.6300,0.0371638226081258
393,493,391.6900,0.03657549361152382
394,500,395.0500,0.03882928604073822
395,235,394.8100,0.03657703533808285
396,482,398.9300,0.04375724615026806
397,288,398.4400,0.03572410501914823
398,452,401.4000,0.04027718398720026
399,152,402.2700,0.042770221437278544
400,261,403.0500,0.04689545105514741
401,331,404.5800,0.040400817810228584
402,414,403.7200,0.03562001731687626
403,321,403.6800,0.03251023672671983
404,453,406.9800,0.03888046366695076
405,253,404.5100,0.04406531636599496
406,206,401.5700,0.054133089356467996
407,273,399.3000,0.04224794796384844
408,275,401.1000,0.03566263926130804
409,208,398.1800,0.042066138018316664
410,221,396.5000,0.04394134863730672
411,221,394.4100,0.04274281677558209
412,289,392.3000,0.038951566014245514
413,207,389.3700,0.038620682415251
414,422,388.5900,0.03364553364099696
415,212,385.7100,0.03766740508210617
416,303,386.7000,0.03817021809272444
417,322,384.9200,0.03341299404320741
418,287,382.7900,0.03136385715070086
419,205,379.8400,0.02624650205508238
420,283,377.6700,0.0285012344007015
421,233,375.0000,0.02808366612583207
422,231,372.3100,0.028064100059692735
423,345,370.7600,0.023147787237404915
424,209,367.8500,0.023638017050048525
425,284,365.6900,0.025408294789729193
426,355,364.2400,0.023833010792994585
427,206,361.3000,0.021516732853448507
428,265,358.9500,0.025652432403052754
429,209,356.0400,0.02481814738336291
430,197,353.0100,0.025099305606206056
431,211,350.1200,0.02753245331108641
432,342,348.5400,0.01969408834004524
433,191,345.4500,0.019464578523412737
434,299,343.4400,0.023721891757487054
435,260,341.0400,0.01878171913827268
436,223,338.2700,0.023751535081208554
437,207,335.3400,0.02739070135884095
438,220,332.5400,0.02670286546291953
439,201,329.5500,0.025504250769776787
440,215,331.4500,0.027245839665708847
441,207,328.5200,0.02360368827312897
442,200,326.9800,0.020262049823068083
443,253,324.5100,0.024813551912194656
444,213,321.6400,0.018485704045567854
445,237,319.0100,0.01788754279249768
446,229,316.3000,0.017955217264413702
447,273,314.0300,0.01913848719747239
448,231,311.3400,0.016443786449182086
449,320,309.5400,0.017721945316588973
450,281,307.3500,0.017430424991849266
451,220,304.5500,0.016635777229781854
452,188,301.4300,0.020829197125846244
453,211,298.5400,0.015658465794495074
454,274,296.2800,0.015322791286710187
455,232,293.6000,0.017776544573154814
456,219,290.7900,0.017440334517406682
457,500,290.7900,0.02007605527341366
458,340,289.1900,0.019094348223606016
459,242,286.6100,0.01865840541999325
460,258,284.1900,0.02071890665593651
461,165,280.8400,0.02420197417677352
462,220,278.0400,0.01986139764247293
463,235,276.2000,0.02482831397866632
464,320,276.8200,0.02537615459295921
465,217,274.7800,0.02726033152068197
466,208,274.0400,0.027706604415120985
467,184,271.5900,0.026275359698996435
468,258,269.8300,0.026196631059671443
469,206,269.4300,0.031243561369195146
470,289,269.7000,0.034677038732980565
471,319,270.1600,0.03589684756174917
472,282,270.2500,0.03166211515017752
473,228,269.3000,0.03750121509533768
474,278,269.2400,0.04081395665257365
475,302,267.2600,0.041732077463684195
476,284,267.9700,0.04026909748872768
477,272,268.7800,0.04208769302589216
478,237,268.0600,0.037874202462078274
479,194,269.2500,0.042312276674453746
480,207,268.3700,0.053075753840739315
481,225,268.3000,0.04450830401645767
482,226,268.0600,0.04570446007439982
483,248,267.7600,0.04724299973214886
484,210,267.5500,0.05442822180644032
485,224,267.7800,0.055261282963328995
486,263,267.7600,0.04412856842515133
487,230,267.9500,0.05490039435782186
488,236,266.7900,0.05400331238860864
489,245,266.1000,0.05225102103562379
490,264,265.0500,0.06641589801857305
491,251,264.2000,0.06506251193308439
492,253,263.8000,0.05178341349557396
493,262,261.4900,0.06176064180153358
494,300,259.4900,0.05206162864807993
495,157,258.7100,0.05335483247722695
496,236,256.2500,0.06041433677172004
497,252,255.8900,0.0693226444058209
498,348,254.8500,0.06682363934359974
499,333,256.6600,0.06761966641382636
500,311,257.1600,0.06343147001256177
501,240,256.2500,0.06378810321524118
502,347,255.5800,0.06391821307148945
503,194,254.3100,0.06790374421524172
504,169,251.4700,0.06231749806685384
505,250,251.4400,0.07617949578724802
506,205,251.4300,0.070833772275506
507,209,250.7900,0.06436643607549049
508,187,249.9100,0.06379675966772166
509,154,249.3700,0.0720213264099915
510,313,250.2900,0.07029220463035586
511,167,249.7500,0.06558888201172391
512,203,248.8900,0.0752798864971204
513,302,249.8400,0.07230912092518037
514,345,249.0700,0.07949474288987508
515,243,249.3800,0.0760409879563338
516,171,248.0600,0.07120650911932452
517,200,246.8400,0.07193833902478218
518,166,245.6300,0.06549555134779987
519,251,246.0900,0.082315691338622
520,106,244.3200,0.07348997679205155
521,137,243.3600,0.07886596987989263
522,131,242.3600,0.0822717508173171
523,161,240.5200,0.07045956959323206
524,500,243.4300,0.0841689888741821
525,129,241.8800,0.07673214310635776
526,500,243.3300,0.09089062484819442
527,125,242.5200,0.09187732998281717
528,143,241.3000,0.08699543914803258
529,143,240.6400,0.08397547704968732
530,110,239.7700,0.10324428327466277
531,135,239.0100,0.07408688194980775
532,113,236.7200,0.09894436443702573
533,144,236.2500,0.0824590708329601
534,113,234.3900,0.09515423516009365
535,150,233.2900,0.10648973523328702
536,111,232.1700,0.10423566849046462
537,128,231.3800,0.11051743097050348
538,152,230.7000,0.08515985142500875
539,130,229.9900,0.09551405563878898
540,355,231.3900,0.1037283585708536
541,467,233.9900,0.10376326351005752
542,500,236.9900,0.10437003690749407
543,500,239.4600,0.10754035085998476
544,500,242.3300,0.10324253399297595
545,500,244.9600,0.09222180547844619
546,500,247.6700,0.07428754706587642
547,500,249.9400,0.08525836418941617
548,500,252.6300,0.09202519896812737
549,500,254.4300,0.0714490768564865
550,500,256.6200,0.07483407390769571
551,500,259.4200,0.0673232933692634
552,500,262.5400,0.05349716729298234
553,500,265.4300,0.055076219174079594
554,500,267.6900,0.048088725758716463
555,500,270.3700,0.04886587141174823
556,500,273.1800,0.039435105632990596
557,500,273.1800,0.03814458383992314
558,500,274.7800,0.03294443579763174
559,12,272.4800,0.021646841196343303
560,500,274.9000,0.023385588337667285
561,500,278.2500,0.009662137122824788
562,500,281.0500,0.009140396646223962
563,500,283.7000,0.007416441463399678
564,500,285.5000,0.0072863753088749945
565,500,288.3300,0.008924737661611289
566,500,291.2500,0.00812486863695085
567,500,294.4100,0.006829274802003056
568,500,296.8300,0.007160371849779039
569,500,299.7700,0.00824868571339175
570,500,301.8800,0.006621983517892659
571,500,303.6900,0.008114048964809627
572,500,305.8700,0.006668854490388185
573,500,308.5900,0.0059450753196142615
574,500,310.8100,0.00776529091456905
575,500,312.7900,0.007492212709505111
576,500,314.9500,0.007211360374931246
577,500,317.2300,0.005771774291992188
578,500,319.8600,0.006860140100587159
579,500,322.9200,0.0060469127995893355
580,500,325.8500,0.00464923558710143
581,500,328.6000,0.004679010594263673
582,500,331.3400,0.00458541213022545
583,500,333.8600,0.004624467859044671
584,500,336.7600,0.004399416783824563
585,42,334.9400,0.004356316191011241
586,500,337.3100,0.005355386583134532
587,500,340.0100,0.0059746917407028375
588,500,342.6500,0.005570921503007412
589,500,345.2000,0.00670569222420454
590,500,347.5600,0.005739443310070783
591,500,350.0500,0.007182093795388937
592,500,352.5200,0.00697417348716408
593,500,354.9000,0.005632898573298007
594,500,356.9000,0.00554010421410203
595,500,360.3300,0.006687718248926103
596,500,362.9700,0.006027190271764993
597,500,365.4500,0.007201165676582605
598,500,366.9700,0.007542244614101946
599,500,368.6400,0.0049696379769593475
600,500,370.5300,0.005276556469965726
601,500,373.1300,0.006825763307511806
602,500,374.6600,0.006287291759159416
603,500,377.7200,0.00697199990414083
604,500,381.0300,0.006264515689108521
605,500,383.5300,0.006976268321275711
606,500,386.4800,0.004478355096653104
607,500,389.3900,0.004443189323414117
608,43,387.9500,0.004446086961082941
609,112,387.5300,0.007558568214465465
610,500,389.4000,0.008794423022773118
611,500,392.7300,0.009237880198284984
612,500,395.7000,0.007924568323418498
613,500,397.6800,0.008530871491879225
614,14,394.3700,0.017275511270522008
615,500,396.9400,0.010698444929905236
616,500,400.2300,0.014945213343948126
617,500,403.2300,0.011068009717389941
618,500,406.5700,0.010253130245022475
619,500,409.0600,0.01118827137676999
620,500,413.0000,0.010064675392117351
621,500,416.6300,0.012764656492974608
622,500,420.3200,0.013233023769687862
623,500,423.7100,0.011395983452908695
624,15,418.8600,0.004599224294846257
625,500,422.5700,0.01906091390410438
626,500,422.5700,0.01399881603056565
627,500,426.3200,0.01216355001181364
628,500,429.8900,0.011740055818110705
629,500,433.4600,0.013615463509224355
630,500,437.3600,0.013087067625951023
631,500,441.0100,0.010787488095462322
632,500,444.8800,0.008327586255501956
633,500,448.4400,0.007939428724348545
634,500,452.3100,0.007935158306267112
635,500,455.8100,0.010004586434923112
636,500,459.7000,0.005006453136913478
637,500,463.4200,0.008096430534962566
638,500,466.9000,0.005235262403031811
639,500,470.6000,0.005252196728251874
640,500,472.0500,0.006967567574698478
641,500,472.3800,0.0049311483181081715
642,500,472.3800,0.007874125402420759
643,500,472.3800,0.004935955232009292
644,500,472.3800,0.006030134957749397
645,11,467.4900,0.003429962703111497
646,500,467.4900,0.006357411114498973
647,500,467.4900,0.006155559148639441
648,500,467.4900,0.005193365582497791
649,500,467.4900,0.004735872780438513
650,15,462.6400,0.015179571338618796
651,15,457.7900,0.003663436447580655
652,500,457.7900,0.011479218939319254
653,11,452.9000,0.0036237518387761984
654,500,452.9000,0.012712784432806075
655,500,452.9000,0.013093906427267939
656,500,452.9000,0.013381428544409574
657,500,452.9000,0.010770986355375498
658,500,452.9000,0.015742716591339558
659,500,457.7800,0.011060819703154265
660,500,457.7800,0.011824283437337726
661,500,457.7800,0.013440288338810205
662,500,457.7800,0.012773858014028519
663,500,457.7800,0.011732348827645183
664,500,457.7800,0.010901270812377333
665,500,457.7800,0.01349088584119454
666,500,457.7800,0.011358666491229087
667,500,457.7800,0.012503519853111357
668,500,457.7800,0.013866164218634368
669,21,452.9900,0.011206116172529403
670,500,452.9900,0.012639773955568671
671,500,452.9900,0.014234200270846487
672,500,452.9900,0.012773148861248047
673,500,452.9900,0.012681761319749057
674,500,452.9900,0.0074247698024846615
675,500,452.9900,0.006180623746942729
676,500,452.9900,0.005096194467972964
677,500,452.9900,0.004802502657752484
678,500,452.9900,0.006016644112300127
679,500,452.9900,0.007478568860795349
680,500,452.9900,0.006111591327935457
681,500,452.9900,0.00539190523000434
682,500,452.9900,0.00613241925323382
683,500,452.9900,0.00569023871049285
684,500,452.9900,0.006295601952355355
685,500,457.5700,0.005315616162028164
686,500,457.5700,0.0067626408124342565
687,500,457.5700,0.0049426533267833295
688,500,457.5700,0.005952951361425221
689,500,457.5700,0.0063148278510198
690,500,457.5700,0.0035122838146053256
691,154,454.1100,0.003418227972148301
692,500,454.1100,0.006308263483457267
693,500,454.1100,0.004798627731390297
694,500,454.1100,0.005355157280340791
695,500,454.1100,0.005067087440285832
696,150,450.6100,0.005948141499732932
697,144,447.0500,0.008662489490234293
698,500,447.0500,0.009930346281267703
699,500,447.0500,0.011808682642877101
700,500,447.0500,0.009150774118024856
701,112,443.1700,0.011829092861652108
702,500,443.1700,0.01393524833349511
703,500,443.1700,0.01148993322905153
704,500,443.1700,0.017878863484598696
705,130,439.4700,0.014905935771261843
706,500,439.4700,0.01387266174936667
707,500,439.4700,0.013925704423338174
708,500,444.0400,0.017130231176968665
709,500,447.9200,0.012646039413288237
710,500,447.9200,0.014798775218892843
711,500,447.9200,0.0149053129744716
712,142,444.3400,0.018911277530977214
713,41,439.7500,0.016951608806621374
714,9,439.7000,0.04333040063890318
715,500,439.7000,0.025181526129133998
716,500,439.7000,0.02388131216587499
717,206,436.7600,0.016887528029523646
718,500,436.7600,0.023715135211125015
719,469,436.4500,0.022756024262309868
720,500,436.4500,0.02653327022632584
721,123,432.6800,0.023348849454167778
722,138,429.0600,0.025370767466602443
723,134,425.4000,0.04810219047479888
724,21,425.4600,0.03004802265647976
725,500,425.4600,0.032981212371960285
726,173,422.1900,0.030158624587300627
727,120,418.3900,0.03988159403088502
728,171,415.1000,0.04411084306622414
729,208,412.1800,0.03145289972375254
730,274,409.9200,0.04211445588849648
731,500,409.9200,0.03234491272363812
732,205,406.9700,0.03956422650187117
733,500,406.9700,0.0404492983375676
734,500,406.9700,0.04488960991008207
735,246,404.4300,0.039218037542546304
736,210,401.5300,0.053219994878219
737,237,398.9000,0.05140939225120478
738,197,395.8700,0.04309772476104802
739,199,392.8600,0.049846981251939905
740,198,389.8400,0.06582129096160784
741,210,386.9400,0.052567797247320414
742,225,384.1900,0.05763482545502484
743,229,381.4800,0.0572437664420714
744,228,378.7600,0.06419621379290331
745,217,380.8200,0.06857495481998141
746,226,378.0800,0.07628267440961393
747,352,376.6000,0.06880411343776029
748,236,373.9600,0.06103702512040924
749,320,372.1600,0.06824715645052493
750,500,377.0100,0.05966718317009509
751,500,381.8600,0.06035837878892198
752,500,381.8600,0.06155882291961461
753,500,386.7500,0.0596769639775157
754,500,386.7500,0.05701153783965856
755,307,384.8200,0.05175189145746662
756,285,382.6700,0.06923683763383642
757,212,379.7900,0.056996322616952345
758,258,377.3700,0.06734916333798607
759,236,374.7300,0.06362932663059682
760,304,372.7700,0.06206502292479854
761,251,370.2800,0.05460708838817014
762,226,367.5400,0.052389234320911686
763,385,366.3900,0.06489821135598633
764,218,363.5700,0.051517833818878055
765,192,360.4900,0.0601684610483062
766,232,357.8100,0.05799923430333428
767,273,355.5400,0.05543623573569779
768,469,355.2300,0.06859604092086477
769,500,360.0200,0.07356323988223448
770,500,360.0200,0.055944875319488344
771,500,360.0200,0.05816109531186521
772,500,360.0200,0.04750244501419366
773,500,360.0200,0.04921700705401599
774,500,360.0200,0.03959319226257503
775,500,360.0200,0.04277337336912751
776,500,360.0200,0.03341061345115304
777,293,357.9500,0.03263452385374227
778,460,357.5500,0.04061913854169214
779,500,357.5500,0.04258532603690401
780,500,357.5500,0.04189956034347415
781,405,356.6000,0.04131288007994033
782,334,354.9400,0.03658657240427607
783,342,353.3600,0.045686094856913585
784,369,352.0500,0.04468174124525249
785,383,350.8800,0.03625577611863302
786,306,348.9400,0.04105382533957025
787,313,347.0700,0.03824747531204678
788,261,344.6800,0.03206766671786563
789,366,343.3400,0.032697586086960356
790,451,342.8500,0.0352207356201745
791,301,344.3200,0.0334626782284833
792,278,342.1000,0.04258482097631334
793,268,339.7800,0.035084589023087455
794,267,337.4500,0.039070186650813014
795,84,333.2900,0.042044152708036735
796,221,334.0000,0.03923270261395571
797,295,335.5100,0.05251492507503194
798,97,331.4800,0.04357572755363492
799,500,331.4800,0.049353314106818286
800,290,329.3800,0.04137752795961268
801,500,333.2600,0.054393765665125104
802,331,331.5700,0.05473853677533724
803,500,331.5700,0.04755631019128487
804,500,331.5700,0.05864693889580667
805,500,335.2700,0.05957101691607386
806,102,331.2900,0.056188209525619946
807,500,331.2900,0.05771552190184593
808,500,331.2900,0.057549052860587833
809,500,331.2900,0.05149968015868217
810,500,331.2900,0.052282510065007955
811,500,331.2900,0.050456888033542785
812,500,334.8700,0.057347981490660456
813,500,339.4600,0.040629032521042975
814,500,344.3700,0.036159393955022094
815,500,344.3700,0.037324124690610916
816,500,344.3700,0.03711135506164283
817,500,347.3100,0.03494749132404104
818,500,347.3100,0.03001212478382513
819,500,347.6200,0.018271249876823277
820,500,347.6200,0.016297418639063834
821,500,351.3900,0.011892082808539272
822,500,355.0100,0.008968989066313953
823,500,358.6700,0.005643458744976669
824,500,363.4600,0.004447738450020552
825,500,363.4600,0.00860438901372254
826,500,366.7300,0.008567860058974475
827,500,370.5300,0.003955804168712348
828,500,373.8200,0.0038955765780992807
829,500,376.7400,0.003692065330222249
830,500,379.0000,0.0035533781009726225
831,500,379.0000,0.0035193496984429655
832,500,381.9500,0.003340196790639311
833,500,381.9500,0.0031690963138826193
834,500,381.9500,0.003076239692978561
835,141,380.9000,0.0030029134557364467
836,139,380.1900,0.0030027335717362894
837,147,379.2900,0.010304477512456325
838,154,378.8600,0.00765200053619874
839,14,377.0100,0.015573252574540675
840,142,376.4500,0.018048423275181
841,145,375.8000,0.010459108486900041
842,133,374.8800,0.012463400935179982
843,145,374.0400,0.02898296666138902
844,16,371.9200,0.014278750488301739
845,138,371.1300,0.022551452719093555
846,129,370.1600,0.027947365441684458
847,136,368.0000,0.028119569288238007
848,18,365.8200,0.022863433269473415
849,139,364.0100,0.036541493802177284
850,120,360.2100,0.043506814849873385
851,116,356.3700,0.0523174270216761
852,14,351.5100,0.028514936516460563
853,23,346.7400,0.01928638974609582
854,22,341.9600,0.04336736337493428
855,20,339.0900,0.06495024979813024
856,14,336.3800,0.0294237982348672
857,133,335.5900,0.07796521395570914
858,125,334.2600,0.04299534221738577
859,16,332.0600,0.037065870594233274
860,113,330.1500,0.08172549427676518
861,14,327.7800,0.06576288636175118
862,108,326.6000,0.07521511491439822
863,121,323.9600,0.07489253935396425
864,115,322.9300,0.0661655044324858
865,118,322.1900,0.09065921598713908
866,117,321.0400,0.06779544340629672
867,121,319.5200,0.06143400775776668
868,127,316.1000,0.07618757526529586
869,124,312.3400,0.07677653455363226
870,132,308.6600,0.08245134566713011
871,129,304.9500,0.0915678833149258
872,123,301.1800,0.0950760302527588
873,125,297.4300,0.08933429724909366
874,131,293.7400,0.07738069228948811
875,142,290.1600,0.10062817218516704
876,140,286.5600,0.09245045904036878
877,152,285.1500,0.0967182469780949
878,157,282.1200,0.09762864452371504
879,144,278.5600,0.09523354727328599
880,141,274.9700,0.10533916940153015
881,143,272.3500,0.11136281450598182
882,167,270.6800,0.10776372222525407
883,192,269.1800,0.11736488951889139
884,189,267.3800,0.10553391291957014
885,215,265.7000,0.11372252971280453
886,429,266.9300,0.11424235363506076
887,232,266.1200,0.1186519999313971
888,170,265.2100,0.11621680039200274
889,203,263.5800,0.10597963123513486
890,210,261.1700,0.12909264412619884
891,191,260.0700,0.12308812983997205
892,165,258.9400,0.1319906243179558
893,311,259.3700,0.136588284121437
894,413,260.8300,0.13974292280059986
895,500,264.9900,0.13200411244807764
896,204,264.8200,0.1182246204047902
897,500,266.8700,0.12177026570774614
898,229,268.1900,0.12622498516827074
899,357,266.7600,0.1302979154791422
900,233,266.1900,0.1338089294431835
901,188,263.0700,0.14321020465998097
902,220,261.9600,0.14786586208396
903,200,258.9600,0.1369633252802305
904,286,256.8200,0.12132463585813302
905,227,254.0900,0.11947664685982243
906,263,255.7000,0.12420521691324678
907,167,252.3700,0.09604410170493814
908,253,249.9000,0.11519104229993088
909,252,247.4200,0.08522974191573522
910,217,244.5900,0.09355755945483077
911,223,241.8200,0.08037128426330874
912,233,239.1500,0.1006929107118286
913,186,236.0100,0.1011732667183844
914,252,233.5300,0.09000815412432459
915,256,231.0900,0.0915407478923953
916,256,228.6500,0.07957140369762783
917,185,225.5000,0.08275211820051678
918,252,223.0200,0.08280000098822048
919,233,220.3500,0.07304822581384507
920,209,217.4400,0.0906019666350255
921,208,214.5200,0.06854746253296841
922,204,211.5600,0.07988279943546171
923,197,208.5300,0.07169232141524365
924,176,205.2900,0.07939452847825702
925,185,202.1400,0.07804784361726126
926,173,198.8700,0.07065598560750183
927,208,195.9500,0.07855192333227023
928,187,192.8200,0.08220965969675086
929,221,190.0300,0.07556065957049304
930,233,187.3600,0.06909890142529243
931,192,184.2800,0.0781815585748215
932,208,181.3600,0.09545908363249439
933,178,178.1400,0.08871333307869146
934,186,175.0000,0.08302160786710158
935,199,175.5800,0.08727158079082942
936,185,176.0400,0.07474177195816427
937,177,176.3400,0.08780525563190043
938,172,176.5200,0.07002793198456815
939,186,178.2400,0.08724372896305736
940,194,178.7600,0.07521632443465408
941,193,179.2400,0.08826693633711206
942,168,179.5900,0.09128386186785065
943,186,180.0000,0.08475425751799698
944,199,181.8300,0.08504279916076429
945,233,182.7800,0.07501230767304518
946,213,183.6200,0.10923764546414916
947,193,184.1900,0.08484091941711198
948,189,185.9000,0.09250292289391081
949,179,186.3000,0.10346483545476706
950,201,187.1100,0.09455911968881033
951,192,187.8700,0.08714887095144756
952,186,189.5900,0.08714963182161052
953,210,191.4600,0.10329880072025671
954,237,193.6100,0.085334127445662
955,205,195.4600,0.0957426306609882
956,221,197.5300,0.10198108029416952
957,230,198.5000,0.09509535963930514
958,261,199.8600,0.08821514482838298
959,233,202.0300,0.10186372434844307
960,239,203.2900,0.09211244637431054
961,270,205.8500,0.08821544705596925
962,229,207.0600,0.08472286314321234
963,187,207.7200,0.08903242636317596
964,241,208.9800,0.09368854976178019
965,263,210.4300,0.09347105938091364
966,198,211.2400,0.09135119946475959
967,217,212.2000,0.08765645495890576
968,249,213.4200,0.09276703533989539
969,222,214.4000,0.08654176644553002
970,164,214.7200,0.08797634092994353
971,217,215.6000,0.08341531666673822
972,213,216.5000,0.08629304469899743
973,196,217.2100,0.09662435126338838
974,189,217.7900,0.09659724074499633
975,179,218.1600,0.09407684510813079
976,189,218.6500,0.08997999001343651
977,238,219.5100,0.081514034099376
978,223,220.1700,0.08127054849727237
979,241,221.1400,0.08907519270379978
980,500,224.7300,0.09112202962953597
981,500,228.3000,0.08415823539812117
982,500,231.6300,0.0748549865107052
983,117,230.8800,0.08097966952432488
984,500,233.9900,0.07340918558137491
985,500,236.8400,0.06873547331802547
986,500,237.5500,0.0654543091696687
987,183,237.0600,0.060155966564697405
988,500,240.3600,0.05675977334845811
989,500,243.3300,0.053234609849750994
990,500,246.2300,0.0513710500439629
991,500,249.3200,0.04597679604403675
992,500,252.6700,0.04493047784967348
993,120,250.7600,0.04620117137480217
994,500,251.6300,0.041531454630661754
995,500,251.6300,0.03942199216457084
996,500,254.5900,0.03328958845511079
997,500,254.5900,0.02281501046475023
998,500,257.3000,0.023318119542906062
999,500,258.7300,0.020654375984333454
1000,500,261.4000,0.015311504181474447
1001,500,264.5200,0.009109955305699259
1002,500,267.3200,0.009536272912053391
1003,192,267.2400,0.0068972061338475514
1004,500,269.3800,0.012896817316301167
1005,500,272.1100,0.011587584449909627
1006,500,274.4800,0.008751019996358082
1007,500,277.8100,0.007144814394880086
1008,500,280.2800,0.007084753016242757
1009,500,282.7600,0.0054455225258134305
1010,500,285.5900,0.007451559322653338
1011,500,288.3600,0.005648923811269924
1012,500,291.0300,0.008398039920488373
1013,500,294.1700,0.005953002545516938
1014,500,296.6500,0.007487745658960193
1015,500,299.0900,0.0038431836992967876
1016,500,301.5300,0.00568592076189816
1017,16,299.8400,0.021031614451203495
1018,500,302.3200,0.007208430904895067
1019,500,304.9900,0.007865816628327593
1020,500,307.9000,0.005385458644246682
1021,500,310.8200,0.005731057922123
1022,500,313.7800,0.004756535467226058
1023,500,316.8100,0.005839526498224586
1024,500,320.0500,0.007442580747185275
1025,500,323.2000,0.0045992344354745
1026,500,326.4700,0.0043188426797278225
1027,105,325.4400,0.004232920861492555
1028,500,328.5700,0.006544158688746393
1029,500,331.3600,0.007205306703224778
1030,500,334.0300,0.0046922946139238775
1031,500,337.1100,0.00504119214671664
1032,500,340.0300,0.0072382260016165675
1033,500,343.2500,0.007544458962744102
1034,500,346.3900,0.006807038773084059
1035,500,349.4000,0.0067613768689334395
1036,500,352.5500,0.007011717016808689
1037,500,355.7800,0.00776677048066631
1038,500,359.0600,0.006722221911884844
1039,500,362.2000,0.003877046208595857
1040,281,363.0700,0.006332645457473275
1041,209,363.2300,0.0024840630090719705
1042,158,363.1300,0.005594398051977771
1043,260,363.8700,0.007179380340788227
1044,185,363.7300,0.0090777723452177
1045,157,362.9700,0.01043645250180938
1046,202,362.8600,0.011560077744416229
1047,129,362.2200,0.011736299053859688
1048,173,362.0600,0.014625899516573617
1049,120,361.4700,0.0274127510531495
1050,120,360.6600,0.02588344623024265
1051,178,360.5200,0.03370257186849884
1052,156,360.2200,0.02551066749341165
1053,132,359.4400,0.03733174145666205
1054,164,358.7100,0.030900470054958287
1055,116,357.8200,0.047900985015138724
1056,154,357.1500,0.03702510645244174
1057,131,356.1600,0.04205147983534759
1058,134,354.8900,0.04682234305985717
1059,121,353.7700,0.0328583551420684
1060,144,352.8200,0.05198164039272039
1061,115,351.2700,0.04064953622367719
1062,110,350.0800,0.05238569245716049
1063,120,349.4100,0.05829490153312993
1064,135,348.3500,0.06922540370271438
1065,149,347.2100,0.07409135905256957
1066,137,346.6000,0.06588340825809125
1067,139,345.8200,0.05588931810921527
1068,185,345.1800,0.053685382081548105
1069,150,344.4600,0.05741506663151085
1070,132,344.1400,0.07697730926465186
1071,153,343.5000,0.07246317275878943
1072,124,342.6100,0.07504429306925064
1073,133,341.9800,0.06574826847229685
1074,144,341.5300,0.07931483934064293
1075,146,341.2000,0.08025287429655405
1076,246,341.7700,0.08354065043102132
1077,169,341.0800,0.08415532936948247
1078,107,339.9200,0.10771257317816472
1079,500,342.5100,0.09029322920460255
1080,132,338.8300,0.0905267494681263
1081,128,335.1100,0.10595990198817162
1082,500,335.1100,0.09056130560208112
1083,500,338.9400,0.09182848985819146
1084,500,338.9400,0.09235410785581917
1085,500,338.9400,0.10021856620907783
1086,500,338.9400,0.09635315901692956
1087,500,342.1100,0.09756489038653672
1088,500,342.1100,0.09033084799349309
1089,154,338.6500,0.09646198763239935
1090,500,338.6500,0.0938375777383335
1091,171,335.3600,0.0803745954150432
1092,134,331.7000,0.09747137007678845
1093,141,331.9100,0.10552033726522263
1094,163,328.5400,0.10339919441705284
1095,165,325.1900,0.09234928405194572
1096,162,321.8100,0.09392651871427388
1097,138,318.1900,0.08614704978949242
1098,141,314.6000,0.08836926344009315
1099,136,310.9600,0.07617115038138923
1100,142,307.3800,0.07552457855961903
1101,137,303.7500,0.07612693549752453
1102,143,300.1800,0.08988293844854811
1103,140,299.6600,0.08311433957257708
1104,132,295.9800,0.08384431713387709
1105,132,292.3000,0.0924681942842929
1106,137,288.6700,0.0731872615156301
1107,68,284.3500,0.08179690809714991
1108,144,280.7900,0.1007452626379543
1109,139,277.1800,0.07826415825594994
1110,146,273.6400,0.07771240093758049
1111,141,270.0500,0.08844853833264915
1112,160,266.6500,0.0734066908393288
1113,162,263.2700,0.09725817898144647
1114,148,259.7500,0.086684146933761
1115,156,256.3100,0.08656343984274337
1116,154,252.8500,0.07695847876255049
1117,186,254.5500,0.07989957616714541
1118,184,251.3900,0.07894209090179925
1119,500,251.3900,0.08074254030408337
1120,500,251.3900,0.07931851493474096
1121,188,248.2700,0.08795318695558037
1122,500,248.2700,0.06920335330441595
1123,500,248.2700,0.06423453023703769
1124,500,248.2700,0.07339996023196727
1125,500,248.2700,0.058732311693020164
1126,500,248.2700,0.060247875344473865
1127,500,252.2200,0.06484069882752373
1128,500,252.2200,0.06741622914746404
1129,500,252.2200,0.06331329362932593
1130,234,249.5600,0.06462647107481542
1131,500,249.5600,0.06804564256640151
1132,500,249.5600,0.06376204923074692
1133,500,249.5600,0.050794356786180286
1134,500,249.5600,0.053716679353732616
1135,500,249.5600,0.041437442734371874
1136,500,249.5600,0.03350218749092892
1137,500,249.5600,0.023821660841815175
1138,500,249.5600,0.022799141677562147
1139,500,249.5600,0.013351006366545334
1140,500,251.7500,0.009062831763643772
1141,500,254.6600,0.008329214413650334
1142,208,255.1600,0.004696297047373194
1143,51,253.0700,0.009844072838770408
1144,500,256.2200,0.008589893768541515
1145,500,259.6500,0.012000690298387781
1146,223,259.8600,0.009896075820253803
1147,500,263.5700,0.011553685672115534
1148,500,266.8400,0.009145973335951567
1149,500,270.6400,0.014349448360037058
1150,500,274.4400,0.011513242300134152
1151,500,277.6600,0.009720864832866936
1152,500,281.1000,0.011746654706075787
1153,500,284.7800,0.008134300579316914
1154,500,288.1400,0.013059782948112116
1155,500,291.9800,0.009103982291417196
1156,12,290.5600,0.01718778033197547
1157,500,294.2500,0.01088175231195055
1158,500,297.9100,0.011891146736452356
1159,500,301.7000,0.01078216526657343
1160,500,305.2600,0.011500132311601192
1161,500,309.1100,0.011156299278140068
1162,500,313.0100,0.01076185529283248
1163,500,316.8100,0.0075418159267865124
1164,500,320.4600,0.0082387950764969
1165,500,323.9700,0.008262094531441107
1166,500,327.6000,0.005499385503353551
1167,500,331.2100,0.006910074358107522
1168,500,334.3600,0.004369851030409336
1169,500,337.8600,0.0047098216668237
1170,500,341.5400,0.0036552790575660765
1171,202,342.0300,0.006553626068323703
1172,500,345.7900,0.007527824705699459
1173,500,349.4600,0.006847782826982438
1174,500,353.0200,0.007837210285710172
1175,500,356.5600,0.007836709857685491
1176,500,359.1000,0.0064715327718295156
1177,500,362.4100,0.004769255298655481
1178,500,366.3400,0.004799232722725719
1179,158,362.9200,0.0023361257847716818
1180,152,363.1200,0.009311794037593676
1181,500,366.8400,0.007305693632690236
1182,147,363.3100,0.007229407869127332
1183,500,363.3100,0.007969995998544619
1184,165,359.9600,0.008719125224249155
1185,167,356.6300,0.02342512297602984
1186,159,353.2200,0.015591754173162926
1187,151,349.7300,0.02208559065656305
1188,145,346.1800,0.019126996479864263
1189,166,346.3000,0.027108184483424055
1190,160,342.9000,0.020430997178482357
1191,153,342.7200,0.02799307278683105
1192,152,342.9000,0.024921985629541604
1193,500,346.4900,0.02769534150417894
1194,180,346.6600,0.02615537579727566
1195,500,350.0100,0.03407194565120153
1196,500,353.3900,0.034510813494445756
1197,500,357.0100,0.03452858973154798
1198,500,360.6000,0.03381905306177214
1199,500,364.2400,0.03299752983963117
1200,500,367.8200,0.03429779348522425
1201,500,371.4500,0.03319303267868236
1202,500,375.0200,0.03927538926852867
1203,500,378.6200,0.032700208054622634
1204,500,382.3000,0.028516648307675495
1205,500,385.9800,0.03534644999494776
1206,500,389.6100,0.03399681063229218
1207,500,393.9300,0.027526844045380132
1208,500,397.4900,0.030355656448984518
1209,500,401.1000,0.03045165510708466
1210,500,404.6400,0.02257028810842894
1211,500,408.2300,0.01913087664823979
1212,500,411.6300,0.009798767060507089
1213,71,410.7200,0.01202614671668746
1214,500,414.2400,0.007221952120773494
1215,16,412.8400,0.01321590526640648
1216,500,416.3000,0.008204239971237258
1217,500,419.4400,0.006074386829975993
1218,500,422.6000,0.004646178130526096
1219,500,422.6000,0.008598194796359166
1220,500,422.6000,0.006501849039923399
1221,500,425.7200,0.006315436219563707
1222,500,425.7200,0.0071365194362588225
1223,500,425.7200,0.00494278055545874
1224,500,425.7200,0.007729929120047018
1225,500,425.7200,0.005114623035304249
1226,20,420.9200,0.0020472471020184456
1227,500,420.9200,0.008271221689181402
1228,500,420.9200,0.009314242441905662
1229,13,416.0500,0.0020468583814083384
1230,500,418.7100,0.012239344041328877
1231,500,418.7100,0.008913427426712587
1232,500,418.7100,0.010285096037434414
1233,11,413.8200,0.0021025605118748817
1234,500,413.8200,0.008450068024219945
1235,500,413.8200,0.013806797703960911
1236,500,413.8200,0.012320234708953649
1237,500,413.8200,0.012345774050569162
1238,500,413.8200,0.010880664510652423
1239,500,413.8200,0.009099777498515323
1240,500,413.8200,0.008749308156548069
1241,500,413.8200,0.006589760442264378
1242,500,416.7400,0.008058893635636196
1243,500,421.2300,0.010958180077373982
1244,500,421.2300,0.007386787011986598
1245,500,421.2300,0.009440466926898807
1246,500,424.0000,0.009320518716936932
1247,500,424.0000,0.008574646283406765
1248,500,424.0000,0.007812631387496367
1249,500,424.0000,0.0060035913027822975
1250,11,419.1100,0.0178767759882083
1251,500,419.1100,0.008535698969848455
1252,11,414.2200,0.0017152119808914986
1253,500,414.2200,0.009552922552218662
1254,500,414.2200,0.007797815311001614
1255,15,409.3700,0.013639349963826437
1256,500,414.2500,0.011090374228544534
1257,500,414.2500,0.00832732778135687
1258,500,414.2500,0.010820683682337403
1259,500,414.2500,0.009751076300395652
1260,18,409.4300,0.001915227608858711
1261,500,409.4300,0.01122193010034971
1262,500,409.4300,0.01045272843213752
1263,500,409.4300,0.015073939139256254
1264,500,409.4300,0.009043995277956128
1265,500,409.4300,0.009851774255745113
1266,500,409.4300,0.011921831995947287
1267,500,409.4300,0.008356702436460183
1268,500,409.4300,0.011621230617398396
1269,500,409.4300,0.011252219228073955
1270,500,409.4300,0.014145530835492536
1271,500,412.4100,0.008418629685416817
1272,500,412.4100,0.010920918215997517
1273,500,412.4100,0.012359719336032868
1274,500,412.4100,0.008488737920066342
1275,500,412.4100,0.005296869236975909
1276,500,412.4100,0.0092765194196254
1277,500,412.4100,0.004243380634812638
1278,500,412.4100,0.0038895379221066833
1279,500,415.8300,0.002466901040636003
1280,500,419.3100,0.0046206135372631255
1281,500,419.3100,0.002078164519974962
1282,500,422.8400,0.002109539042459801
1283,500,422.8400,0.0020420286383014173
1284,500,426.1900,0.0020277696324046703
1285,500,429.5200,0.001980184937128797
1286,500,432.9300,0.0020583813297562303
1287,500,436.4200,0.0020773493910674007
1288,500,439.9700,0.0020089340722188355
1289,500,443.3100,0.002002215581247583
1290,500,446.7100,0.0020234189350157978
1291,500,450.1800,0.002022512119496241
1292,500,453.6600,0.0019450027404818685
1293,500,453.6600,0.0019206792146433144
1294,118,453.0400,0.0019282077042528
1295,500,453.0400,0.0055262476934585724
1296,500,453.0400,0.00480978548200801
1297,120,449.2400,0.004921125603141263
1298,500,449.2400,0.005164517738157883
1299,128,445.5200,0.0033200250700247125
1300,101,441.5300,0.009085077276029209
1301,113,437.6600,0.009904033452915274
1302,118,433.8400,0.012648268137127161
1303,110,429.9400,0.018406686833424665
1304,500,429.9400,0.02373400041135028
1305,101,425.9500,0.01639924590628004
1306,126,422.2100,0.013551369885034446
1307,500,422.2100,0.02088537084357813
1308,112,418.3300,0.02460046639212773
1309,123,414.5600,0.028423527931431082
1310,123,410.7900,0.02849211610713595
1311,99,406.7800,0.032848213899250356
1312,115,402.9300,0.02855955084340404
1313,123,403.4500,0.03420298013124403
1314,100,399.4500,0.03623186563723721
1315,108,400.3700,0.0366852382495482
1316,120,396.5700,0.04544938548739689
1317,16,391.7300,0.03563890174700646
1318,113,387.8600,0.04951293836141714
1319,121,384.0700,0.040292006684467196
1320,118,380.2500,0.048868694948427126
1321,112,376.3700,0.046204463633850015
1322,111,372.4800,0.03549418732972799
1323,116,368.6400,0.047380261942101966
1324,116,364.8000,0.05820608193231425
1325,113,360.9300,0.058967863750413255
1326,109,361.8200,0.07820238462444223
1327,113,357.9500,0.06498566617266135
1328,108,354.0300,0.057757297981340716
1329,112,355.0200,0.06720429913340402
1330,111,351.1300,0.06361289612260891
1331,116,347.2900,0.07198684564631047
1332,120,343.4900,0.08313072577972586
1333,110,344.4800,0.07490829238033092
1334,129,340.7700,0.07912780603487767
1335,112,336.8900,0.056869691675404156
1336,134,333.2300,0.07449506222506735
1337,111,329.3400,0.08250884062333687
1338,60,324.9400,0.10059627076455703
1339,111,321.0500,0.07873065830082507
1340,121,317.2600,0.08129233290818481
1341,111,313.3700,0.09867826348846057
1342,114,309.5100,0.08964535922808736
1343,128,305.7900,0.09237800502705795
1344,112,301.9100,0.10627516224381647
1345,82,297.7300,0.1271848507770678
1346,119,293.9200,0.1110485856980868
1347,105,289.9700,0.09420225727371871
1348,15,285.1200,0.11565116252750159
1349,99,281.1100,0.09817652778013261
1350,100,282.0000,0.10734015163965523
1351,107,278.0700,0.08529911015757194
1352,101,278.9700,0.09514705165713509
1353,99,274.9600,0.11154735870330096
1354,113,271.0900,0.11653173572087117
1355,108,272.0200,0.10514884677077471
1356,105,268.0700,0.10650275720372086
1357,77,263.8400,0.11710214587049438
1358,113,259.9700,0.1216937808806192
1359,51,255.4800,0.15698175897876568
1360,110,256.4000,0.13602010610471058
1361,500,256.4000,0.13126295501971616
1362,17,251.5700,0.10700669849072308
1363,109,247.6600,0.12218083948144741
1364,111,243.7700,0.14467995586544946
1365,21,238.9800,0.16620728851384706
1366,93,234.9100,0.12029570513104479
1367,93,230.8400,0.15072168116658044
1368,113,226.9700,0.161532210894918
1369,500,226.9700,0.14279970654612406
1370,78,222.7500,0.14530612646828955
1371,90,218.6500,0.14401848337147385
1372,87,214.5200,0.16762580704639785
1373,109,210.6100,0.16238274890715854
1374,90,206.5100,0.17467723404471244
1375,71,202.2200,0.14785274784539787
1376,78,198.0000,0.1726162204345784
1377,95,193.9500,0.16173510053930315
1378,93,189.8800,0.16360527134290145
1379,90,185.7800,0.1774491306601299
1380,13,180.9100,0.19627963841104737
1381,70,176.6100,0.15617695459430772
1382,65,172.2600,0.151967414167638
1383,74,168.0000,0.16314015039431587
1384,69,163.6900,0.16338665204365616
1385,87,159.5600,0.18010353283614092
1386,71,155.2700,0.17727457156772136
1387,197,152.2400,0.17883416576320446
1388,13,147.3700,0.1772192298577955
1389,14,142.5100,0.1116504019758265
1390,178,139.2900,0.1923272312472292
1391,137,135.6600,0.18829755348928381
1392,156,132.2200,0.16298206958125752
1393,72,127.9400,0.22402583386994795
1394,17,126.9300,0.24722029298872633
1395,77,122.7000,0.21691142086713733
1396,14,117.8400,0.09475871990434825
1397,144,118.0800,0.1854351744162462
1398,135,114.4300,0.1944370418993963
1399,125,114.4000,0.15927693205699325
1400,11,113.5000,0.22282573356377808
1401,135,113.7200,0.21256340465128973
1402,11,112.6500,0.19730471324344928
1403,134,112.8900,0.22625935101992825
1404,11,108.0000,0.17710998332635922
1405,125,108.2400,0.1902010577097535
1406,120,108.1800,0.2231332097823421
1407,116,104.3400,0.20868212047659246
1408,21,103.4300,0.24800920637235754
1409,116,103.3600,0.2014456271185893
1410,47,102.6000,0.21168212456866464
1411,108,102.6900,0.2158752347609994
1412,123,102.7700,0.20025663159605933
1413,119,102.7300,0.23088561135790303
1414,117,102.9000,0.22939443411544347
1415,41,102.2300,0.19860480076110945
1416,113,102.1600,0.19271088629318153
1417,50,102.5000,0.1745475895050913
1418,119,102.5600,0.18202108041453763
1419,60,101.9500,0.1931976610251392
1420,118,101.9500,0.21564822221348473
1421,110,101.9300,0.21253035983324728
1422,50,101.3200,0.18816181016154587
1423,66,100.8200,0.18991425876844337
1424,59,100.2500,0.19143685764806756
1425,112,100.2400,0.22195065998156288
1426,129,100.4400,0.22055099277157886
1427,128,100.5900,0.2547828139504418
1428,121,100.7200,0.1974039157690896
1429,118,100.7800,0.21308431773983194
1430,133,101.0000,0.2397123812487755
1431,56,100.4000,0.157677515675979
1432,135,100.5500,0.2341463896997825
1433,150,100.9500,0.22493297052569688
1434,150,101.1600,0.20441211907503506
1435,61,100.6500,0.1934673174925637
1436,135,100.6600,0.18707226992895207
1437,82,100.3700,0.1893178031882044
1438,140,101.1700,0.22568485426516938
1439,172,101.7800,0.1910142999976267
1440,142,101.9900,0.191200927470509
1441,162,102.5000,0.21296776614416343
1442,175,103.1100,0.22535475680072392
1443,208,103.9100,0.1806921186485292
1444,183,104.6200,0.19125845042042067
1445,183,105.6300,0.17238835479473807
1446,152,105.9600,0.2128833456571508
1447,177,106.6800,0.1921078027041871
1448,170,108.2300,0.19968910435050288
1449,161,108.8500,0.21068151801917123
1450,184,109.6900,0.17572566612532525
1451,161,110.2300,0.18325016595226545
1452,219,111.4100,0.22075195353452678
1453,172,112.1400,0.2038268509786576
1454,172,112.7300,0.20014889915148878
1455,169,113.3400,0.17125348181370095
1456,165,113.9400,0.18261809240405757
1457,172,114.8900,0.15793173883630093
1458,204,115.8000,0.185754789030362
1459,191,117.2000,0.17821243574052892
1460,182,117.9200,0.17484900035772596
1461,180,114.7200,0.17636256355067922
1462,162,116.1700,0.18840153304354093
1463,157,116.6500,0.16074396127977283
1464,203,117.5700,0.1736327225613073
1465,170,119.0600,0.1819641451789614
1466,500,123.1300,0.16752937668561935
1467,500,127.2000,0.149467003271915
1468,500,131.0700,0.14908767079282553
1469,500,131.0700,0.13255994346924127
1470,231,132.6000,0.13174996910076509
1471,242,134.1200,0.10890620188356555
1472,208,135.3300,0.11203031433531298
1473,500,139.2400,0.10960626539262011
1474,256,140.9000,0.09542136766049225
1475,205,142.2400,0.09841321106636669
1476,500,146.4600,0.09662891645124182
1477,500,150.5100,0.08598430495103822
1478,500,154.5800,0.08001468157814816
1479,500,158.6800,0.06796735881175846
1480,500,163.5500,0.05825515138218179
1481,500,167.8500,0.054282229711767285
1482,500,172.2000,0.04814764056215063
1483,500,176.4600,0.04405715969298035
1484,500,180.7700,0.039669038392137736
1485,500,184.9000,0.038804417189210655
1486,500,189.1900,0.02695523898722604
1487,500,192.2200,0.027099141595419495
1488,500,197.0900,0.019363781265448778
1489,500,201.9500,0.017855590004008264
1490,500,205.1700,0.014704296545591205
1491,500,208.8000,0.011223593896720558
1492,500,212.2400,0.012141630558297038
1493,500,216.5200,0.012100626878440381
1494,500,221.3500,0.0062611578432843085
1495,500,225.5800,0.00692252901289612
1496,500,230.4400,0.0026096348001156
1497,500,234.0000,0.0025762432580813763
1498,500,237.6500,0.0025802306807599963
1499,500,241.4000,0.0024703292362391947
1500,500,246.2900,0.0024762258124537764
1501,500,249.9400,0.0024758513385895638
1502,500,254.8300,0.0024621413880959154
1503,500,258.4900,0.002493069085292518
1504,500,263.3800,0.0024775603574234994
1505,11,262.2400,0.0024862386582588606
1506,500,266.0400,0.004510628868825734
1507,500,269.8800,0.00349351773574017
1508,500,274.6700,0.005537687893258408
1509,500,278.5100,0.006500984582817182
1510,500,283.0400,0.004708194078877568
1511,500,286.9600,0.003853635881561786
1512,500,290.7300,0.00471489356434904
1513,500,294.5400,0.002995928307296708
1514,500,298.3700,0.0032697111002635212
1515,500,302.9600,0.003631941650994122
1516,500,306.8300,0.0042771328687667845
1517,500,311.3300,0.004550097978906706
1518,500,315.1400,0.0035334332762286067
1519,500,319.5400,0.0029035239403601737
1520,500,323.3600,0.004860499365488068
1521,500,327.2600,0.003597528965212405
1522,500,331.7600,0.0033036821987479925
1523,500,336.1000,0.004991108267800882
1524,500,340.5100,0.005008901462191716
1525,500,344.3900,0.004110876855673269
1526,500,348.1000,0.0020577808967791496
1527,500,351.8200,0.0020665686761494727
1528,500,355.6100,0.0020362890902906657
1529,500,359.4300,0.0019721780121326445
1530,500,363.1000,0.0020147131353151055
1531,500,367.5400,0.002065176044823602
1532,500,371.1900,0.002094225790351629
1533,500,374.6900,0.0021333926296792922
1534,500,378.1900,0.002185821085004136
1535,500,382.5800,0.0021607946711592377
1536,500,386.2300,0.0022241039774380626
1537,500,390.4100,0.002377820305759087
1538,500,394.0100,0.0024856824518647044
1539,500,397.2900,0.002457284509437159
1540,500,400.8700,0.0024454793711192906
1541,500,404.2500,0.0025008919364772736
1542,500,407.5000,0.002385499096941203
1543,500,410.4200,0.002395230531692505
1544,500,413.5900,0.002280889911111444
1545,500,416.7600,0.002162017373600975
1546,500,420.2400,0.002033851440763101
1547,500,423.4700,0.0019363405981566756
1548,500,426.7700,0.001887071132659912
1549,500,430.1600,0.001910353974904865
1550,500,433.3200,0.0018644982343539597
1551,500,436.7100,0.001758998702513054
1552,500,439.5200,0.001736534080002457
1553,500,442.8000,0.0016742662554606795
1554,500,446.0800,0.0016394455712288617
1555,500,449.3900,0.0015672554030315951
1556,500,452.7400,0.0015101454617688433
1557,500,456.0200,0.0015077223987318576
1558,500,458.9800,0.0014915965001564473
1559,500,462.0700,0.0014755578255280853
1560,500,465.2500,0.0014547164669493214
1561,500,468.4500,0.0014552417747909204
1562,500,471.8300,0.0014893346348544582
1563,500,475.2600,0.0014993441440165043
1564,500,478.2300,0.0015088643957860768
1565,500,481.5300,0.001536550349323079
1566,500,481.5300,0.0015660915556363762
1567,500,481.5300,0.0015755395777523518
1568,500,481.5300,0.0015581338028423488
1569,500,481.5300,0.0016229382802266628
1570,500,484.2200,0.0016984086649026722
1571,500,486.8000,0.001684066107030958
1572,500,489.7200,0.0016656205006875097
1573,500,489.7200,0.0017086079632863402
1574,500,492.1600,0.001675886253360659
1575,500,495.1100,0.0016894566195551305
1576,500,495.1100,0.001659944339422509
1577,500,495.1100,0.0016569706777809189
1578,500,495.1100,0.001604659603908658
1579,500,495.1100,0.0015372361701447516
1580,500,495.1100,0.0015505253234878182
1581,500,495.1100,0.00154915133677423
1582,500,495.1100,0.0015736172997858375
1583,500,495.1100,0.0015385989665519446
1584,500,495.1100,0.0015710363412508742
1585,500,495.1100,0.0015631579700857402
1586,500,495.1100,0.0015486830512527376
1587,500,495.1100,0.0015709259023424238
1588,500,495.1100,0.001567702064407058
1589,500,495.1100,0.001556897095637396
1590,500,495.1100,0.0015576998541364446
1591,500,495.1100,0.001562405579490587
1592,500,495.1100,0.0016133336413186043
1593,500,495.1100,0.0015896722960751504
1594,500,495.1100,0.00152223321958445
1595,500,495.1100,0.0015233987893443555
1596,500,495.1100,0.0015143883634591475
1597,500,495.1100,0.001527804155368358
1598,500,495.1100,0.0015167852246668189
1599,500,495.1100,0.0014915609986055642
1600,500,495.1100,0.00148869591683615
1601,500,495.1100,0.0014473326267907395
1602,500,495.1100,0.001461958715924993
1603,500,495.1100,0.0014821227956563234
1604,500,495.1100,0.001483831167104654
1605,500,500.0000,0.0015143067439785227
1606,500,500.0000,0.001518809024244547
1607,140,496.4000,0.0014983637482925717
1608,125,492.6500,0.005845608460716903
1609,10,487.7500,0.01892769234254956
1610,500,487.7500,0.009391022773459554
1611,133,484.0800,0.00827709432250183
1612,133,480.4100,0.013618515880561356
1613,137,476.7800,0.013324109400642941
1614,126,473.0400,0.01595223273819549
1615,130,469.3400,0.018198476909982185
1616,127,465.6100,0.018634965432455807
1617,132,461.9300,0.013917826838389208
1618,121,458.1400,0.019583669509392325
1619,13,453.2700,0.043408197162744515
1620,13,448.4000,0.05673025696216008
1621,137,444.7700,0.03945111046565601
1622,13,439.9000,0.05682134885305109
1623,141,436.3100,0.032265743645277956
1624,132,432.6300,0.050658676222100796
1625,135,428.9800,0.04806837424532407
1626,128,425.2600,0.04508008197626623
1627,15,420.4100,0.025936687838596602
1628,12,415.5300,0.061673394967025764
1629,500,415.5300,0.050779266693396496
1630,500,415.5300,0.053304610536433754
1631,500,415.5300,0.05225211026100442
1632,500,415.5300,0.05252052386524156
1633,500,415.5300,0.05101834910619073
1634,500,415.5300,0.04608030172646977
1635,500,415.5300,0.05524078900134191
1636,500,415.5300,0.045378070373553785
1637,500,415.5300,0.048452764919493345
1638,500,415.5300,0.05295170898037031
1639,500,415.5300,0.05177481471071951
1640,500,415.5300,0.04744646208081395
1641,500,415.5300,0.04427858284814283
1642,500,415.5300,0.04578583764936775
1643,500,415.5300,0.0485932498103939
1644,500,415.5300,0.04750819216645323
1645,500,415.5300,0.04195770948752761
1646,500,415.5300,0.03557901901751757
1647,500,415.5300,0.025349714499199764
1648,500,415.5300,0.007750887478236109
1649,500,415.5300,0.002062656893860549
1650,500,415.5300,0.00198454152722843
1651,500,415.5300,0.001969494575401768
1652,500,415.5300,0.0019670255111996085
1653,500,415.5300,0.0018736552875488997
1654,500,415.5300,0.0018192487496417017
1655,500,415.5300,0.001779617987340316
1656,500,415.5300,0.0017947451469954104
1657,500,415.5300,0.0017916826459113508
1658,500,415.5300,0.0017718155621550978
1659,500,415.5300,0.0017295138121116906
1660,500,415.5300,0.0017413495995569975
1661,500,415.5300,0.0017001015034038573
1662,500,415.5300,0.001615504142595455
1663,500,415.5300,0.0015897070977371186
1664,500,415.5300,0.0015919061512686312
1665,500,415.5300,0.0016104057170450688
1666,500,415.5300,0.001592808722751215
1667,500,415.5300,0.0015892646410502493
1668,500,415.5300,0.0015795871780719607
1669,500,415.5300,0.0016044726548716426
1670,500,415.5300,0.0016047423013951629
1671,500,415.5300,0.0015879707715939731
1672,500,415.5300,0.0015983309857547283
1673,500,415.5300,0.0015343751691980288
1674,500,415.5300,0.0015284994249232114
1675,500,415.5300,0.0014924837814178319
1676,500,415.5300,0.001500559143954888
1677,500,415.5300,0.0014892306486144662
1678,500,415.5300,0.0014975701975636184
1679,500,415.5300,0.0015137070759665221
1680,500,415.5300,0.0015015451023355126
1681,500,415.5300,0.0014823876637965441
1682,500,415.5300,0.001481264480855316
1683,500,415.5300,0.0014475113856606185
1684,500,415.5300,0.001443421674077399
1685,500,415.5300,0.0014210856221616268
1686,500,415.5300,0.0014507444723276422
1687,114,411.6700,0.0014918945860444453
1688,500,411.6700,0.0018489264962263405
1689,500,411.6700,0.0029599781360011546
1690,12,406.7900,0.0015494019219962258
1691,16,401.9500,0.023686757893301547
1692,112,398.0700,0.014282425369726428
1693,18,393.2500,0.021395915841114603
1694,33,388.5800,0.017789161721752447
1695,37,383.9500,0.03521866804756526
1696,500,383.9500,0.017184005483752117
1697,108,380.0300,0.021706857635527505
1698,500,380.0300,0.022882815080462023
1699,141,376.4400,0.022174582488055452
1700,500,376.4400,0.02323225350258872
1701,500,376.4400,0.02254632386402227
1702,500,376.4400,0.021127135030459612
1703,500,376.4400,0.021451335475081577
1704,500,376.4400,0.022522109251469375
1705,500,376.4400,0.02137744840607047
1706,500,376.4400,0.02243370784749277
1707,500,380.0400,0.019956901767058298
1708,500,383.7900,0.02415842020488344
1709,500,388.6900,0.021784183705691247
1710,500,388.6900,0.01958229493489489
1711,500,392.3600,0.021362701722187922
1712,500,396.0300,0.024952915478730575
1713,500,399.6600,0.019899656447814777
1714,500,403.4000,0.020233473858097567
1715,500,407.1000,0.017769121160497888
1716,500,410.8300,0.018233446322381497
1717,500,414.5100,0.0077719626589678225
1718,500,418.3000,0.0077561917896382514
1719,500,423.1700,0.004285741854226217
1720,139,424.4300,0.0017240439397584405
1721,500,428.0600,0.0031382613864261656
1722,500,432.9300,0.004197636687662452
1723,500,436.5200,0.002343536105705425
1724,500,440.2000,0.0027791296688374134
1725,500,443.8500,0.0035741509792860597
1726,500,447.5700,0.004283328256802633
1727,500,452.4200,0.00429793021758087
1728,500,457.3000,0.003965292291948572
1729,500,457.3000,0.0032526910235174
1730,500,457.3000,0.003286507209064439
1731,500,457.3000,0.005191857603611425
1732,500,457.3000,0.005259058510418981
1733,11,452.4100,0.0021150051933628592
1734,500,452.4100,0.0071837922849226745
1735,16,447.5700,0.0021082641615066677
1736,14,442.7100,0.0020319517435772078
1737,500,442.7100,0.011451282666064799
1738,17,437.8800,0.001984626890214927
1739,14,433.0200,0.015142466523684561
1740,13,428.1500,0.0018696155255803694
1741,14,423.2900,0.0019146810352270091
1742,500,423.2900,0.01950489103770815
1743,16,418.4500,0.02412346628989326
1744,500,418.4500,0.023766872949665414
1745,500,418.4500,0.023588202451122926
1746,500,418.4500,0.01900267737894319
1747,500,418.4500,0.02407198305032216
1748,500,418.4500,0.022872746563050897
1749,500,418.4500,0.01936800596024841
1750,211,415.5600,0.018812949634024707
1751,271,413.2700,0.022176782957989572
1752,194,410.2100,0.026367941429027233
1753,126,406.4700,0.027110695749306902
1754,130,402.7700,0.03575239322560195
1755,125,399.0200,0.032660342589952054
1756,102,395.0400,0.027879779134630498
1757,97,391.0100,0.048867149849796725
1758,105,387.0600,0.0335700627970731
1759,113,383.1900,0.040656553277440895
1760,105,379.2400,0.044808935263149795
1761,25,374.4900,0.03627869447227568
1762,106,370.5500,0.05929110381963118
1763,122,366.7700,0.050620532194801345
1764,250,364.2700,0.05448347238637507
1765,500,364.2700,0.04698703985777684
1766,243,361.7000,0.05061726397576018
1767,162,358.3200,0.05106880576680357
1768,157,354.8900,0.044289369429728595
1769,157,351.4600,0.04739906680532939
1770,56,347.0200,0.0638658866269647
1771,134,343.3600,0.06465460843781927
1772,166,340.0200,0.07331309297980448
1773,159,336.6100,0.0754530525659416
1774,164,333.2500,0.07795970911009624
1775,150,329.7500,0.06932213083840906
1776,134,326.0900,0.07812346125963325
1777,20,321.2900,0.12907477527623995
1778,17,316.4600,0.08217790910481092
1779,132,312.7800,0.08311480000636286
1780,140,309.1800,0.08986386326141656
1781,153,305.7100,0.06723607406689742
1782,131,302.0200,0.09139810408152754
1783,135,298.3700,0.09022631145737789
1784,24,293.6100,0.12614148455516747
1785,31,288.9200,0.09983364106606572
1786,139,285.3100,0.09163749062375788
1787,151,285.6800,0.08624172076083325
1788,160,282.2800,0.11486333797947737
1789,172,279.0000,0.11199137512432021
1790,180,280.6800,0.10676786750425687
1791,181,282.3300,0.1033607035546013
1792,220,283.4100,0.09096177083609457
1793,224,285.4700,0.10890649214914967
1794,179,286.9300,0.0844105790179306
1795,195,288.5100,0.08990012063907507
1796,207,285.5800,0.09908761620265094
1797,227,286.7700,0.1062744928324915
1798,227,284.0400,0.1140753498212701
1799,199,284.6200,0.11177374388035106
1800,240,282.0200,0.11740516671270598
1801,251,279.5300,0.10633928897471512
1802,220,276.7300,0.12046033358095552
1803,279,274.5200,0.126055921765051
1804,229,271.8100,0.12074179767313775
1805,211,268.9200,0.11183031221467701
1806,203,265.9500,0.1406436162379116
1807,252,263.4700,0.11736759126633553
1808,270,261.1700,0.11560404168148697
1809,297,259.1400,0.12649119389635394
1810,274,256.8800,0.11237886330846997
1811,275,254.6300,0.13522209822115572
1812,205,251.6800,0.1352503606981439
1813,213,248.8100,0.12325512015746093
1814,211,245.9200,0.11127640769631553
1815,200,242.9200,0.14021516089560465
1816,232,240.2400,0.11584804810037644
1817,225,237.4900,0.14796122575799625
1818,235,234.8400,0.11772201831373287
1819,217,232.0100,0.11686108971641224
1820,229,232.9100,0.11149091519187632
1821,222,230.1300,0.1282327079994453
1822,213,227.2600,0.12506039218076379
1823,190,224.1600,0.12516490143454193
1824,174,220.9000,0.12722405831961112
1825,162,217.5200,0.1252706172131577
1826,170,214.2200,0.10177292911034516
1827,165,210.8700,0.13545081567188555
1828,155,207.4200,0.1248091371099074
1829,170,204.1200,0.12795194383874975
1830,163,200.7500,0.12248733028429531
1831,150,197.2500,0.11776955370480816
1832,157,193.8200,0.117089306272768
1833,159,195.3000,0.10802355238218915
1834,145,191.7500,0.10597723461045273
1835,155,193.1400,0.10019501273129736
1836,44,193.4400,0.1368517774548805
1837,158,190.0200,0.11598593377673268
1838,153,191.3800,0.11487361795445478
1839,154,192.7800,0.11418525115949671
1840,147,194.1200,0.07930084255517644
1841,148,195.4600,0.13596085777877503
1842,147,191.9300,0.12863509168493606
1843,26,192.0300,0.15568591447439617
1844,148,188.5100,0.08697865121192425
1845,161,185.1200,0.13695279352644585
1846,23,180.3500,0.10753196503197693
1847,164,176.9900,0.10580064791038905
1848,155,173.5400,0.11972793484587342
1849,147,170.0100,0.12102365044347917
1850,17,168.0700,0.18608735168955343
1851,169,167.0500,0.10755547188007487
1852,168,166.7900,0.14410208870651245
1853,152,167.0500,0.11705859005910736
1854,154,167.2900,0.1196748191375866
1855,145,167.4900,0.12679686562061823
1856,47,166.9400,0.10780146038357882
1857,162,167.5900,0.12326503127819088
1858,179,168.3300,0.12790263599817583
1859,152,168.7200,0.11127595327745535
1860,158,169.2500,0.12145568353059125
1861,158,170.5800,0.14284987044903816
1862,176,171.2800,0.10205769889977422
1863,166,171.7200,0.12233708592984512
1864,177,170.9900,0.12992238567807937
1865,166,167.6500,0.12742502174721695
1866,167,166.8900,0.1201083267136884
1867,166,166.9300,0.13946130472313928
1868,160,166.9600,0.14213768457411788
1869,169,167.0800,0.12313770334589014
1870,154,168.0600,0.13791283313336164
1871,167,168.3900,0.1426969562869095
1872,177,168.5000,0.13223525674719006
1873,170,168.6100,0.13603362860295046
1874,163,168.6000,0.14446044709973402
1875,161,168.7100,0.13616461226115037
1876,204,169.4100,0.13838101949373843
1877,210,171.3100,0.13544416795207542
1878,237,173.5100,0.12132322594458592
1879,233,174.5200,0.1393180352819548
1880,205,175.1700,0.12925428991751156
1881,203,175.6700,0.13433154891566212
1882,226,176.6200,0.13740065511711666
1883,213,177.4000,0.15366920870029205
1884,218,179.3400,0.13186680718587815
1885,221,181.2400,0.129492394909014
1886,212,181.9700,0.12954124965252495
1887,199,182.4500,0.13962747955147234
1888,196,182.8100,0.10918004497201467
1889,212,183.2100,0.12561023203801047
1890,249,183.9000,0.13117450809136152
1891,215,184.2400,0.122193042518636
1892,183,183.8700,0.12512714094024335
1893,185,183.4800,0.11342259223849789
1894,223,183.9200,0.1280759953191053
1895,220,184.1700,0.11464460365241394
1896,210,184.2000,0.12228770351281301
1897,184,183.7700,0.12037963155181268
1898,213,183.6300,0.11901475969065821
1899,214,183.7800,0.12731336396422552
1900,226,183.6400,0.12365617174490363
1901,194,183.0700,0.11984941598505608
1902,192,182.7900,0.11667102141169987
1903,191,181.9100,0.12803149591468235
1904,203,181.6500,0.11503268002069054
1905,196,181.5000,0.1020523573127005
1906,197,181.4400,0.09394295272171535
1907,212,181.0400,0.10420936164951373
1908,189,180.2300,0.10670136177983805
1909,185,179.1100,0.10177958575958336
1910,200,178.3700,0.1128589375584852
1911,192,177.5400,0.09054179224585823
1912,190,177.3900,0.09398250675600904
1913,206,177.3200,0.10615928811970556
1914,186,177.0700,0.10809344403140286
1915,191,176.9800,0.10830754482891918
1916,197,176.6300,0.09485287378603582
1917,179,176.1700,0.08512149940052345
1918,176,175.5800,0.09087481658934848
1919,179,175.2000,0.10988431154001067
1920,186,174.7700,0.13035185305058697
1921,183,174.3800,0.09714842783007262
1922,182,174.0700,0.10772675920756287
1923,183,174.0000,0.11293110666259655
1924,185,174.1100,0.08430473455102057
1925,200,174.4900,0.08723144734918606
1926,190,174.6900,0.0906556656608652
1927,199,175.0300,0.08885295038174688
1928,210,175.5800,0.1024963775915759
1929,226,176.1400,0.09796286695142302
1930,214,176.6500,0.09036241878296257
1931,204,177.1900,0.10334794177541363
1932,215,177.7700,0.12120490252408524
1933,223,178.4100,0.09578683579574451
1934,216,179.1200,0.105129915864112
1935,236,179.9300,0.11221228346279902
1936,223,181.7200,0.09859576826547628
1937,257,182.7100,0.09957132130546009
1938,266,183.8400,0.08767407144904767
1939,275,185.0500,0.09132760194299573
1940,314,186.7200,0.09745782998332658
1941,319,188.4300,0.09699181197386317
1942,80,187.7600,0.11599112618132494
1943,500,192.5000,0.098134715230437
1944,71,191.7300,0.09041459762661809
1945,500,195.1200,0.09001952507486567
1946,500,199.8900,0.08710973319946788
1947,500,203.2500,0.08132955729262903
1948,500,206.7000,0.06968461300386115
1949,500,210.2300,0.0767118209444452
1950,281,212.8700,0.08028459632222365
1951,500,216.1800,0.06933325857203454
1952,408,218.5800,0.06683955616437529
1953,12,217.1800,0.0436835820437409
1954,500,220.6400,0.05466410334012471
1955,15,219.3400,0.05415860884822905
1956,500,223.8700,0.06018239476485178
1957,17,222.4200,0.03913419864907423
1958,500,225.6300,0.05596764759463258
1959,12,224.2300,0.05542942955313871
1960,500,227.6500,0.06420949215162546
1961,500,231.0700,0.04757028732285835
1962,500,234.3100,0.04189630689122714
1963,500,237.6500,0.045327174088452014
1964,500,240.8800,0.0420765650619287
1965,500,244.2200,0.03214784332877025
1966,500,247.5500,0.02703173366887495
1967,500,250.8900,0.02419081655400805
1968,500,254.2900,0.024806675442960113
1969,500,257.6000,0.014598705128300936
1970,500,261.0600,0.015766543018165977
1971,500,264.3900,0.01854024833929725
1972,500,267.6200,0.017351522762328386
1973,500,270.9200,0.017231913671828806
1974,500,274.2900,0.018219324457924815
1975,500,277.6800,0.010875676431460306
1976,500,280.6400,0.01178094201767817
1977,500,283.5400,0.008951836556196214
1978,500,286.1700,0.008228502280078829
1979,500,288.8400,0.0035795391050633045
1980,500,291.7900,0.002138888624496758
1981,500,294.7600,0.002140408384613693
1982,500,297.5000,0.0021028020079247654
1983,500,300.3700,0.002176048699533567
1984,500,303.1900,0.0021327528674155473
1985,500,305.9800,0.0021485062276478855
1986,500,308.8600,0.0020894876518286767
1987,500,311.8700,0.0019700953087303788
1988,500,314.9100,0.0019741002949886025
1989,500,317.7900,0.0020336964468006045
1990,500,320.3000,0.0020478027488570662
1991,500,323.1500,0.0019218478815164416
1992,500,326.3200,0.0018253373845946044
1993,500,329.4700,0.001784635466290638
1994,500,332.2400,0.0017545584621839225
1995,404,334.0800,0.0017326822634648052
1996,425,336.2300,0.0056614626598927905
1997,316,337.5500,0.00696278239977605
1998,259,338.0100,0.005400817615202984
1999,342,339.2900,0.010400999799351704
2000,350,340.5300,0.013813264493032225
2001,357,342.1600,0.02311038837868574
2002,281,343.0500,0.0204337411647119
2003,262,343.7600,0.021758410865920844
2004,256,344.2900,0.01942480572142813
2005,310,345.4300,0.020512051476661356
2006,360,347.0600,0.026282906735044284
2007,384,348.7800,0.02709644583046611
2008,324,350.1300,0.03230846323213758
2009,282,351.1000,0.0347361846782386
2010,307,352.1700,0.03438470873591894
2011,258,352.8300,0.037678739929106086
2012,299,353.9200,0.038689646392945434
2013,213,353.9900,0.04499101875122514
2014,310,355.2300,0.044136779286688375
2015,269,356.0100,0.03888899448403888
2016,334,357.3800,0.05001556441330066
2017,318,358.7700,0.05028489479098071
2018,278,359.7900,0.05136399446959815
2019,351,361.5100,0.062062996365010545
2020,407,363.7200,0.06893293147549692
2021,500,366.8900,0.061757150860736146
2022,500,370.0700,0.06130802828399465
2023,500,373.2400,0.05917473982251249
2024,500,376.3900,0.06356806802772917
2025,500,379.3900,0.05964400048623793
2026,500,382.4900,0.054348053575027734
2027,29,380.7900,0.03196175207367873
2028,39,379.0800,0.037750709703407034
2029,51,377.3300,0.05699630599587644
2030,500,380.1900,0.05460591011238285
2031,44,378.5900,0.0378455871806099
2032,37,376.8100,0.05466152325499098
2033,47,375.0500,0.06955102837812949
2034,500,377.8900,0.06528127391287125
2035,500,380.5300,0.05195353156444617
2036,500,383.3000,0.053773143782746044
2037,500,385.7300,0.05508060049638152
2038,500,388.0700,0.040056317451409994
2039,500,390.3200,0.04519859494525008
2040,500,392.1800,0.03602558331214823
2041,500,393.9900,0.039908264248166236
2042,500,398.1900,0.033900844915537166
2043,500,398.1900,0.026212360501056537
2044,500,402.4800,0.02053296602400951
2045,346,400.9400,0.01594175665230205
2046,273,398.6700,0.019970015163837007
2047,215,395.8200,0.01598522061980221
2048,175,392.5700,0.021431153463864965
2049,193,389.5000,0.021002204190587404
2050,191,388.6000,0.025577024208059955
2051,262,386.2200,0.02300091129985375
2052,500,387.1400,0.030387100174091755
2053,500,392.0200,0.028383499982999636
2054,486,391.8800,0.023278139597006187
2055,500,396.7300,0.026914601733209566
2056,500,396.7300,0.029868485970422624
2057,500,401.5600,0.0189511189032346
2058,500,401.5600,0.01543232599995099
2059,500,406.4400,0.016161497053457423
2060,500,406.4400,0.014778759212698788
2061,500,406.4400,0.01387744359509088
2062,500,406.4400,0.015012134484015406
2063,500,406.4400,0.016540830611716954
2064,500,406.4400,0.01568718997738324
2065,500,406.4400,0.012882976376451551
2066,500,406.4400,0.014967887965030967
2067,500,406.4400,0.013223890697583555
2068,500,406.4400,0.01326147702964954
2069,500,406.4400,0.011043082643067465
2070,500,406.4400,0.011708640093915165
2071,500,406.4400,0.005872456403216347
2072,500,406.4400,0.003772457120474428
2073,500,406.4400,0.0036482398170046507
2074,500,406.4400,0.003559130961308256
2075,500,406.4400,0.0018312767057213932
2076,500,406.4400,0.0017623921390622853
2077,500,406.4400,0.0018305347620043903
2078,500,406.4400,0.0018999635966029018
2079,500,406.4400,0.001959034705301747
2080,500,406.4400,0.0019329150789417326
2081,500,406.4400,0.0019022281996440142
2082,500,406.4400,0.0018805600998457522
2083,500,406.4400,0.0017863729123491793
2084,500,406.4400,0.0018300862105097623
2085,500,406.4400,0.0018191185807809233
2086,500,406.4400,0.001761634477879852
2087,500,406.4400,0.0017716152905486525
2088,500,406.4400,0.0017107894322834908
2089,500,406.4400,0.0016960673369467258
2090,231,403.7500,0.0016697085310313931
2091,500,403.7500,0.003793740560300648
2092,500,403.7500,0.00303424512851052
2093,500,403.7500,0.002754249521996826
2094,500,403.7500,0.006058518948033452
2095,500,404.7100,0.003906448739115149
2096,500,405.4600,0.0034612966964486986
2097,500,407.3000,0.0050334864349570125
2098,500,409.7100,0.004372780713951216
2099,500,411.2900,0.004410373095422983
2100,500,412.7900,0.002915426582796499
2101,500,414.2200,0.004293960528913885
2102,356,414.9700,0.0028654064213349535
2103,500,417.3500,0.007611628221115097
2104,500,419.7900,0.004059480295050889
2105,500,421.6900,0.005924866130109876
2106,500,423.0900,0.007351850679842755
2107,500,424.2500,0.006948247926076874
2108,500,426.0100,0.007631160544930026
2109,500,428.1900,0.006190777020761743
2110,500,430.1200,0.00792293310770765
2111,500,432.5400,0.005380431327270344
2112,500,434.5500,0.004282253799960017
2113,500,437.4200,0.0042432009545154865
2114,500,439.3200,0.004562512607313693
2115,500,441.6300,0.004171381455846131
2116,500,443.2900,0.002333791827317327
2117,500,445.1100,0.0052063650735653935
2118,500,447.3300,0.0026403720839880407
2119,500,448.8200,0.00406554897595197
2120,500,449.7500,0.002233613741234876
2121,500,449.7500,0.002935365555807948
2122,500,449.7500,0.0043795945037854835
2123,500,449.7500,0.0014491830319166184
2124,500,449.7500,0.0014478922318667173
2125,500,449.7500,0.0014147862510289996
2126,500,449.7500,0.0014144449193263426
2127,500,454.4600,0.001389658261439763
2128,500,459.0700,0.001395006395643577
2129,500,463.5600,0.0013584853590000421
2130,500,463.5600,0.0013564214201178403
2131,500,468.1200,0.0013684066344285383
2132,500,472.7500,0.0013444329743506386
2133,500,477.2800,0.0013244652207940817
2134,492,477.2000,0.001320509510602219
2135,500,477.2000,0.003102173863444477
2136,500,477.2000,0.003133832303807139
2137,218,474.3800,0.0030110301631460085
2138,500,474.3800,0.004975038803066127
2139,500,474.3800,0.005682075676741078
2140,500,474.3800,0.007503696616273373
2141,500,474.3800,0.003182903672219254
2142,500,474.3800,0.005716451627900824
2143,500,474.3800,0.005746661425917409
2144,500,474.3800,0.006480720936553553
2145,500,475.9200,0.005445073482347652
2146,251,475.7000,0.007975074617967632
2147,500,478.5500,0.010888164290226996
2148,500,481.8000,0.007281609320780262
2149,471,484.5800,0.007238963844784538
2150,500,487.6700,0.01014268912456464
2151,500,490.0500,0.014133476251503452
2152,500,490.0500,0.009497918523149565
2153,500,490.0500,0.013125511944526807
2154,500,490.1900,0.011026421108748763
2155,500,490.1900,0.010700917373178527
2156,500,490.1900,0.006364912673598155
2157,493,490.1200,0.007489012427010307
2158,500,490.1200,0.011721579079981894
2159,500,490.1200,0.009158409039722756
2160,175,486.8700,0.011849392558048878
2161,500,486.8700,0.010906485446030274
2162,500,486.8700,0.011638710536179132
2163,500,486.8700,0.010182088038185612
2164,377,485.6400,0.011100123097579087
2165,366,484.3000,0.012332790365660196
2166,500,484.3000,0.01190234819764737
2167,500,484.3000,0.013684473755885846
2168,500,484.3000,0.014059172081295401
2169,500,484.3000,0.009476454084855505
2170,500,484.3000,0.010542017569532618
2171,51,479.8100,0.008730323524123021
2172,500,479.8100,0.012005733383120968
2173,500,479.8100,0.01381655825220514
2174,443,479.2400,0.010915211907484932
2175,500,479.2400,0.018496709792641924
2176,243,476.6700,0.014978608066204614
2177,94,472.6100,0.016925148712966513
2178,159,469.2000,0.027609002340801717
2179,147,465.6700,0.018741698540449395
2180,500,465.6700,0.025000588768860327
2181,500,465.6700,0.02178403314575553
2182,500,465.6700,0.027556895844172688
2183,121,461.8800,0.026860946843262054
2184,500,461.8800,0.02751046979939565
2185,500,461.8800,0.026704114188672974
2186,500,461.8800,0.02163162509421818
2187,500,461.8800,0.02590133170597255
2188,500,461.8800,0.0194847926935181
2189,500,461.8800,0.01817387032904662
2190,500,464.5700,0.020785200013546272
2191,86,460.4300,0.0206141481527972
2192,500,460.4300,0.021273995363153518
2193,500,460.4300,0.019493456717813388
2194,500,460.4300,0.019785402355948462
2195,500,460.4300,0.025493840909795836
2196,500,460.4300,0.02087141756620258
2197,500,460.4300,0.01833254608651623
2198,500,460.4300,0.02050487009063363
2199,500,460.4300,0.016929797892225908
2200,500,460.4300,0.015860366062726824
2201,500,460.4300,0.007982422304572537
2202,284,459.7100,0.007553568774749013
2203,500,459.7100,0.010138682415243239
2204,332,458.0300,0.007853579206717571
2205,500,458.0300,0.011236342694843188
2206,500,458.0300,0.008790549902711064
2207,132,454.3500,0.007417556475212967
2208,500,454.3500,0.008857656392734498
2209,500,454.3500,0.010331294139614328
2210,500,454.3500,0.012144669849658386
2211,466,454.0100,0.008992938465956406
2212,500,454.0100,0.011016514444956556
2213,500,454.0100,0.010285049512283876
2214,500,454.0100,0.010662547208368778
2215,169,450.7000,0.010438660203793346
2216,500,450.7000,0.015481261868262663
2217,500,450.7000,0.014363617899129167
2218,500,450.7000,0.01783566167531535
2219,500,450.7000,0.016009722243528812
2220,237,448.0700,0.013787758008592648
2221,500,448.0700,0.014607143811881542
2222,500,448.0700,0.015011385287158192
2223,441,447.4800,0.01429133936197892
2224,223,444.7100,0.02101095703236274
2225,500,444.7100,0.02148324365285225
2226,500,444.7100,0.01788225191901438
2227,500,444.7100,0.019341467804275453
2228,482,444.5300,0.014843967099552317
2229,500,444.5300,0.018642748521408067
2230,500,444.5300,0.011494601729791611
2231,500,444.5300,0.014044890634249897
2232,254,442.0700,0.01812864200938053
2233,500,442.0700,0.015556588380364701
2234,500,442.1500,0.019108117648400366
2235,500,442.1500,0.016614842317299917
2236,500,442.1500,0.01766106693726033
2237,93,440.9000,0.01927987998226277
2238,500,440.9000,0.01768569595995359
2239,500,440.9000,0.015928748801816255
2240,500,440.9000,0.014830199058167636
2241,500,440.9000,0.01200465109408833
2242,500,440.9000,0.013784365488681942
2243,500,440.9000,0.013691297095501796
2244,500,440.9000,0.014014524298487232
2245,500,440.9000,0.009369849076494574
2246,500,443.3900,0.01009491216740571
2247,500,443.3900,0.007176843284396455
2248,500,443.3900,0.007526097302092239
2249,500,443.6800,0.008297524785157294
2250,500,443.6800,0.006580128465546295
2251,204,440.7200,0.003694986432046611
2252,500,440.7200,0.010270008424064144
2253,89,436.6100,0.006003306043240127
2254,500,436.6100,0.010656557222362608
2255,500,436.6100,0.00783865829068236
2256,500,436.6100,0.009689748361008242
2257,500,436.6800,0.009670402088435366
2258,46,432.1400,0.01003275342974002
2259,500,432.1400,0.014375560875982046
2260,500,435.3900,0.00728375245211646
2261,500,435.3900,0.011197142746765167
2262,500,435.3900,0.010768066748743877
2263,500,435.3900,0.009675047698663548
2264,500,436.6200,0.010364036503480747
2265,500,437.9600,0.007829264734638856
2266,500,437.9600,0.009226370832649992
2267,500,437.9600,0.0077685638025868685
2268,500,437.9600,0.009474000537302345
2269,500,437.9600,0.00668313378165476
2270,500,437.9600,0.01028044158522971
2271,500,442.4500,0.006711131362942979
2272,393,441.3800,0.007492099733698554
2273,500,441.3800,0.010590363044524565
2274,500,441.9500,0.006981530644698069
2275,500,441.9500,0.007286195767344907
2276,500,444.5200,0.0054785425481386485
2277,500,448.5800,0.0050881401693914086
2278,500,451.9900,0.007220919145038351
2279,212,452.6400,0.0052305260735766015
2280,500,452.6400,0.004323267169995234
2281,212,449.7600,0.007646232414529395
2282,500,449.7600,0.010268215967575088
2283,300,451.5500,0.005789712928235531
2284,500,451.5500,0.009842460265266709
2285,500,451.5500,0.008101115678669885
2286,412,450.6700,0.006429166573741772
2287,500,450.6700,0.014521474773297086
2288,500,450.6700,0.01200477764965035
2289,500,450.6700,0.014155209454940632
2290,500,450.6700,0.012714987462386489
2291,500,454.8100,0.01199521745974198
2292,50,450.3100,0.019488937344867736
2293,500,450.3100,0.0177223590365611
2294,500,450.3100,0.015955559669062494
2295,73,446.0400,0.0164270857604195
2296,500,446.0400,0.019156256315298378
2297,500,446.0400,0.014160307125421242
2298,500,446.0400,0.015231968672131188
2299,500,446.0400,0.015242673047818244
2300,500,446.0400,0.015218926536617801
2301,500,446.0400,0.013423133561154828
2302,107,444.2700,0.011712665005943904
2303,92,440.1900,0.015276704964217852
2304,500,441.8700,0.01627658814028837
2305,199,438.8600,0.017785205081662155
2306,500,438.8600,0.020914053103420885
2307,160,439.1400,0.014979889762616948
2308,500,439.1400,0.0230271564850118
2309,422,438.3600,0.018128048043733382
2310,235,435.7100,0.014568571527389452
2311,500,436.0500,0.018793573024915532
2312,32,431.3700,0.012842997151892632
2313,500,431.3700,0.016651096732821315
2314,500,431.3700,0.02449098370084539
2315,500,434.6800,0.02193585122236982
2316,500,434.6800,0.021945140020456166
2317,500,434.6800,0.019432723255362362
2318,500,434.6800,0.022998285798355937
2319,500,434.6800,0.020646080291597174
2320,500,437.3100,0.02428970800479874
2321,500,437.3100,0.024009449750417845
2322,500,437.3100,0.020004027447430416
2323,500,437.9000,0.021351932766148822
2324,500,440.6700,0.018848139415029438
2325,500,440.6700,0.019130686422577127
2326,500,440.6700,0.01975352164800279
2327,500,440.6700,0.009801945962943136
2328,500,440.8500,0.010516849123174325
2329,500,440.8500,0.00912657621188555
2330,500,440.8500,0.006711177911609411
2331,500,440.8500,0.004598368068924174
2332,500,443.3100,0.002383772553410381
2333,500,443.3100,0.001612662330502644
2334,500,443.3100,0.001561211840249598
2335,500,443.3100,0.0014695248486241326
2336,500,443.3100,0.0014081676255445928
2337,500,447.3800,0.0013630604447098448
2338,500,447.3800,0.0013519651297247037
2339,500,447.3800,0.0013018605334218592
2340,500,447.3800,0.0013038771345745771
2341,500,447.3800,0.0012802426175912841
2342,500,447.3800,0.0012106180359842255
2343,500,447.3800,0.0011957596178399398
2344,500,447.3800,0.0011623899776022882
2345,500,447.3800,0.0011215882538817823
2346,500,447.3800,0.0011214402221376076
2347,500,447.3800,0.00115109336853493
2348,500,447.3800,0.0011763893746538088
2349,500,447.3800,0.0011949280684348195
2350,500,447.3800,0.0012375473402207718
2351,500,450.3400,0.0012517196800326928
2352,500,450.3400,0.001226209240150638
2353,500,454.4500,0.001166374969179742
2354,500,454.4500,0.0011135823733638972
2355,500,454.4500,0.00107035566191189
2356,53,449.9800,0.0010777345720133832
2357,500,449.9800,0.00280048435612116
2358,500,454.5200,0.002434430192923173
2359,500,454.5200,0.004277481189812533
2360,192,451.4400,0.005717024003691525
2361,500,451.4400,0.005035580981289968
2362,500,451.4400,0.004778093036962673
2363,500,451.4400,0.005132901849225164
2364,500,451.4400,0.006631645241053775
2365,297,449.4100,0.007352757107729864
2366,500,449.4100,0.007432664401247166
2367,500,449.4100,0.007816233977326193
2368,500,449.4100,0.006414430444361642
2369,500,449.4100,0.008497122776578181
2370,500,449.4100,0.007414527752087451
2371,500,449.4100,0.009944686920614914
2372,249,447.9700,0.01002134512464729
2373,500,447.9700,0.012095606963499449
2374,500,447.9700,0.01141969638154842
2375,500,447.9700,0.0074540520338341595
2376,451,447.4800,0.011268906377642074
2377,59,443.0700,0.013568509058332292
2378,296,441.0300,0.019597107993880904
2379,152,440.4300,0.014303778655869936
2380,142,436.8500,0.019048782340972355
2381,500,439.7300,0.02008106065960601
2382,192,436.6500,0.021990627056159912
2383,187,435.5200,0.017760450131244918
2384,122,431.7400,0.020574903335101657
2385,214,428.8800,0.01819547619229992
2386,210,426.8600,0.0279191006981169
2387,500,426.8600,0.027383880199398844
2388,200,423.8600,0.03394513058359735
2389,119,420.0500,0.033437757936752396
2390,364,418.6900,0.0329818930649608
2391,500,418.6900,0.03829342849017121
2392,13,418.3200,0.016037837449962702
2393,415,417.4700,0.03644883215612541
2394,14,412.6100,0.028925588554037467
2395,463,416.5100,0.048616719374344655
2396,167,413.1800,0.04433789757961508
2397,136,409.5400,0.05367223801765837
2398,250,407.0400,0.04820721773291007
2399,34,402.3800,0.06545657047878622
2400,37,397.7500,0.04509129809417032
2401,36,393.1100,0.09504861822481164
2402,12,392.1600,0.04706854781640383
2403,36,391.6000,0.076244497086413
2404,162,388.2200,0.050442756885191266
2405,36,386.5900,0.042018931207065985
2406,500,386.5900,0.060942359699169175
2407,130,386.2900,0.059214566758153245
2408,467,385.9600,0.0651203369394212
2409,500,386.7400,0.07106845410983079
2410,500,389.3900,0.06816005111648701
2411,500,389.3900,0.06443842247338034
2412,500,394.0700,0.07824567809375003
2413,500,394.0700,0.06118067762744613
2414,82,389.8900,0.058579272823408246
2415,500,389.8900,0.06984464814700186
2416,500,389.8900,0.06822739883139729
2417,500,389.8900,0.060034053551964464
2418,500,389.8900,0.05786930871848017
2419,500,389.8900,0.059683227804955094
2420,500,389.8900,0.04773811033205129
2421,500,389.8900,0.04587243858259171
2422,500,389.8900,0.04130614378373139
2423,500,389.8900,0.0438936716907192
2424,121,386.1000,0.04123859029563436
2425,500,386.1000,0.04238158568018116
2426,500,386.1000,0.03152677864930593
2427,500,386.1000,0.03611031375220045
2428,500,386.1000,0.013032093725632877
2429,500,386.1000,0.010210988579085097
2430,500,386.1000,0.008041210865136235
2431,500,386.1000,0.00513438525237143
2432,11,381.2100,0.034520324055020785
2433,500,381.2100,0.009360431481851264
2434,10,376.3100,0.019712228095158935
2435,500,376.3100,0.013937051345827059
2436,500,376.3100,0.012088473153766245
2437,500,376.3100,0.009311847402481362
2438,111,372.4200,0.006560985707921219
2439,500,372.4200,0.009603184248553588
2440,500,372.4200,0.010043947597965598
2441,500,372.4200,0.009407568301307038
2442,500,372.4200,0.00794945472269319
2443,500,372.4200,0.012960372695699334
2444,500,372.4200,0.012221400746144355
2445,500,372.4200,0.012621930978726596
2446,500,372.4200,0.009806891949148848
2447,500,372.4200,0.012707708164118231
2448,500,372.4200,0.007963725755224004
2449,500,372.4200,0.012043903254903853
2450,500,372.4200,0.006815172344213352
2451,500,372.4200,0.0053782293831463905
2452,25,367.6700,0.030161407431587576
2453,500,367.6700,0.011050563397584484
2454,500,367.6700,0.01505567591683939
2455,500,367.6700,0.010130016274983063
2456,500,372.1400,0.008399154881481082
2457,500,372.1400,0.007270312963752076
2458,500,372.1400,0.007592318448238075
2459,500,372.1400,0.006486014089081437
2460,500,375.2200,0.0036526734547223895
2461,500,375.2200,0.00510074576898478
2462,500,375.2200,0.005412662327289581
2463,500,375.2200,0.002963722959160805
2464,500,375.2200,0.005415044088382274
2465,500,377.2500,0.004290252858772874
2466,500,377.2500,0.005344897758914158
2467,500,377.2500,0.0028156579402275382
2468,500,377.2500,0.003760973936645314
2469,500,377.2500,0.003622005649842322
2470,500,377.2500,0.0020608181677525864
2471,500,377.2500,0.0023326272133272143
2472,500,379.7600,0.0026686859597684813
2473,500,379.7600,0.0012414943765616045
2474,500,379.7600,0.0013039633681764826
2475,500,379.7600,0.0013530607192078605
2476,500,380.2500,0.0013766829154919834
2477,269,382.3500,0.001398354110508797
2478,500,384.3900,0.003602699108654633
2479,500,387.8700,0.005332603734917939
2480,500,391.4500,0.0036196589551400395
2481,500,391.4500,0.004586729378905147
2482,41,389.9400,0.0016612015897408128
2483,122,389.2900,0.0045769193436813035
2484,164,389.7100,0.008142958407960378
2485,18,387.7500,0.03146163204089842
2486,500,390.6500,0.01376632153301034
2487,500,390.6500,0.011631242871517315
2488,500,393.6500,0.015586426120949909
2489,500,397.4600,0.009555240631802008
2490,500,398.8200,0.011384983737370931
2491,500,398.8200,0.010329296078998596
2492,500,403.6900,0.013905476276762783
2493,500,404.5400,0.013538786442019045
2494,500,409.4000,0.01247236769576557
2495,500,409.7700,0.012466565712587908
2496,500,413.1000,0.013971363364486023
2497,500,416.7400,0.01403481510397978
2498,500,419.2400,0.019064211892196908
2499,169,420.5900,0.011444680394808702
