episode,episode_steps,running_avg_100,avg_loss
0,16,16.0000,0.0
1,13,14.5000,0.0
2,12,13.6667,0.0
3,15,14.0000,0.0
4,10,13.2000,0.0
5,9,12.5000,0.0
6,32,15.2857,0.0
7,13,15.0000,0.0
8,12,14.6667,0.5852685451507569
9,10,14.2000,0.520614841580391
10,17,14.4545,0.425933615249746
11,18,14.7500,0.33488711218039197
12,35,16.3077,0.2531752552304949
13,10,15.8571,0.202986416220665
14,29,16.7333,0.17697532218078088
15,36,17.9375,0.14335305409299004
16,11,17.5294,0.12797269428318198
17,13,17.2778,0.12133234624679272
18,42,18.5789,0.11352800702055295
19,31,19.2000,0.107686210063196
20,10,18.7619,0.10741692632436753
21,10,18.3636,0.10108804702758789
22,15,18.2174,0.10493907133738199
23,11,17.9167,0.10641141168095848
24,22,18.0800,0.11005889759822325
25,10,17.7692,0.10554423704743385
26,25,18.0370,0.1150525626540184
27,10,17.7500,0.11779297664761543
28,10,17.4828,0.10840442180633544
29,13,17.3333,0.11541427270724224
30,37,17.9677,0.1212507226579898
31,13,17.8125,0.1063969754255735
32,14,17.6970,0.12390386685729027
33,17,17.6765,0.12161033775876551
34,20,17.7429,0.12960758693516256
35,9,17.5000,0.14003877093394598
36,15,17.4324,0.11689892659584682
37,9,17.2105,0.13064537031782997
38,9,17.0000,0.15296519382132423
39,11,16.8500,0.1423394172029062
40,12,16.7317,0.1606292463839054
41,17,16.7381,0.15356334693291607
42,12,16.6279,0.16143781319260597
43,18,16.6591,0.1541708976858192
44,14,16.6000,0.15711903891393117
45,14,16.5435,0.17071637670908654
46,17,16.5532,0.1531989499926567
47,14,16.5000,0.1647163565669741
48,11,16.3878,0.17559460211883893
49,17,16.4000,0.20025785617968617
50,14,16.3529,0.15114167651959828
51,18,16.3846,0.1754800577958425
52,19,16.4340,0.16407963241401471
53,16,16.4259,0.19368300214409828
54,13,16.3636,0.1806441299044169
55,10,16.2500,0.22279497981071472
56,10,16.1404,0.2178058497607708
57,10,16.0345,0.2631517082452774
58,17,16.0508,0.19200792952495463
59,16,16.0500,0.24174208519980311
60,13,16.0000,0.20625861447591048
61,9,15.8871,0.1989729321665234
62,14,15.8571,0.21250790251152857
63,10,15.7656,0.23522336333990096
64,12,15.7077,0.2589092080791791
65,16,15.7121,0.2643232122063637
66,17,15.7313,0.2613270983976476
67,14,15.7059,0.2752496355346271
68,12,15.6522,0.21988865484793982
69,15,15.6429,0.2420703003803889
70,15,15.6338,0.2621517270803452
71,15,15.6250,0.25751196841398877
72,16,15.6301,0.2730187000706792
73,15,15.6216,0.2608883490165075
74,14,15.6000,0.26266370926584515
75,12,15.5526,0.30230021228392917
76,10,15.4805,0.2982600525021553
77,11,15.4231,0.27180632000619714
78,12,15.3797,0.2947906864186128
79,17,15.4000,0.3238789632039912
80,16,15.4074,0.32798197213560343
81,14,15.3902,0.2956785836390087
82,15,15.3855,0.2732588067650795
83,16,15.3929,0.31431451067328453
84,17,15.4118,0.33000648459967447
85,33,15.6163,0.2918493631436969
86,32,15.8046,0.32077795872464776
87,11,15.7500,0.41312809965827246
88,11,15.6966,0.39214772527868097
89,14,15.6778,0.37819033009665354
90,29,15.8242,0.324614977528309
91,10,15.7609,0.33701066225767135
92,8,15.6774,0.3705693855881691
93,9,15.6064,0.402626547548506
94,9,15.5368,0.3768255751993921
95,13,15.5104,0.36657401002370393
96,9,15.4433,0.40265990959273446
97,9,15.3776,0.3603500889407264
98,10,15.3232,0.4274754494428635
99,14,15.3100,0.4012992275612695
100,10,15.2500,0.3821511745452881
101,9,15.2100,0.49261536200841266
102,11,15.2000,0.40289532325484534
103,10,15.1500,0.45808003544807435
104,9,15.1400,0.4169825894965066
105,10,15.1500,0.4473453551530838
106,14,14.9700,0.3912095810685839
107,10,14.9400,0.5759059101343155
108,10,14.9200,0.4674305856227875
109,12,14.9400,0.40750181799133617
110,11,14.8800,0.40602370825680817
111,10,14.8000,0.5422021806240082
112,12,14.5700,0.5133880078792572
113,11,14.5800,0.5078663771802728
114,10,14.3900,0.45316697359085084
115,11,14.1400,0.5169789764014158
116,16,14.1900,0.5336965378373861
117,10,14.1600,0.44312901645898817
118,10,13.8400,0.5069067776203156
119,11,13.6400,0.5116761110045693
120,9,13.6300,0.6007336427768072
121,11,13.6400,0.5130184048956091
122,11,13.6000,0.5167273391376842
123,10,13.5900,0.5119964569807053
124,14,13.5100,0.5083148585898536
125,12,13.5300,0.45249112229794264
126,15,13.4300,0.6124088247617085
127,8,13.4100,0.5997229479253292
128,20,13.5100,0.5691499747335911
129,14,13.5200,0.5511786224586623
130,9,13.2400,0.5263661907778846
131,11,13.2200,0.6154959608208049
132,11,13.1900,0.6499524414539337
133,14,13.1600,0.6128262536866325
134,10,13.0600,0.5650937288999558
135,12,13.0900,0.63492002338171
136,10,13.0400,0.6680947288870811
137,12,13.0700,0.6715743665893873
138,10,13.0800,0.6665129035711288
139,9,13.0600,0.6010414361953735
140,10,13.0400,0.5564239233732223
141,9,12.9600,0.5472835236125522
142,11,12.9500,0.6418153643608093
143,10,12.8700,0.7237634658813477
144,12,12.8500,0.5740384608507156
145,12,12.8300,0.6515404904882113
146,9,12.7500,0.6375128560596042
147,9,12.7000,0.6463548474841647
148,11,12.7000,0.6191915300759402
149,9,12.6200,0.6413841346899668
150,8,12.5600,0.5775982029736042
151,11,12.4900,0.7016941877928647
152,9,12.3900,0.6706516974502139
153,8,12.3100,0.6179369017481804
154,14,12.3200,0.6040498071483204
155,11,12.3300,0.6851442998105829
156,10,12.3300,0.6921520441770553
157,10,12.3300,0.6684831261634827
158,11,12.2700,0.6362565457820892
159,10,12.2100,0.7522304087877274
160,11,12.1900,0.6996296942234039
161,9,12.1900,0.7328217460049523
162,11,12.1600,0.7344771095297553
163,11,12.1700,0.7274937060746279
164,12,12.1700,0.7991819481054941
165,12,12.1300,0.8174493312835693
166,13,12.0900,0.7109200954437256
167,9,12.0400,0.6805506745974222
168,14,12.0600,0.6891086229256221
169,9,12.0000,0.5555246108108096
170,12,11.9700,0.6626106475790342
171,12,11.9400,0.7257504686713219
172,12,11.9000,0.720205952723821
173,10,11.8500,0.7538694024085999
174,11,11.8200,0.7717268737879667
175,14,11.8400,0.7035784402063915
176,13,11.8700,0.6520810471131251
177,12,11.8800,0.8409887080391248
178,10,11.8600,0.8041387796401978
179,10,11.7900,0.7627242207527161
180,15,11.7800,0.7420550545056661
181,10,11.7400,0.7580430537462235
182,11,11.7000,0.8030975488099185
183,10,11.6400,0.7158743262290954
184,15,11.6200,0.6306899984677633
185,11,11.4000,0.754502231424505
186,12,11.2000,0.6899975836277008
187,10,11.1900,0.7209242790937423
188,14,11.2200,0.717144994863442
189,14,11.2200,0.7148854093892234
190,10,11.0300,0.8022689580917358
191,14,11.0700,0.780967150415693
192,9,11.0800,0.7677077651023865
193,12,11.1100,0.9093394080797831
194,12,11.1400,0.8205689688523611
195,11,11.1200,0.8831595399162986
196,12,11.1500,0.7585300008455912
197,12,11.1800,0.7159820298353831
198,14,11.2200,0.8307660413639886
199,14,11.2200,0.7465097776481083
200,12,11.2400,0.9763852010170618
201,11,11.2600,0.8818402669646523
202,11,11.2600,0.9403918331319635
203,11,11.2700,0.7387349984862588
204,10,11.2800,0.6676481097936631
205,19,11.3700,0.9273353971933064
206,13,11.3600,0.6758379936218262
207,14,11.4000,0.9709495093141284
208,13,11.4300,0.7972624714557941
209,10,11.4100,0.7550427258014679
210,11,11.4100,0.7376455773006786
211,13,11.4400,0.7322069727457486
212,14,11.4600,0.8351983193840299
213,14,11.4900,0.7555514276027679
214,12,11.5100,0.7714640920360883
215,10,11.5000,0.8237557291984559
216,15,11.4900,0.8522012015183766
217,13,11.5200,0.9387956720132095
218,17,11.5900,0.7784277411068187
219,12,11.6000,0.7444475317994753
220,14,11.6500,0.7518363701445716
221,17,11.7100,0.9172376587110407
222,12,11.7200,0.7635323330760002
223,12,11.7400,0.8692556271950403
224,14,11.7400,0.9626105619328362
225,12,11.7400,0.8018732964992523
226,12,11.7100,0.9946784774462382
227,12,11.7500,0.8066025873025259
228,14,11.6900,0.8391988575458527
229,13,11.6800,0.8976593980422387
230,13,11.7200,0.881109173481281
231,15,11.7600,1.01770215233167
232,14,11.7900,0.8770325524466378
233,13,11.7800,0.8969130332653339
234,14,11.8200,0.9345618167093822
235,16,11.8600,0.8986828736960888
236,14,11.9000,0.8051021673849651
237,16,11.9400,0.8081871252506971
238,12,11.9600,0.9054737091064453
239,18,12.0500,0.9983149535126157
240,13,12.0800,0.9243946235913497
241,13,12.1200,0.9189086418885452
242,11,12.1200,0.7355979789387096
243,14,12.1600,0.7982809203011649
244,14,12.1800,0.9863215684890747
245,19,12.2500,0.9709456657108507
246,15,12.3100,0.8023955345153808
247,13,12.3500,0.9120958711092289
248,16,12.4000,0.9030562825500965
249,15,12.4600,1.0488388697306315
250,13,12.5100,0.8860165637273055
251,14,12.5400,0.8565138493265424
252,23,12.6800,0.901442008173984
253,11,12.7100,0.9325157078829679
254,20,12.7700,0.8621316820383071
255,24,12.9000,0.8292742601285378
256,20,13.0000,0.8803342401981353
257,60,13.5000,0.9107513189315796
258,81,14.2000,0.8773405835216428
259,64,14.7400,0.9242870225571096
260,70,15.3300,0.8916923591068813
261,141,16.6500,0.8330620672051788
262,134,17.8800,0.8164855625424812
263,183,19.6000,0.8091212204082416
264,153,21.0100,0.8178141966364743
265,76,21.6500,0.8047879287286809
266,285,24.3700,0.8198665986981308
267,174,26.0200,0.7477762777914946
268,168,27.5600,0.7830217574678716
269,170,29.1700,0.7522507350234424
270,162,30.6700,0.7473903817159159
271,138,31.9300,0.7976456309358279
272,134,33.1500,0.7276646309156916
273,141,34.4600,0.7186188559371529
274,130,35.6500,0.6757436770372666
275,127,36.7800,0.7147639463032325
276,135,38.0000,0.6933909089476974
277,140,39.2800,0.7085130286003862
278,132,40.5000,0.69836500332211
279,111,41.5100,0.7207178209010545
280,152,42.8800,0.6517132407201356
281,159,44.3700,0.6484852132369887
282,119,45.4500,0.6817449517861134
283,155,46.9000,0.6765442071182113
284,147,48.2200,0.6742925523292451
285,128,49.3900,0.6561565172742121
286,123,50.5000,0.6374556471904119
287,170,52.1000,0.6571161555893281
288,125,53.2100,0.6561424890756608
289,140,54.4700,0.6594529434506382
290,154,55.9100,0.6553887574897184
291,121,56.9800,0.6972309472578123
292,140,58.2900,0.6398663733952812
293,173,59.9000,0.6262257301350894
294,152,61.3000,0.6324716206198853
295,134,62.5300,0.6521983713245214
296,131,63.7200,0.6494657310820718
297,138,64.9800,0.577313829564314
298,212,66.9600,0.5729508219497665
299,228,69.1000,0.6163325800249974
300,272,71.7000,0.6059553267790333
301,145,73.0400,0.6178341503929475
302,168,74.6100,0.6154110007919371
303,131,75.8100,0.5663521709276065
304,154,77.2500,0.6022135928853766
305,146,78.5200,0.5195081060726757
306,181,80.2000,0.5419292669352247
307,168,81.7400,0.5344116116230864
308,258,84.1900,0.48149515274016896
309,131,85.4000,0.4466481058794351
310,161,86.9000,0.47962374295692267
311,166,88.4300,0.47207360987338315
312,175,90.0400,0.44696478271058626
313,143,91.3300,0.44074797014204353
314,388,95.0900,0.3844368487462094
315,277,97.7600,0.3215829370819059
316,139,99.0000,0.29935107539615613
317,167,100.5400,0.28985604080566746
318,126,101.6300,0.24265484482286467
319,269,104.2000,0.2117463337001304
320,161,105.6700,0.18175718522636417
321,229,107.7900,0.19856377316061327
322,159,109.2600,0.18169484663543836
323,196,111.1000,0.18800339452466186
324,174,112.7000,0.1605574719757698
325,121,113.7900,0.16098082322658094
326,190,115.5700,0.17699537684552763
327,156,117.0100,0.17566055775834963
328,196,118.8300,0.1635172580634909
329,233,121.0300,0.16948394442592696
330,170,122.6000,0.17690211976056588
331,173,124.1800,0.18175551212376598
332,215,126.1900,0.15301254391670227
333,184,127.9000,0.15110339587756796
334,160,129.3600,0.1654993727337569
335,153,130.7300,0.16517178713057945
336,182,132.4100,0.15146504684893802
337,149,133.7400,0.1379077515296088
338,202,135.6400,0.15493914582720486
339,190,137.3600,0.1585747209132502
340,145,138.6800,0.18843807418798578
341,216,140.7100,0.15986169046394666
342,253,143.1300,0.1486974483495762
343,171,144.7000,0.14417130977176784
344,158,146.1400,0.14516807861531836
345,149,147.4400,0.15087791158498934
346,133,148.6200,0.11283741062997203
347,160,150.0900,0.15725059707183392
348,154,151.4700,0.15086784409117196
349,149,152.8100,0.15010861727415314
350,134,154.0200,0.15019956958104871
351,200,155.8800,0.14346818722784518
352,143,157.0800,0.14730190899275192
353,140,158.3700,0.11696874152735941
354,181,159.9800,0.1349546237390756
355,141,161.1500,0.15557014234099828
356,174,162.6900,0.13531333940296336
357,248,164.5700,0.13523090343486757
358,183,165.5900,0.15233468639414982
359,153,166.4800,0.12633076317462266
360,162,167.4000,0.15306745892689552
361,235,168.3400,0.12397034491234003
362,157,168.5700,0.13699587205555408
363,165,168.3900,0.13670427057553422
364,240,169.2600,0.13243483741146822
365,184,170.3400,0.1285137458572812
366,135,168.8400,0.1427471696226685
367,149,168.5900,0.12067814456336451
368,151,168.4200,0.13132928348214223
369,169,168.4100,0.12112418621139237
370,150,168.2900,0.1271735297019283
371,145,168.3600,0.12537224473881312
372,269,169.7100,0.12266144137760299
373,163,169.9300,0.1392575493996586
374,157,170.2000,0.12876984751694331
375,142,170.3500,0.13372281870581734
376,152,170.5200,0.1316515167157999
377,173,170.8500,0.13196409058708675
378,178,171.3100,0.12569506181759782
379,188,172.0800,0.11047661022104799
380,223,172.7900,0.12549522417209075
381,171,172.9100,0.11175648862637623
382,205,173.7700,0.120714098442255
383,155,173.7700,0.12050388814100335
384,179,174.0900,0.11714156009464957
385,143,174.2400,0.12079168611916004
386,152,174.5300,0.10278211761339519
387,173,174.5600,0.11741185705635072
388,156,174.8700,0.11455855320374934
389,140,174.8700,0.120366946451499
390,152,174.8500,0.10513283853958312
391,133,174.9700,0.106645587607658
392,150,175.0700,0.11807996467997631
393,145,174.7900,0.10399016059678176
394,144,174.7100,0.1054014823845743
395,131,174.6800,0.10216602143824442
396,158,174.9500,0.09723798235395004
397,148,175.0500,0.11348015974225426
398,138,174.3100,0.10925675933991653
399,127,173.3000,0.11591268500210497
400,129,171.8700,0.11945616452081144
401,137,171.7900,0.12427336173336001
402,178,171.8900,0.10639418704236407
403,164,172.2200,0.11756107252852128
404,149,172.1700,0.1041359662784626
405,149,172.2000,0.12027499379727664
406,148,171.8700,0.11400896625756915
407,138,171.5700,0.10030344758601184
408,164,170.6300,0.11023354708932613
409,140,170.7200,0.11207180054126574
410,171,170.8200,0.1027684986852763
411,172,170.8800,0.12379072195319675
412,164,170.7700,0.11631637442822955
413,170,171.0400,0.11869215084349408
414,174,168.9000,0.10696292270627943
415,133,167.4600,0.12284960138044299
416,147,167.5400,0.1189209946089101
417,166,167.5300,0.13394755079321205
418,132,167.5900,0.115498854376545
419,144,166.3400,0.11030518141018951
420,152,166.2500,0.12058159026721689
421,147,165.4300,0.11549662387467363
422,156,165.4000,0.09561669934266366
423,129,164.7300,0.10620703444592366
424,128,164.2700,0.09333394636996672
425,171,164.7700,0.10722606617151297
426,133,164.2000,0.10823363455404576
427,125,163.8900,0.10883010068535805
428,145,163.3800,0.11734894617492783
429,163,162.6800,0.10136841062136406
430,134,162.3200,0.12322531009106827
431,140,161.9900,0.12443970471088375
432,158,161.4200,0.12067911778635616
433,162,161.2000,0.11868408097839558
434,166,161.2600,0.11554292795046356
435,145,161.1800,0.13096571870083953
436,151,160.8700,0.10514753351345757
437,193,161.3100,0.11246736934939351
438,217,161.4600,0.12278223881274805
439,173,161.2900,0.10618141895924517
440,173,161.5700,0.1018279159759209
441,185,161.2600,0.10895633798948413
442,175,160.4800,0.10933288391413433
443,138,160.1500,0.11964937424341189
444,143,160.0000,0.10946347130384375
445,156,160.0700,0.1329676804628271
446,134,160.0800,0.10359952671439457
447,143,159.9100,0.09562557867005259
448,154,159.9100,0.1065459953282367
449,144,159.8600,0.1257650172370227
450,161,160.1300,0.12641792641432018
451,130,159.4300,0.10780477774544404
452,165,159.6500,0.1332500096608066
453,143,159.6800,0.10386418466866537
454,140,159.2700,0.10619057114568672
455,144,159.3000,0.11726358795486805
456,154,159.1000,0.12329896443596038
457,145,158.0700,0.11572823364223386
458,137,157.6100,0.10860928198336249
459,139,157.4700,0.123172033973467
460,156,157.4100,0.11493741625693077
461,162,156.6800,0.10700391097868114
462,164,156.7500,0.10667764899468549
463,153,156.6300,0.12324590172642975
464,183,156.0600,0.12321063951217656
465,176,155.9800,0.12240202390504154
466,188,156.5100,0.11373595224614157
467,201,157.0300,0.13242461471656217
468,168,157.2000,0.09863980728966583
469,143,156.9400,0.10180022593887224
470,143,156.8700,0.10218304931674596
471,150,156.9200,0.10216195646983882
472,158,155.8100,0.09386353190292758
473,164,155.8200,0.11427287102915437
474,167,155.9200,0.10826756866526104
475,174,156.2400,0.10284972277031033
476,157,156.2900,0.10798519814185276
477,176,156.3200,0.09805388643871993
478,180,156.3400,0.0994447668419323
479,153,155.9900,0.09616043321861356
480,185,155.6100,0.10380832349277429
481,140,155.3000,0.09848044577852956
482,137,154.6200,0.10185764103883156
483,187,154.9400,0.09894486309781192
484,143,154.5800,0.08696448214195825
485,141,154.5600,0.09725750311020206
486,150,154.5400,0.10266366406654318
487,174,154.5500,0.0969177568010215
488,167,154.6600,0.103697369895697
489,173,154.9900,0.10640599364091809
490,156,155.0300,0.10513349617115007
491,165,155.3500,0.09594893089185158
492,195,155.8000,0.09809749655377789
493,204,156.3900,0.08982281952037238
494,162,156.5700,0.09365912024679099
495,147,156.7300,0.09457076899707317
496,161,156.7600,0.086000885423967
497,140,156.6800,0.08980383456884218
498,188,157.1800,0.08660274435161672
499,154,157.4500,0.09230529626093611
500,144,157.6000,0.09289453699926122
501,149,157.7200,0.07245222845071014
502,155,157.4900,0.08813688666409543
503,155,157.4000,0.09229122204405646
504,130,157.2100,0.0841805488981593
505,146,157.1800,0.08082958067167703
506,147,157.1700,0.09298103937853863
507,141,157.2000,0.08645637938422514
508,151,157.0700,0.08455005124988442
509,154,157.2100,0.09957997317050958
510,161,157.1100,0.0885911498201421
511,140,156.7900,0.08106138584802726
512,138,156.5300,0.09763274811194751
513,167,156.5000,0.09270588567056609
514,155,156.3100,0.07921291008711823
515,183,156.8100,0.09518777102466082
516,129,156.6300,0.10095866238553972
517,146,156.4300,0.09468689896102535
518,177,156.8800,0.08838396759093398
519,149,156.9300,0.09309170527021157
520,148,156.8900,0.08651976529320048
521,145,156.8700,0.09623270147833331
522,140,156.7100,0.09558471323523138
523,149,156.9100,0.09112808426792089
524,142,157.0500,0.09473678840875206
525,164,156.9800,0.08638353409279682
526,144,157.0900,0.09336903946112013
527,178,157.6200,0.08462373127512048
528,176,157.9300,0.08523120130518112
529,151,157.8100,0.09871946652697412
530,156,158.0300,0.10487587174149947
531,155,158.1800,0.10229884249068076
532,173,158.3300,0.08268925446930821
533,140,158.1100,0.08128100229826357
534,175,158.2000,0.08885181374847889
535,187,158.6200,0.082065676968983
536,173,158.8400,0.09333101176855967
537,145,158.3600,0.09148507638160011
538,146,157.6500,0.09056199169781519
539,159,157.5100,0.08044057748860346
540,153,157.3100,0.08508223143643608
541,149,156.9500,0.08696675729381557
542,176,156.9600,0.08892759084119461
543,149,157.0700,0.0773424752112853
544,143,157.0700,0.09233572028929016
545,158,157.0900,0.0908011847641319
546,177,157.5200,0.08688936180482476
547,145,157.5400,0.08810470424078662
548,139,157.3900,0.08521398381336773
549,194,157.8900,0.09249973370328776
550,163,157.9100,0.09246958832490755
551,161,158.2200,0.09408959704133109
552,146,158.0300,0.09664328979353791
553,173,158.3300,0.08784712057808317
554,144,158.3700,0.08751297265148929
555,171,158.6400,0.08131802645484694
556,204,159.1400,0.08969561502967469
557,160,159.2900,0.09793771272525191
558,170,159.6200,0.08707623823600656
559,163,159.8600,0.0799984239281778
560,185,160.1500,0.0846168437720956
561,152,160.0500,0.08628177385176777
562,175,160.1600,0.09082294498171126
563,152,160.1500,0.08318907713921937
564,145,159.7700,0.09401530776943626
565,189,159.9000,0.07878696008846559
566,161,159.6300,0.08684134289842121
567,162,159.2400,0.0897524312345518
568,178,159.3400,0.08745448852449739
569,167,159.5800,0.08913014004631581
570,183,159.9800,0.08520457075522002
571,172,160.2000,0.07595570671621191
572,160,160.2200,0.07545763944799547
573,158,160.1600,0.09491522587788633
574,168,160.1700,0.08609048553764642
575,163,160.0600,0.08181338421314772
576,163,160.1200,0.09694411309344546
577,171,160.0700,0.08852703966287492
578,159,159.8600,0.08344929612903569
579,161,159.9400,0.08115365503136046
580,213,160.2200,0.08595577761653303
581,175,160.5700,0.07762499169579574
582,184,161.0400,0.08711474411108572
583,150,160.6700,0.0784485429742684
584,150,160.7400,0.0970673731341958
585,197,161.3000,0.07531569721319047
586,152,161.3200,0.07519857890254475
587,175,161.3300,0.08591694002704961
588,171,161.3700,0.07461675410077237
589,268,162.3200,0.07721118163143688
590,146,162.2200,0.08526084083451392
591,226,162.8300,0.08779932085663673
592,197,162.8500,0.10500009641108023
593,382,164.6300,0.0759055899414697
594,170,164.7100,0.07875229958170915
595,182,165.0600,0.08535125351684926
596,184,165.2900,0.07940563771104359
597,234,166.2300,0.07712174400201656
598,270,167.0500,0.08116272601161015
599,304,168.5500,0.08227266992540344
600,144,168.5500,0.07433638181666741
601,172,168.7800,0.09182498106180668
602,135,168.5800,0.08027069424106567
603,220,169.2300,0.08167157920754768
604,166,169.5900,0.09004063986757972
605,121,169.3400,0.08477614390132718
606,173,169.6000,0.08355519246051595
607,251,170.7000,0.08379578503939616
608,184,171.0300,0.07519305599650936
609,180,171.2900,0.08469146652819795
610,225,171.9300,0.08492605710195171
611,170,172.2300,0.07343170625322006
612,192,172.7700,0.08527566268943094
613,188,172.9800,0.08767879120212921
614,247,173.9000,0.08000472681370643
615,267,174.7400,0.0723272309506012
616,185,175.3000,0.08329212715647913
617,290,176.7400,0.0780218481616085
618,215,177.1200,0.08366600170211737
619,196,177.5900,0.07124666171386002
620,387,179.9800,0.07272895622651937
621,186,180.3900,0.07641830153873451
622,166,180.6500,0.07736656067511404
623,247,181.6300,0.07505522269061823
624,170,181.9100,0.07773263402118841
625,281,183.0800,0.08059023327469242
626,213,183.7700,0.0852037793300836
627,203,184.0200,0.07491058895015731
628,179,184.0500,0.06966922791966097
629,253,185.0700,0.07864013280564912
630,247,185.9800,0.06905452515326652
631,328,187.7100,0.06529161122076713
632,174,187.7200,0.06937207591762745
633,348,189.8000,0.06914268862643418
634,212,190.1700,0.06440352081356324
635,233,190.6300,0.07296578415225824
636,182,190.7200,0.05773819543185879
637,224,191.5100,0.06574534361425322
638,139,191.4400,0.07148832747404524
639,176,191.6100,0.06520296654939144
640,177,191.8500,0.06978836876345472
641,185,192.2100,0.06371601882415849
642,199,192.4400,0.065582862481868
643,211,193.0600,0.0628309267974719
644,228,193.9100,0.06245974177216882
645,198,194.3100,0.06611796725315577
646,227,194.8100,0.06779417527494912
647,193,195.2900,0.06388347734180834
648,184,195.7400,0.0652201458528314
649,194,195.7400,0.06221965379465717
650,205,196.1600,0.05803441865733121
651,184,196.3900,0.0604498439200182
652,202,196.9500,0.06084008199291875
653,210,197.3200,0.06130567473315057
654,204,197.9200,0.05055821734690564
655,271,198.9200,0.047583362056677854
656,162,198.5000,0.05288330097625285
657,233,199.2300,0.050532587622032527
658,181,199.3400,0.05439831874750102
659,199,199.7000,0.05849195373754705
660,187,199.7200,0.055700508210270165
661,276,200.9600,0.06129252023158082
662,184,201.0500,0.048206665087491274
663,198,201.5100,0.06470889951140064
664,202,202.0800,0.04870093601184095
665,199,202.1800,0.060079609240456744
666,266,203.2300,0.05166283946071184
667,194,203.5500,0.05162229571856328
668,190,203.6700,0.05535986950915111
669,182,203.8200,0.05141342999822982
670,188,203.8700,0.051950774606356914
671,194,204.0900,0.05624152102613265
672,210,204.5900,0.05113114001938984
673,219,205.2000,0.041904975439009326
674,203,205.5500,0.053243268001365834
675,223,206.1500,0.051346495505338825
676,186,206.3800,0.04998859464721654
677,196,206.6300,0.04755816099290945
678,243,207.4700,0.052417290594367456
679,174,207.6000,0.05097312727493459
680,192,207.3900,0.044107969685380034
681,206,207.7000,0.05135984764235474
682,181,207.6700,0.05524256095310766
683,189,208.0600,0.05539968952773109
684,163,208.1900,0.0489590844150884
685,174,207.9600,0.04907908369037697
686,161,208.0500,0.048042184349311436
687,181,208.1100,0.052088333005651584
688,173,208.1300,0.04442478391756385
689,196,207.4100,0.04871327910401231
690,190,207.8500,0.047661204170435664
691,213,207.7200,0.042169730012860375
692,194,207.6900,0.04276559445238912
693,172,205.5900,0.047262562428016304
694,182,205.7100,0.04848331146986111
695,187,205.7600,0.05099386431495933
696,208,206.0000,0.04508126771543175
697,200,205.6600,0.04638268266106024
698,210,205.0600,0.04730066898323241
699,200,204.0200,0.044551885039545595
700,214,204.7200,0.04118064169066949
701,188,204.8800,0.04399743914960864
702,209,205.6200,0.04275496328543676
703,241,205.8300,0.04575098008767574
704,210,206.2700,0.04489880568525266
705,190,206.9600,0.03698542385705208
706,199,207.2200,0.045298162375076036
707,255,207.2600,0.04332290966721142
708,195,207.3700,0.04366806605353187
709,218,207.7500,0.0472319691715369
710,254,208.0400,0.043125909030818796
711,186,208.2000,0.048959819960498044
712,233,208.6100,0.04049148573640078
713,180,208.5300,0.04935808275412354
714,197,208.0300,0.04299331073493219
715,207,207.4300,0.04466536361724138
716,199,207.5700,0.044825336657202425
717,193,206.6000,0.04188490311562088
718,232,206.7700,0.04454582218072731
719,176,206.5700,0.03956272285854952
720,192,204.6200,0.0414579866725641
721,184,204.6000,0.049396209593396634
722,186,204.8000,0.04708937004519006
723,186,204.1900,0.04792640996616213
724,210,204.5900,0.051384720117563294
725,190,203.6800,0.04828064024056259
726,175,203.3000,0.04744858162743704
727,203,203.3000,0.04801909745501107
728,206,203.5700,0.05465138769364979
729,207,203.1100,0.048300325188893774
730,172,202.3600,0.04901300621933715
731,197,201.0500,0.052544400608876184
732,198,201.2900,0.05709949357557402
733,191,199.7200,0.05318952424461461
734,186,199.4600,0.05144922267545455
735,192,199.0500,0.05561213503824547
736,189,199.1200,0.04817169470584424
737,184,198.7200,0.04864063400410763
738,204,199.3700,0.0493894585536099
739,184,199.4500,0.05943352509664534
740,194,199.6200,0.060752100260813055
741,190,199.6700,0.06022215627476965
742,172,199.4000,0.05767005564222589
743,177,199.0600,0.06339557434953118
744,208,198.8600,0.05915833242649499
745,173,198.6100,0.06361352558371562
746,194,198.2800,0.05375262737014936
747,198,198.3300,0.05380258873820004
748,190,198.3900,0.0573948780295292
749,187,198.3200,0.055413510199676067
750,179,198.0600,0.05813748099159595
751,175,197.9700,0.05909854607390506
752,223,198.1800,0.06194832525111635
753,186,197.9400,0.06532659722361914
754,188,197.7800,0.05658738745842129
755,184,196.9100,0.060109541536329074
756,180,197.0900,0.0629348483402282
757,196,196.7200,0.06330107980436284
758,178,196.6900,0.06699779372285591
759,184,196.5400,0.06402967012558214
760,169,196.3600,0.06394791905905985
761,179,195.3900,0.06406073424933925
762,189,195.4400,0.06334414812317364
763,171,195.1700,0.0674898481317823
764,193,195.0800,0.058897039331881805
765,174,194.8300,0.07256636024859531
766,191,194.0800,0.06917609102750948
767,182,193.9600,0.0720327255587288
768,141,193.4700,0.06277245325729885
769,180,193.4500,0.0656349200858838
770,175,193.3200,0.07618941875972918
771,205,193.4300,0.06487408185877451
772,186,193.1900,0.07162294329033904
773,180,192.8000,0.07488416865881946
774,201,192.7800,0.07701443597461231
775,202,192.5700,0.08090636967727453
776,197,192.6800,0.0834048301865569
777,195,192.6700,0.0735941260241163
778,188,192.1200,0.08346484224014777
779,196,192.3400,0.07397406739752968
780,201,192.4300,0.07523022056904746
781,198,192.3500,0.08108225413080719
782,199,192.5300,0.07607362558831222
783,199,192.6300,0.08249795405971046
784,221,193.2100,0.07759057368864031
785,229,193.7600,0.0783924570014318
786,205,194.2000,0.08664570286779141
787,192,194.3100,0.08687723770466012
788,201,194.5900,0.07625195621953007
789,204,194.6700,0.09215120665327299
790,200,194.7700,0.0929386829212308
791,208,194.7200,0.0833547991687038
792,211,194.8900,0.09141364958031341
793,204,195.2100,0.08944778106924073
794,222,195.6100,0.08822232874966152
795,207,195.8100,0.0748573480790328
796,215,195.8800,0.08307864864378474
797,233,196.2100,0.08416313568106153
798,201,196.1200,0.0892470717494983
799,211,196.2300,0.1018069694215935
800,216,196.2500,0.09051354875770846
801,210,196.4700,0.09104732159702551
802,208,196.4600,0.09033692010920137
803,229,196.3400,0.0859381845058247
804,210,196.3400,0.08494671914903891
805,234,196.7800,0.09978708824437335
806,225,197.0400,0.08360616423603562
807,198,196.4700,0.09488276025571983
808,206,196.5800,0.09262854688873207
809,204,196.4400,0.07964643384740852
810,199,195.8900,0.07494145389599492
811,202,196.0500,0.09095274846041852
812,206,195.7800,0.08201267658642412
813,210,196.0800,0.08332263620659
814,208,196.1900,0.08516024132124865
815,219,196.3100,0.0885999192330629
816,224,196.5600,0.08317148410008356
817,209,196.7200,0.08072214176807035
818,202,196.4200,0.07870373246029462
819,224,196.9000,0.08638274044122747
820,212,197.1000,0.08529415528755635
821,206,197.3200,0.07612288939016103
822,206,197.5200,0.07230960551956758
823,204,197.7000,0.08015289122704417
824,207,197.6700,0.07447916478512512
825,214,197.9100,0.07423286788409279
826,203,198.1900,0.08604240072707604
827,218,198.3400,0.07164319291488704
828,236,198.6400,0.06621732786337262
829,231,198.8800,0.07817039484343616
830,213,199.2900,0.08200164743100113
831,222,199.5400,0.07968773617962929
832,210,199.6600,0.07590830856712447
833,219,199.9400,0.07850820893744968
834,234,200.4200,0.07378157755184887
835,222,200.7200,0.07380515865578845
836,239,201.2200,0.07403237124414
837,239,201.7700,0.07276703783400575
838,241,202.1400,0.059687516074318485
839,232,202.6200,0.06369030493078753
840,228,202.9600,0.06265298675606844
841,249,203.5500,0.06225494263005484
842,246,204.2900,0.06431256909097537
843,254,205.0600,0.06496845330955006
844,226,205.2400,0.07330718508146836
845,236,205.8700,0.06775243479711146
846,225,206.1800,0.0652756366526915
847,260,206.8000,0.061780916071998385
848,234,207.2400,0.06795124144444609
849,240,207.7700,0.06604276645812206
850,221,208.1900,0.06348162073835865
851,254,208.9800,0.05486005168100159
852,246,209.2100,0.0623959246833574
853,237,209.7200,0.051404778912411964
854,260,210.4400,0.051231975527480246
855,243,211.0300,0.05073574298624823
856,275,211.9800,0.054171321043236687
857,249,212.5100,0.049828032082148706
858,353,214.2600,0.05901817361515532
859,367,216.0900,0.054325624960360475
860,500,219.4000,0.050796507952734826
861,500,222.6100,0.04884836736321449
862,500,225.7200,0.041733415574766695
863,89,224.9000,0.04748868110349004
864,81,223.7800,0.039960432786172555
865,94,222.9800,0.03474450634515032
866,73,221.8000,0.05186523735038426
867,500,224.9800,0.049316968774423
868,82,224.3900,0.0437544582797805
869,500,227.5900,0.049704686186276374
870,500,230.8400,0.048926770246587696
871,74,229.5300,0.047568568469000025
872,66,228.3300,0.056984687795523896
873,69,227.2200,0.04319507315538931
874,68,225.8900,0.058513792930170894
875,73,224.6000,0.04735418004685477
876,500,227.6300,0.05356292916741222
877,500,230.6800,0.04718328634370118
878,78,229.5800,0.04884884471240907
879,58,228.2000,0.054672088626579476
880,66,226.8500,0.04710064812873801
881,71,225.5800,0.0575034929649301
882,500,228.5900,0.052868302369490264
883,69,227.2900,0.054517918691524996
884,500,230.0800,0.05756897226255387
885,500,232.7900,0.05717959870910272
886,400,234.7400,0.05169519504997879
887,109,233.9100,0.050025383014778754
888,275,234.6500,0.04887176640924405
889,169,234.3000,0.04171698649287136
890,268,234.9800,0.05205789735756203
891,77,233.6700,0.053076322402127764
892,193,233.4900,0.048535722614280456
893,82,232.2700,0.06692519178046141
894,92,230.9700,0.05494446477488331
895,56,229.4600,0.06729934234005798
896,90,228.2100,0.07673330334429111
897,73,226.6100,0.06604026338366205
898,71,225.3100,0.058384483647336005
899,72,223.9200,0.06880816852208227
900,63,222.3900,0.07129383913522201
901,67,220.9600,0.0719757855716926
902,58,219.4600,0.06731836736234355
903,59,217.7600,0.08634017010898155
904,80,216.4600,0.07956194109865464
905,61,214.7300,0.10915527905749738
906,66,213.1400,0.08959917415808322
907,74,211.9000,0.11619866510374925
908,59,210.4300,0.08944603915215801
909,67,209.0600,0.10096152301933338
910,66,207.7300,0.10690744436402438
911,68,206.3900,0.11534355387009461
912,73,205.0600,0.0946669005852652
913,141,204.3700,0.11499248467821707
914,67,202.9600,0.07885197048256201
915,59,201.3600,0.12348268121102099
916,145,200.5700,0.10669545665190651
917,75,199.2300,0.13917720706512532
918,91,198.1200,0.10745235536615927
919,69,196.5700,0.11130145572098916
920,284,197.2900,0.11101468695609659
921,212,197.3500,0.12340709074391579
922,198,197.2700,0.12735896622479864
923,82,196.0500,0.12466279336637477
924,249,196.4700,0.1416190198742332
925,152,195.8500,0.13218018366942966
926,136,195.1800,0.11660070303033161
927,71,193.7100,0.09832060009792028
928,79,192.1400,0.12186178967616038
929,169,191.5200,0.11409451321770366
930,103,190.4200,0.10579161238359305
931,117,189.3700,0.12854522683172145
932,69,187.9600,0.15003530598798956
933,141,187.1800,0.15125876846756284
934,116,186.0000,0.12437848905342277
935,130,185.0800,0.1431459256519492
936,134,184.0300,0.1426635089768236
937,88,182.5200,0.11604085493176668
938,100,181.1100,0.1519834592472762
939,99,179.7800,0.14855424378706952
940,293,180.4300,0.15770962626479387
941,92,178.8600,0.17925992021944537
942,110,177.5000,0.15151136216538197
943,84,175.8000,0.14298162733515105
944,316,176.7000,0.1559618835638077
945,81,175.1500,0.16948263746122888
946,410,177.0000,0.15019467680646878
947,74,175.1400,0.1153776603247467
948,85,173.6500,0.17730175023350644
949,82,172.0700,0.1636548782869174
950,111,170.9700,0.1527850498814505
951,92,169.3500,0.1715098595013842
952,78,167.6700,0.14786058234480712
953,93,166.2300,0.1525137180572636
954,79,164.4200,0.15938879230613762
955,91,162.9000,0.17298957241371601
956,74,160.8900,0.16105266324420636
957,73,159.1300,0.19074016030597157
958,89,156.4900,0.16185473317929197
959,87,153.6900,0.16086951029840216
960,96,149.6500,0.16967077213727558
961,81,145.4600,0.1562398428005385
962,96,141.4200,0.18294136824745996
963,85,141.3800,0.17360437464735964
964,97,141.5400,0.18950594251149708
965,80,141.4000,0.19621760852169245
966,79,141.4600,0.2196771231350265
967,79,137.2500,0.18582047778476454
968,93,137.3600,0.15640080999583006
969,96,133.3200,0.2280089349563544
970,84,129.1600,0.22781858783924863
971,74,129.1600,0.21047335666151265
972,90,129.4000,0.17401866721403267
973,87,129.5800,0.21210807337072388
974,102,129.9200,0.23034951834957682
975,91,130.1000,0.219419381064414
976,88,125.9800,0.25809287099400535
977,85,121.8300,0.2043307778042029
978,102,122.0700,0.2367946523305613
979,99,122.4800,0.22293711357721777
980,38,122.2000,0.20169788616170226
981,41,121.9000,0.2176012097312728
982,93,117.8300,0.24594678602591957
983,37,117.5100,0.18799327987221046
984,94,113.4500,0.22483299241619223
985,99,109.4400,0.22674877526746554
986,94,106.3800,0.24919900043491036
987,97,106.2600,0.2685201664733672
988,106,104.5700,0.23272468014795966
989,91,103.7900,0.23362532042089726
990,38,101.4900,0.25942122558818054
991,106,101.7800,0.2380535915353388
992,101,100.8600,0.2566229014260934
993,97,101.0100,0.2686647691082248
994,113,101.2200,0.2407463499039939
995,28,100.9400,0.22148925189061888
996,127,101.3100,0.22548379402930344
997,102,101.6000,0.22992450311122573
998,113,102.0200,0.24758380173450023
999,118,102.4800,0.21605853025675198
1000,36,102.2100,0.21727259431241286
1001,31,101.8500,0.2421572483294914
1002,109,102.3600,0.22008659051509077
1003,58,102.3500,0.23759946318600197
1004,54,102.0900,0.23291983720156606
1005,108,102.5600,0.21634817887011362
1006,100,102.9000,0.19430118120275439
1007,102,103.1800,0.23645565952813508
1008,103,103.6200,0.1982895542541971
1009,121,104.1600,0.23861400872345798
1010,110,104.6000,0.2128295057495548
1011,105,104.9700,0.21181578483609925
1012,37,104.6100,0.2010466192748297
1013,99,104.1900,0.21838802611925687
1014,139,104.9100,0.22123190233644716
1015,99,105.3100,0.2305439431972877
1016,56,104.4200,0.19467835161568864
1017,118,104.8500,0.20239707574216745
1018,32,104.2600,0.22190293058520183
1019,111,104.6800,0.235384146452185
1020,118,103.0200,0.2649099425870483
1021,114,102.0400,0.24529946106077546
1022,53,100.5900,0.23419181257486343
1023,125,101.0200,0.21202972818538546
1024,91,99.4400,0.22130924410053662
1025,47,98.3900,0.25087265711911816
1026,35,97.3800,0.20561539226078562
1027,51,97.1800,0.23344565402058995
1028,68,97.0700,0.25643106197993104
1029,53,95.9100,0.2413409963636747
1030,44,95.3200,0.2317938954061405
1031,119,95.3400,0.20635222328998962
1032,53,95.1800,0.23126384772290037
1033,35,94.1200,0.21505186934290188
1034,53,93.4900,0.2092613739681975
1035,62,92.8100,0.23964615356958202
1036,126,92.7300,0.257548165234131
1037,58,92.4300,0.208821936157243
1038,48,91.9100,0.25529389883740805
1039,56,91.4800,0.2388934655131639
1040,46,89.0100,0.2212852631067938
1041,77,88.8600,0.2550437061974851
1042,81,88.5700,0.23705115467654886
1043,43,88.1600,0.2517862835530798
1044,49,85.4900,0.2946268320273684
1045,66,85.3400,0.24312283776023172
1046,45,81.6900,0.2560569469196101
1047,37,81.3200,0.2656846613170126
1048,45,80.9200,0.2886080482560727
1049,41,80.5100,0.23761354822938036
1050,75,80.1500,0.28910594594354433
1051,81,80.0400,0.26335354809890743
1052,71,79.9700,0.2635439658983493
1053,40,79.4400,0.27384087125537915
1054,65,79.3000,0.2645070583273012
1055,65,79.0400,0.2526468240799239
1056,57,78.8700,0.2610945192231029
1057,73,78.8700,0.2669379537580662
1058,62,78.6000,0.2503970239551798
1059,73,78.4600,0.27428807738581545
1060,63,78.1300,0.2702012118839082
1061,58,77.9000,0.29210370355927995
1062,60,77.5400,0.28617545193216454
1063,48,77.1700,0.25519963586702943
1064,65,76.8500,0.28890754024569804
1065,48,76.5300,0.2639119111505958
1066,52,76.2600,0.28030346103836423
1067,63,76.1000,0.27736959431970876
1068,64,75.8100,0.26017886948102387
1069,69,75.5400,0.30769114355570165
1070,65,75.3500,0.2824420574049537
1071,52,75.1300,0.3272071439916125
1072,115,75.3800,0.28314914029577504
1073,62,75.1300,0.28809590342514696
1074,90,75.0100,0.3029569266312238
1075,70,74.8000,0.3138807617926172
1076,108,75.0000,0.3256414513905636
1077,95,75.1000,0.31527809800188006
1078,51,74.5900,0.322029259265857
1079,69,74.2900,0.26178254073728685
1080,104,74.9500,0.3089783512942421
1081,50,75.0400,0.30969990069046616
1082,42,74.5300,0.2837714241329758
1083,62,74.7800,0.3452746347719503
1084,60,74.4400,0.33431903008216374
1085,94,74.3900,0.3444387993745585
1086,116,74.6100,0.2899853536128548
1087,55,74.1900,0.3359330717982216
1088,66,73.7900,0.3245358338621868
1089,63,73.5100,0.3341025126403168
1090,56,73.6900,0.29272266651969403
1091,46,73.0900,0.29015144818138494
1092,81,72.8900,0.30659087618559966
1093,57,72.4900,0.2364972089090499
1094,50,71.8600,0.35545901028439403
1095,48,72.0600,0.371607072292439
1096,67,71.4600,0.2797394659536988
1097,45,70.8900,0.3282217254758709
1098,50,70.2600,0.2810606546979397
1099,75,69.8300,0.3194101496227086
1100,87,70.3400,0.2574765447837611
1101,67,70.7000,0.26514755739872137
1102,69,70.3000,0.31749397401522467
1103,57,70.2900,0.2768885986307603
1104,56,70.3100,0.2595656275932145
1105,52,69.7500,0.2990043549798429
1106,63,69.3800,0.32440684777906253
1107,74,69.1000,0.3545640582294279
1108,61,68.6800,0.3172935767816838
1109,73,68.2000,0.35281183703942864
1110,54,67.6400,0.3961944393468676
1111,47,67.0600,0.3716650287065893
1112,46,67.1500,0.3461498871911317
1113,62,66.7800,0.3086306086080449
1114,61,66.0000,0.31103098680280516
1115,53,65.5400,0.35596463505073256
1116,59,65.5700,0.33771709745781403
1117,47,64.8600,0.31544097557545026
1118,48,65.0200,0.28630821859890904
1119,66,64.5700,0.34950509563681076
1120,61,64.0000,0.33061041873040015
1121,56,63.4200,0.34145985243542654
1122,41,63.3000,0.3390619918454166
1123,82,62.8700,0.3370544416716368
1124,35,62.3100,0.36665167322914516
1125,45,62.2900,0.32349121718563967
1126,47,62.4100,0.31437757712333125
1127,50,62.4000,0.3582001351006329
1128,46,62.1800,0.3575809578127835
1129,53,62.1800,0.30761405918747187
1130,55,62.2900,0.31883533036505635
1131,41,61.5100,0.24616102926523947
1132,53,61.5100,0.3645969288739956
1133,44,61.6000,0.3578836921157993
1134,49,61.5600,0.3269500639954848
1135,84,61.7800,0.3358249861436586
1136,55,61.0700,0.32878269937566734
1137,39,60.8800,0.3883909847682867
1138,57,60.9700,0.3742686332644601
1139,52,60.9300,0.38988791737490547
1140,42,60.8900,0.3293792053924075
1141,53,60.6500,0.3206738522100561
1142,50,60.3400,0.3391784382518381
1143,47,60.3800,0.3586137043114038
1144,54,60.4300,0.388796752249753
1145,54,60.3100,0.3790845267509145
1146,43,60.2900,0.3573408862142715
1147,39,60.3100,0.4253851567060711
1148,16,60.0200,0.33768957830034196
1149,51,60.1200,0.35229265497193907
1150,48,59.8500,0.34995528414341
1151,42,59.4600,0.29405590439481394
1152,43,59.1800,0.38021177758441066
1153,54,59.3200,0.353417297238829
1154,44,59.1100,0.3895685305840082
1155,46,58.9200,0.37081173511788895
1156,44,58.7900,0.3904523954684423
1157,48,58.5400,0.4186516966437921
1158,35,58.2700,0.33786541164985723
1159,49,58.0300,0.34050696951394177
1160,46,57.8600,0.42215455487451475
1161,55,57.8300,0.3782264562239024
1162,52,57.7500,0.37336728354701054
1163,44,57.7100,0.3066972427239472
1164,41,57.4700,0.30649453319790887
1165,40,57.3900,0.37062254308257253
1166,51,57.3800,0.3801276862493479
1167,45,57.2000,0.3618339773060547
1168,54,57.1000,0.36521915369667113
1169,42,56.8300,0.3055185049971832
1170,43,56.6100,0.3572089993070031
1171,41,56.5000,0.42383307934079956
1172,46,55.8100,0.43286197367326723
1173,18,55.3700,0.37011607079249287
1174,48,54.9500,0.40266102271076915
1175,44,54.6900,0.4263151611243798
1176,45,54.0600,0.37753914727105037
1177,36,53.4700,0.39266662317742074
1178,50,53.4600,0.41122659416869284
1179,42,53.1900,0.36797546567617073
1180,45,52.6000,0.4193472823335065
1181,55,52.6500,0.3573580997403372
1182,50,52.7300,0.3766963708214462
1183,41,52.5200,0.44082313102511006
1184,42,52.3400,0.4364821544094455
1185,49,51.8900,0.44531860502854903
1186,43,51.1600,0.4016185080805837
1187,53,51.1400,0.3618704849713535
1188,47,50.9500,0.4792733630561765
1189,46,50.7800,0.41715281211730576
1190,49,50.7100,0.38720468671194147
1191,48,50.7300,0.44012196868425235
1192,50,50.4200,0.37426555216312407
1193,60,50.4500,0.4601443592769404
1194,50,50.4500,0.4017730217427015
1195,51,50.4800,0.4186140423019727
1196,66,50.4700,0.43185257978003583
1197,56,50.5800,0.3846631007701425
1198,61,50.6900,0.4208567546161472
1199,52,50.4600,0.42589788851686394
1200,55,50.1400,0.44095995160327717
1201,65,50.1200,0.41420045922008847
1202,56,49.9900,0.3806971171205597
1203,62,50.0400,0.47596595670667385
1204,61,50.0900,0.40403867132778537
1205,58,50.1500,0.43416122417768527
1206,63,50.1500,0.4649578873955068
1207,65,50.0600,0.3488979064644529
1208,68,50.1300,0.37607166314881074
1209,500,54.4000,0.4016850082669407
1210,288,56.7400,0.38217919387453647
1211,219,58.4600,0.37289832765874387
1212,184,59.8400,0.370190024163331
1213,168,60.9000,0.3406323777689111
1214,184,62.1300,0.3687535901199621
1215,178,63.3800,0.3201260568228749
1216,184,64.6300,0.3093506332345145
1217,198,66.1400,0.34831532626647993
1218,191,67.5700,0.341586126828888
1219,197,68.8800,0.3182647653387358
1220,194,70.2100,0.2800968289951381
1221,208,71.7300,0.3056095457644775
1222,198,73.3000,0.33414602976743923
1223,190,74.3800,0.33083935401549464
1224,194,75.9700,0.28408324366108967
1225,200,77.5200,0.298112413934432
1226,189,78.9400,0.2824177562145802
1227,203,80.4700,0.28093442376336
1228,207,82.0800,0.27897935583377664
1229,181,83.3600,0.24665109931558207
1230,208,84.8900,0.2717586319329432
1231,203,86.5100,0.24671683179242124
1232,204,88.0200,0.28704652218969867
1233,197,89.5500,0.2499272524885039
1234,192,90.9800,0.2525127260547985
1235,199,92.1300,0.22660137927768068
1236,212,93.7000,0.22789866470222203
1237,200,95.3100,0.24666603121440858
1238,197,96.7100,0.22325334469622313
1239,197,98.1600,0.2566378550547255
1240,214,99.8800,0.2057264713814186
1241,215,101.5000,0.184398974426264
1242,223,103.2300,0.1911738806074243
1243,203,104.7900,0.18923945826354432
1244,201,106.2600,0.1763739301846247
1245,221,107.9300,0.16023061615604553
1246,183,109.3300,0.162904538458488
1247,227,111.2100,0.1395720578237777
1248,234,113.3900,0.1385724270541189
1249,225,115.1300,0.10825997546729114
1250,237,117.0200,0.11568790619980686
1251,229,118.8900,0.10140562668548465
1252,249,120.9500,0.09396852481077952
1253,277,123.1800,0.09049385121690667
1254,306,125.8000,0.07563233625728126
1255,311,128.4500,0.06435407701897708
1256,330,131.3100,0.06916630818141681
1257,309,133.9200,0.07142494840119457
1258,268,136.2500,0.06695549205682282
1259,262,138.3800,0.05949426257542072
1260,302,140.9400,0.06254028492385139
1261,253,142.9200,0.06308908676986284
1262,273,145.1300,0.06368706125813799
1263,274,147.4300,0.06292918140585296
1264,277,149.7900,0.060448699965333356
1265,259,151.9800,0.059774312455005744
1266,292,154.3900,0.058266556477301744
1267,271,156.6500,0.06039816534105427
1268,284,158.9500,0.05370851348213274
1269,266,161.1900,0.05095969128100328
1270,287,163.6300,0.053549335961220364
1271,262,165.8400,0.05463283850264003
1272,269,168.0700,0.04843773156903047
1273,266,170.5500,0.05106717660056805
1274,271,172.7800,0.05245353942187125
1275,272,175.0600,0.0454386103699696
1276,278,177.3900,0.046152214382326216
1277,277,179.8000,0.05067323180527463
1278,296,182.2600,0.047098074465474066
1279,290,184.7400,0.054879432722348076
1280,297,187.2600,0.05277969042993204
1281,283,189.5400,0.04528706892337584
1282,297,192.0100,0.04825460168561249
1283,289,194.4900,0.04706845033565813
1284,288,196.9500,0.04757789385136372
1285,293,199.3900,0.051132891471767895
1286,270,201.6600,0.05097507991724544
1287,289,204.0200,0.047451532901841564
1288,291,206.4600,0.046104579519070814
1289,299,208.9900,0.04302704661467851
1290,290,211.4000,0.05506269552680696
1291,319,214.1100,0.041098516684778756
1292,279,216.4000,0.04512812505312611
1293,298,218.7800,0.043095758453561554
1294,298,221.2600,0.03944877804657007
1295,305,223.8000,0.04968060560249647
1296,300,226.1400,0.04440067446945856
1297,280,228.3800,0.04712165982761819
1298,300,230.7700,0.03582825706185152
1299,325,233.5000,0.04328953831241681
1300,319,236.1400,0.04030294416962793
1301,321,238.7000,0.0503788690396071
1302,306,241.2000,0.04660505303516497
1303,315,243.7300,0.04958271044971688
1304,306,246.1800,0.042657981812345244
1305,304,248.6400,0.045821675917403284
1306,313,251.1400,0.04150039728614874
1307,327,253.7600,0.04218607406994892
1308,294,256.0200,0.043901774192824455
1309,305,254.0700,0.041783544873116446
1310,315,254.3400,0.04211243888481506
1311,316,255.3100,0.04253149058970422
1312,317,256.6400,0.041462233149790285
1313,302,257.9800,0.044010744947440526
1314,305,259.1900,0.0462005450107829
1315,314,260.5500,0.044783690163515695
1316,331,262.0200,0.04308919750894012
1317,313,263.1700,0.045000334687608355
1318,319,264.4500,0.04715325815317025
1319,308,265.5600,0.0434891133971343
1320,314,266.7600,0.03891670872801381
1321,334,268.0200,0.04297078693352506
1322,329,269.3300,0.04493038010172048
1323,350,270.9300,0.03572054144394185
1324,341,272.4000,0.039762410108557196
1325,344,273.8400,0.04508178612842701
1326,352,275.4700,0.04151834272157761
1327,339,276.8300,0.03842817671228871
1328,327,278.0300,0.04689577259322691
1329,343,279.6500,0.041907573486040225
1330,349,281.0600,0.04614160239181473
1331,351,282.5400,0.044345308068683344
1332,325,283.7500,0.03531801663339138
1333,356,285.3400,0.044601756901469794
1334,375,287.1700,0.04160896183860799
1335,352,288.7000,0.037118843061431435
1336,357,290.1500,0.0371991059669823
1337,356,291.7100,0.03906815736083669
1338,380,293.5400,0.037346293413276346
1339,380,295.3700,0.040059094700815256
1340,389,297.1200,0.04228543707619692
1341,352,298.4900,0.03382110233691161
1342,396,300.2200,0.03974169019534431
1343,388,302.0700,0.0412229249678725
1344,370,303.7600,0.0340499019243981
1345,432,305.8700,0.038198123359944915
1346,418,308.2200,0.0347895733817173
1347,451,310.4600,0.037840189681720905
1348,446,312.5800,0.039621070151597326
1349,461,314.9400,0.035088629341116596
1350,449,317.0600,0.03610317136227404
1351,479,319.5600,0.03450087477629985
1352,444,321.5100,0.029349885261114185
1353,460,323.3400,0.03195751806133953
1354,500,325.2800,0.032031339606735855
1355,500,327.1700,0.035332574297674
1356,500,328.8700,0.03131972167082131
1357,500,330.7800,0.025598749327007682
1358,500,333.1000,0.023498328952118754
1359,500,335.4800,0.024787619333248585
1360,500,337.4600,0.022919841604772954
1361,500,339.9300,0.020008632294367997
1362,500,342.2000,0.02049459716072306
1363,500,344.4600,0.01749012097157538
1364,500,346.6900,0.01684062493033707
1365,500,349.1000,0.012379228233825415
1366,500,351.1800,0.013704219900537282
1367,500,353.4700,0.013755977956810966
1368,500,355.6300,0.009147218548925593
1369,500,357.9700,0.008640173215419053
1370,500,360.1000,0.006461380170658231
1371,500,362.4800,0.005963915822794661
1372,500,364.7900,0.005498814921127632
1373,500,367.1300,0.003921370445750654
1374,500,369.4200,0.0022383890920318664
1375,500,371.7000,0.0021185524750035258
1376,500,373.9200,0.001971787433605641
1377,500,376.1500,0.0018898836092557758
1378,500,378.1900,0.0018859767999965698
1379,500,380.2900,0.0018608123823069037
1380,500,382.3200,0.0018594619981013238
1381,500,384.4900,0.0018191078670788557
1382,500,386.5200,0.0018553079613484443
1383,500,388.6300,0.001807160142576322
1384,500,390.7500,0.0018372866003774106
1385,65,388.4700,0.001861522808814278
1386,500,390.7700,0.0037838868638500572
1387,500,392.8800,0.007188421990023926
1388,62,390.5900,0.004913345809214779
1389,500,392.6000,0.006502265713410452
1390,77,390.4700,0.004482723030189125
1391,500,392.2800,0.011066165486583486
1392,63,390.1200,0.004995878192684835
1393,67,387.8100,0.013191200615560164
1394,500,389.8300,0.01560863499995321
1395,63,387.4100,0.01096520963538852
1396,500,389.4100,0.01781522696604952
1397,500,391.6100,0.019706502183107658
1398,67,389.2800,0.0076676995316242325
1399,500,391.0300,0.01479212694359012
1400,20,388.0400,0.011342376261018217
1401,24,385.0700,0.048826679470948875
1402,500,387.0100,0.02744335175771266
1403,68,384.5400,0.026781705021515816
1404,500,386.4800,0.02793222072883509
1405,353,386.9700,0.025539103713052784
1406,166,385.5000,0.024962169057212723
1407,384,386.0700,0.023139144746589107
1408,372,386.8500,0.029161281480331234
1409,410,387.9000,0.025813867880894643
1410,500,389.7500,0.03608200512919575
1411,500,391.5900,0.029217850066022948
1412,500,393.4200,0.03326020171586424
1413,500,395.4000,0.029446096629835664
1414,500,397.3500,0.03728467248706147
1415,500,399.2100,0.03341603158414364
1416,75,396.6500,0.041990928657663365
1417,500,398.5200,0.03273830633610487
1418,500,400.3300,0.03609925258299336
1419,82,398.0700,0.03676604564733258
1420,69,395.6200,0.03474290673688486
1421,76,393.0400,0.03137108039931933
1422,72,390.4700,0.04136855164284094
1423,84,387.8100,0.03933781657611862
1424,500,389.4000,0.035253763222601264
1425,500,390.9600,0.03916282703354955
1426,500,392.4400,0.03487484236550517
1427,67,389.7200,0.03903747827106559
1428,31,386.7600,0.02282149493393879
1429,500,388.3300,0.03940994643466547
1430,83,385.6700,0.04662085514717612
1431,93,383.0900,0.03905984069601262
1432,26,380.1000,0.06329263175407854
1433,21,376.7500,0.053323052468754
1434,290,375.9000,0.045099699378398986
1435,500,377.3800,0.04826430162228644
1436,500,378.8100,0.044116565906908364
1437,89,376.1400,0.0475939661526027
1438,78,373.1200,0.047047686613857366
1439,85,370.1700,0.06085884838419802
1440,28,366.5600,0.06064506927006213
1441,69,363.7300,0.07070566494476752
1442,500,364.7700,0.04994776518642902
1443,69,361.5800,0.07235721538545213
1444,78,358.6600,0.029883349881483577
1445,77,355.1100,0.058010945649962724
1446,500,355.9300,0.057961807119194415
1447,81,352.2300,0.04652443648614909
1448,77,348.5400,0.036694408802605875
1449,500,348.9300,0.06207631245674566
1450,81,345.2500,0.05177645722726061
1451,500,345.4600,0.05757305320072919
1452,500,346.0200,0.05623182290187106
1453,500,346.4200,0.061581154975108805
1454,156,342.9800,0.06256643987189119
1455,77,338.7500,0.07276305491588526
1456,79,334.5400,0.06082341062859927
1457,500,334.5400,0.06971089455345646
1458,500,334.5400,0.06196078551467508
1459,82,330.3600,0.054239266872883024
1460,500,330.3600,0.07026431562146172
1461,82,326.1800,0.08697408489405928
1462,84,322.0200,0.0680378407788729
1463,77,317.7900,0.04909250581358838
1464,75,313.5400,0.05989038677265247
1465,34,308.8800,0.05849966269178206
1466,76,304.6400,0.10973482829592142
1467,81,300.4500,0.06833010875723428
1468,86,296.3100,0.08252386031076746
1469,91,292.2200,0.06086202099878382
1470,78,288.0000,0.06642684578382148
1471,37,283.3700,0.08917194093275513
1472,81,279.1800,0.06290193974258906
1473,32,274.5000,0.10952247965906281
1474,78,270.2800,0.08462674636990787
1475,75,266.0300,0.09302847341323893
1476,80,261.8300,0.09939219297957606
1477,77,257.6000,0.10509490141911167
1478,81,253.4100,0.11690689292506395
1479,72,249.1300,0.11596460836072867
1480,81,244.9400,0.11256940512239565
1481,84,240.7800,0.08159564769205947
1482,80,236.5800,0.0726296026055934
1483,75,232.3300,0.12062425412858525
1484,69,228.0200,0.12831035391022655
1485,82,228.1900,0.08451529346951624
1486,75,223.9400,0.11053381392732263
1487,75,219.6900,0.12415158404037356
1488,48,219.5500,0.1465091039717663
1489,84,215.3900,0.11365818896419591
1490,74,215.3600,0.12107239881643674
1491,79,211.1500,0.1253259747076921
1492,70,211.2200,0.11656515724025666
1493,46,211.0100,0.0694427611205079
1494,73,206.7400,0.13499967982252575
1495,75,206.8600,0.193392601168404
1496,69,202.5500,0.13882221300424874
1497,75,198.3000,0.1272111829277128
1498,78,198.4100,0.15036019322892222
1499,80,194.2100,0.15964984386810102
