episode,episode_steps,episode_reward,epsilon,running_avg_100,generalization_avg,generalization_seeds,generalization_rewards,best_running_avg_100,best_generalization_avg,saved_best_running_model,saved_best_generalization_model
0,10,10.0,0.8553208800276102,,,,,0,0,0,0
1,27,27.0,0.8356283191166786,,,,,0,0,0,0
2,11,11.0,0.8277386486361998,,,,,0,0,0,0
3,15,15.0,0.8171023878317569,,,,,0,0,0,0
4,11,11.0,0.8093912400490778,,,,,0,0,0,0
5,17,17.0,0.797619913772844,,,,,0,0,0,0
6,12,12.0,0.789416165655882,,,,,0,0,0,0
7,19,19.0,0.7766028347398298,,,,,0,0,0,0
8,14,14.0,0.7672976245202181,,,,,0,0,0,0
9,20,20.0,0.7542018290299617,,,,,0,0,0,0
10,10,10.0,0.7477398854800248,,,,,0,0,0,0
11,16,16.0,0.7375183671762531,,,,,0,0,0,0
12,17,17.0,0.7268145954711336,,,,,0,0,0,0
13,13,13.0,0.7187367588744513,,,,,0,0,0,0
14,17,17.0,0.70831195739821,,,,,0,0,0,0
15,11,11.0,0.7016491542756221,,,,,0,0,0,0
16,9,9.0,0.6962455538254355,,,,,0,0,0,0
17,31,31.0,0.6779574481136099,,,,,0,0,0,0
18,12,12.0,0.6710110873045947,,,,,0,0,0,0
19,13,13.0,0.6635682071494323,,,,,0,0,0,0
20,12,12.0,0.6567730453722912,,,,,0,0,0,0
21,11,11.0,0.6506068901900963,,,,,0,0,0,0
22,11,11.0,0.6445001543505107,,,,,0,0,0,0
23,14,14.0,0.636812979355313,,,,,0,0,0,0
24,10,10.0,0.6313798534650417,,,,,0,0,0,0
25,12,12.0,0.6249229199465569,,,,,0,0,0,0
26,11,11.0,0.6190636843048056,,,,,0,0,0,0
27,10,10.0,0.6137861165296804,,,,,0,0,0,0
28,15,15.0,0.6059563635166942,,,,,0,0,0,0
29,13,13.0,0.5992537041339812,,,,,0,0,0,0
30,11,11.0,0.5936418265109322,,,,,0,0,0,0
31,11,11.0,0.5880840270077674,,,,,0,0,0,0
32,11,11.0,0.5825797845078038,,,,,0,0,0,0
33,11,11.0,0.5771285829160312,,,,,0,0,0,0
34,10,10.0,0.5722185421503981,,,,,0,0,0,0
35,14,14.0,0.5654166951006482,,,,,0,0,0,0
36,11,11.0,0.5601308833603447,,,,,0,0,0,0
37,11,11.0,0.5548960076489742,,,,,0,0,0,0
38,15,15.0,0.5478387416347917,,,,,0,0,0,0
39,15,15.0,0.5408740488276669,,,,,0,0,0,0
40,17,17.0,0.5330911084813849,,,,,0,0,0,0
41,13,13.0,0.5272175414723909,,,,,0,0,0,0
42,10,10.0,0.5227449303348003,,,,,0,0,0,0
43,13,13.0,0.5169890866137344,,,,,0,0,0,0
44,11,11.0,0.5121699411468883,,,,,0,0,0,0
45,12,12.0,0.5069656396037228,,,,,0,0,0,0
46,25,25.0,0.4962983181620012,,,,,0,0,0,0
47,10,10.0,0.49209668883446356,,,,,0,0,0,0
48,12,12.0,0.4871033126850529,,,,,0,0,0,0
49,10,10.0,0.4829822700916184,,10.733333333333333,42|49|56|63|70|77|84|91|98|105|112|119|126|133|140|147|154|161|168|175|182|189|196|203|210|217|224|231|238|245,9.0|11.0|9.0|12.0|11.0|12.0|9.0|9.0|12.0|12.0|11.0|9.0|12.0|11.0|10.0|10.0|12.0|12.0|9.0|12.0|11.0|11.0|10.0|12.0|11.0|9.0|11.0|12.0|9.0|12.0,0,10.733333333333333,0,1
50,11,11.0,0.4784908268350273,,10.733333333333333,,,0,10.733333333333333,0,0
51,12,12.0,0.4736404181407624,,10.733333333333333,,,0,10.733333333333333,0,0
52,11,11.0,0.4692389964105961,,10.733333333333333,,,0,10.733333333333333,0,0
53,11,11.0,0.4648799884014643,,10.733333333333333,,,0,10.733333333333333,0,0
54,24,24.0,0.45551467473073903,,10.733333333333333,,,0,10.733333333333333,0,0
55,17,17.0,0.4489996089852938,,10.733333333333333,,,0,10.733333333333333,0,0
56,12,12.0,0.4444590876296849,,10.733333333333333,,,0,10.733333333333333,0,0
57,14,14.0,0.4392220786063642,,10.733333333333333,,,0,10.733333333333333,0,0
58,9,9.0,0.43588935178713695,,10.733333333333333,,,0,10.733333333333333,0,0
59,13,13.0,0.43112178838916804,,10.733333333333333,,,0,10.733333333333333,0,0
60,14,14.0,0.4260481388064441,,10.733333333333333,,,0,10.733333333333333,0,0
61,14,14.0,0.42103663288134285,,10.733333333333333,,,0,10.733333333333333,0,0
62,10,10.0,0.4174946109281642,,10.733333333333333,,,0,10.733333333333333,0,0
63,10,10.0,0.4139836319125939,,10.733333333333333,,,0,10.733333333333333,0,0
64,15,15.0,0.40877477440530374,,10.733333333333333,,,0,10.733333333333333,0,0
65,13,13.0,0.4043157323912647,,10.733333333333333,,,0,10.733333333333333,0,0
66,18,18.0,0.3982253127457399,,10.733333333333333,,,0,10.733333333333333,0,0
67,10,10.0,0.3948832134347956,,10.733333333333333,,,0,10.733333333333333,0,0
68,13,13.0,0.39058223560723504,,10.733333333333333,,,0,10.733333333333333,0,0
69,11,11.0,0.38698119311804535,,10.733333333333333,,,0,10.733333333333333,0,0
70,13,13.0,0.38277012789393916,,10.733333333333333,,,0,10.733333333333333,0,0
71,14,14.0,0.3782887046733875,,10.733333333333333,,,0,10.733333333333333,0,0
72,9,9.0,0.37543681740549617,,10.733333333333333,,,0,10.733333333333333,0,0
73,11,11.0,0.37198172174484057,,10.733333333333333,,,0,10.733333333333333,0,0
74,10,10.0,0.36886962613484053,,10.733333333333333,,,0,10.733333333333333,0,0
75,14,14.0,0.36455846063666786,,10.733333333333333,,,0,10.733333333333333,0,0
76,13,13.0,0.36060253095678296,,10.733333333333333,,,0,10.733333333333333,0,0
77,10,10.0,0.35759016468622107,,10.733333333333333,,,0,10.733333333333333,0,0
78,15,15.0,0.3531210446506019,,10.733333333333333,,,0,10.733333333333333,0,0
79,11,11.0,0.34988099199612044,,10.733333333333333,,,0,10.733333333333333,0,0
80,13,13.0,0.34609206889995614,,10.733333333333333,,,0,10.733333333333333,0,0
81,17,17.0,0.34120229790576684,,10.733333333333333,,,0,10.733333333333333,0,0
82,12,12.0,0.3377944873800365,,10.733333333333333,,,0,10.733333333333333,0,0
83,11,11.0,0.3347021270768781,,10.733333333333333,,,0,10.733333333333333,0,0
84,18,18.0,0.3297060470697244,,10.733333333333333,,,0,10.733333333333333,0,0
85,11,11.0,0.3266916299567344,,10.733333333333333,,,0,10.733333333333333,0,0
86,11,11.0,0.3237062608773913,,10.733333333333333,,,0,10.733333333333333,0,0
87,14,14.0,0.31994827049742425,,10.733333333333333,,,0,10.733333333333333,0,0
88,15,15.0,0.3159729154492342,,10.733333333333333,,,0,10.733333333333333,0,0
89,12,12.0,0.3128302098176192,,10.733333333333333,,,0,10.733333333333333,0,0
90,13,13.0,0.30946286653929334,,10.733333333333333,,,0,10.733333333333333,0,0
91,11,11.0,0.3066435201703731,,10.733333333333333,,,0,10.733333333333333,0,0
92,15,15.0,0.3028426892798952,,10.733333333333333,,,0,10.733333333333333,0,0
93,14,14.0,0.29934024249414093,,10.733333333333333,,,0,10.733333333333333,0,0
94,14,14.0,0.2958806947794296,,10.733333333333333,,,0,10.733333333333333,0,0
95,17,17.0,0.29173673204114725,,10.733333333333333,,,0,10.733333333333333,0,0
96,11,11.0,0.2890882012335878,,10.733333333333333,,,0,10.733333333333333,0,0
97,13,13.0,0.2859910047933434,,10.733333333333333,,,0,10.733333333333333,0,0
98,19,19.0,0.2815276144586095,,10.733333333333333,,,0,10.733333333333333,0,0
99,11,11.0,0.2789774624685549,13.31,13.633333333333333,42|49|56|63|70|77|84|91|98|105|112|119|126|133|140|147|154|161|168|175|182|189|196|203|210|217|224|231|238|245,11.0|14.0|11.0|15.0|15.0|15.0|11.0|11.0|16.0|16.0|13.0|12.0|16.0|14.0|13.0|12.0|16.0|15.0|12.0|16.0|14.0|13.0|11.0|15.0|14.0|12.0|13.0|16.0|11.0|16.0,13.31,13.633333333333333,1,1
100,12,12.0,0.27622349705529814,13.33,13.633333333333333,,,13.33,13.633333333333333,1,0
101,19,19.0,0.2719221131429299,13.25,13.633333333333333,,,13.33,13.633333333333333,0,0
102,15,15.0,0.2685767379481311,13.29,13.633333333333333,,,13.33,13.633333333333333,0,0
103,16,16.0,0.2650566921196023,13.3,13.633333333333333,,,13.33,13.633333333333333,0,0
104,17,17.0,0.2613705697823536,13.36,13.633333333333333,,,13.36,13.633333333333333,1,0
105,16,16.0,0.2579513078681632,13.35,13.633333333333333,,,13.36,13.633333333333333,0,0
106,24,24.0,0.25291187011265526,13.47,13.633333333333333,,,13.47,13.633333333333333,1,0
107,16,16.0,0.24961090974837494,13.44,13.633333333333333,,,13.47,13.633333333333333,0,0
108,12,12.0,0.24716552171955597,13.42,13.633333333333333,,,13.47,13.633333333333333,0,0
109,12,12.0,0.24474582929924293,13.34,13.633333333333333,,,13.47,13.633333333333333,0,0
110,17,17.0,0.24136139177826024,13.41,13.633333333333333,,,13.47,13.633333333333333,0,0
111,18,18.0,0.23783264658375797,13.43,13.633333333333333,,,13.47,13.633333333333333,0,0
112,11,11.0,0.23570355539897753,13.37,13.633333333333333,,,13.47,13.633333333333333,0,0
113,11,11.0,0.23359498092109413,13.35,13.633333333333333,,,13.47,13.633333333333333,0,0
114,14,14.0,0.23094070187125768,13.32,13.633333333333333,,,13.47,13.633333333333333,0,0
115,14,14.0,0.2283189332669732,13.35,13.633333333333333,,,13.47,13.633333333333333,0,0
116,15,15.0,0.2255455198192465,13.41,13.633333333333333,,,13.47,13.633333333333333,0,0
117,12,12.0,0.22335300570281916,13.22,13.633333333333333,,,13.47,13.633333333333333,0,0
118,17,17.0,0.220286323764806,13.27,13.633333333333333,,,13.47,13.633333333333333,0,0
119,13,13.0,0.21797198483160374,13.27,13.633333333333333,,,13.47,13.633333333333333,0,0
120,15,15.0,0.21533429677640112,13.3,13.633333333333333,,,13.47,13.633333333333333,0,0
121,13,13.0,0.21307630414718898,13.32,13.633333333333333,,,13.47,13.633333333333333,0,0
122,19,19.0,0.20982229599124175,13.4,13.633333333333333,,,13.47,13.633333333333333,0,0
123,14,14.0,0.20745919227170168,13.4,13.633333333333333,,,13.47,13.633333333333333,0,0
124,15,15.0,0.20495940505804944,13.45,13.633333333333333,,,13.47,13.633333333333333,0,0
125,33,33.0,0.19957469153824905,13.66,13.633333333333333,,,13.66,13.633333333333333,1,0
126,72,72.0,0.1883553401533125,14.27,13.633333333333333,,,14.27,13.633333333333333,1,0
127,19,19.0,0.18551136033227825,14.36,13.633333333333333,,,14.36,13.633333333333333,1,0
128,22,22.0,0.18227721050939785,14.43,13.633333333333333,,,14.43,13.633333333333333,1,0
129,41,41.0,0.176414538493927,14.71,13.633333333333333,,,14.71,13.633333333333333,1,0
130,46,46.0,0.17008392850731677,15.06,13.633333333333333,,,15.06,13.633333333333333,1,0
131,13,13.0,0.16834081413141896,15.08,13.633333333333333,,,15.08,13.633333333333333,1,0
132,43,43.0,0.16271519788261624,15.4,13.633333333333333,,,15.4,13.633333333333333,1,0
133,65,65.0,0.15460551186394397,15.94,13.633333333333333,,,15.94,13.633333333333333,1,0
134,28,28.0,0.15125258989018958,16.12,13.633333333333333,,,16.12,13.633333333333333,1,0
135,172,172.0,0.13237409029430214,17.7,13.633333333333333,,,17.7,13.633333333333333,1,0
136,57,57.0,0.12672249353244364,18.16,13.633333333333333,,,18.16,13.633333333333333,1,0
137,131,131.0,0.11475987319181104,19.36,13.633333333333333,,,19.36,13.633333333333333,1,0
138,44,44.0,0.111041586611709,19.65,13.633333333333333,,,19.65,13.633333333333333,1,0
139,79,79.0,0.10471650555614037,20.29,13.633333333333333,,,20.29,13.633333333333333,1,0
140,189,189.0,0.09125524679687905,22.01,13.633333333333333,,,22.01,13.633333333333333,1,0
141,134,134.0,0.08298081921363688,23.22,13.633333333333333,,,23.22,13.633333333333333,1,0
142,93,93.0,0.07778571326095725,24.05,13.633333333333333,,,24.05,13.633333333333333,1,0
143,71,71.0,0.07409618789603842,24.63,13.633333333333333,,,24.63,13.633333333333333,1,0
144,85,85.0,0.06997196447728807,25.37,13.633333333333333,,,25.37,13.633333333333333,1,0
145,62,62.0,0.0671524885998265,25.87,13.633333333333333,,,25.87,13.633333333333333,1,0
146,67,67.0,0.0642737509035648,26.29,13.633333333333333,,,26.29,13.633333333333333,1,0
147,111,111.0,0.059862769273421226,27.3,13.633333333333333,,,27.3,13.633333333333333,1,0
148,84,84.0,0.05679979503333139,28.02,13.633333333333333,,,28.02,13.633333333333333,1,0
149,73,73.0,0.05431579248079236,28.65,81.03333333333333,42|49|56|63|70|77|84|91|98|105|112|119|126|133|140|147|154|161|168|175|182|189|196|203|210|217|224|231|238|245,87.0|73.0|91.0|76.0|75.0|77.0|102.0|85.0|84.0|79.0|75.0|102.0|62.0|86.0|82.0|113.0|65.0|67.0|82.0|62.0|61.0|71.0|109.0|72.0|85.0|112.0|74.0|72.0|91.0|59.0,28.65,81.03333333333333,1,1
150,87,87.0,0.051556512824553286,29.41,81.03333333333333,,,29.41,81.03333333333333,1,0
151,63,63.0,0.04968628752097597,29.92,81.03333333333333,,,29.92,81.03333333333333,1,0
152,86,86.0,0.047295073653613136,30.67,81.03333333333333,,,30.67,81.03333333333333,1,0
153,78,78.0,0.04527741611158222,31.34,81.03333333333333,,,31.34,81.03333333333333,1,0
154,91,91.0,0.043092068269037095,32.01,81.03333333333333,,,32.01,81.03333333333333,1,0
155,66,66.0,0.041613104898628024,32.5,81.03333333333333,,,32.5,81.03333333333333,1,0
156,69,69.0,0.040156093659526666,33.07,81.03333333333333,,,33.07,81.03333333333333,1,0
157,88,88.0,0.038421780010879494,33.81,81.03333333333333,,,33.81,81.03333333333333,1,0
158,84,84.0,0.03688703340312896,34.56,81.03333333333333,,,34.56,81.03333333333333,1,0
159,103,103.0,0.03515363158572991,35.46,81.03333333333333,,,35.46,81.03333333333333,1,0
160,67,67.0,0.034107574484231615,35.99,81.03333333333333,,,35.99,81.03333333333333,1,0
161,91,91.0,0.032782094015591144,36.76,81.03333333333333,,,36.76,81.03333333333333,1,0
162,167,167.0,0.030609360799618873,38.33,81.03333333333333,,,38.33,81.03333333333333,1,0
163,128,128.0,0.02914735480123391,39.51,81.03333333333333,,,39.51,81.03333333333333,1,0
164,93,93.0,0.028183815628702123,40.29,81.03333333333333,,,40.29,81.03333333333333,1,0
165,89,89.0,0.02733272307310902,41.05,81.03333333333333,,,41.05,81.03333333333333,1,0
166,96,96.0,0.026486444611320225,41.83,81.03333333333333,,,41.83,81.03333333333333,1,0
167,117,117.0,0.0255472069011076,42.9,81.03333333333333,,,42.9,81.03333333333333,1,0
168,92,92.0,0.024873681892031818,43.69,81.03333333333333,,,43.69,81.03333333333333,1,0
169,85,85.0,0.02429806467956977,44.43,81.03333333333333,,,44.43,81.03333333333333,1,0
170,154,154.0,0.023358813532238044,45.84,81.03333333333333,,,45.84,81.03333333333333,1,0
171,126,126.0,0.022679610767235063,46.96,81.03333333333333,,,46.96,81.03333333333333,1,0
172,98,98.0,0.022201036572601942,47.85,81.03333333333333,,,47.85,81.03333333333333,1,0
173,86,86.0,0.021813762021809204,48.6,81.03333333333333,,,48.6,81.03333333333333,1,0
174,98,98.0,0.02140675134233546,49.48,81.03333333333333,,,49.48,81.03333333333333,1,0
175,148,148.0,0.020854939774630606,50.82,81.03333333333333,,,50.82,81.03333333333333,1,0
176,126,126.0,0.02043860774659044,51.95,81.03333333333333,,,51.95,81.03333333333333,1,0
177,162,162.0,0.019966894338399696,53.47,81.03333333333333,,,53.47,81.03333333333333,1,0
178,110,110.0,0.019682864079782172,54.42,81.03333333333333,,,54.42,81.03333333333333,1,0
179,110,110.0,0.019425047141638643,55.41,81.03333333333333,,,55.41,81.03333333333333,1,0
180,130,130.0,0.019150856119931427,56.58,81.03333333333333,,,56.58,81.03333333333333,1,0
181,77,77.0,0.019002645752304943,57.18,81.03333333333333,,,57.18,81.03333333333333,1,0
182,90,90.0,0.01884167809086353,57.96,81.03333333333333,,,57.96,81.03333333333333,1,0
183,115,115.0,0.018653711823321907,59.0,81.03333333333333,,,59.0,81.03333333333333,1,0
184,154,154.0,0.018430030192237237,60.36,81.03333333333333,,,60.36,81.03333333333333,1,0
185,124,124.0,0.018270708663928412,61.49,81.03333333333333,,,61.49,81.03333333333333,1,0
186,110,110.0,0.018143220383918125,62.48,81.03333333333333,,,62.48,81.03333333333333,1,0
187,95,95.0,0.018042626363022334,63.29,81.03333333333333,,,63.29,81.03333333333333,1,0
188,120,120.0,0.01792701307370845,64.34,81.03333333333333,,,64.34,81.03333333333333,1,0
189,185,185.0,0.017771066740679742,66.07,81.03333333333333,,,66.07,81.03333333333333,1,0
190,91,91.0,0.017703189600794148,66.85,81.03333333333333,,,66.85,81.03333333333333,1,0
191,96,96.0,0.01763723861433194,67.7,81.03333333333333,,,67.7,81.03333333333333,1,0
192,114,114.0,0.017565827426825453,68.69,81.03333333333333,,,68.69,81.03333333333333,1,0
193,159,159.0,0.017477469280491275,70.14,81.03333333333333,,,70.14,81.03333333333333,1,0
194,102,102.0,0.01742696237737303,71.02,81.03333333333333,,,71.02,81.03333333333333,1,0
195,166,166.0,0.017353870232223838,72.51,81.03333333333333,,,72.51,81.03333333333333,1,0
196,151,151.0,0.017296050226723723,73.91,81.03333333333333,,,73.91,81.03333333333333,1,0
197,81,81.0,0.017268059669068338,74.59,81.03333333333333,,,74.59,81.03333333333333,1,0
198,116,116.0,0.017231295521882694,75.56,81.03333333333333,,,75.56,81.03333333333333,1,0
199,110,110.0,0.01719973529520709,76.55,110.9,42|49|56|63|70|77|84|91|98|105|112|119|126|133|140|147|154|161|168|175|182|189|196|203|210|217|224|231|238|245,78.0|114.0|78.0|111.0|107.0|102.0|78.0|101.0|101.0|108.0|141.0|73.0|173.0|85.0|87.0|74.0|156.0|129.0|105.0|190.0|165.0|123.0|79.0|128.0|90.0|78.0|104.0|130.0|84.0|155.0,76.55,110.9,1,1
200,94,94.0,0.017175084282309763,77.37,110.9,,,77.37,110.9,1,0
201,132,132.0,0.017143736907147166,78.5,110.9,,,78.5,110.9,1,0
202,95,95.0,0.017123326959761896,79.3,110.9,,,79.3,110.9,1,0
203,92,92.0,0.017105123537091704,80.06,110.9,,,80.06,110.9,1,0
204,108,108.0,0.017085552957011134,80.97,110.9,,,80.97,110.9,1,0
205,161,161.0,0.017059623935020047,82.42,110.9,,,82.42,110.9,1,0
206,137,137.0,0.01704027675606858,83.55,110.9,,,83.55,110.9,1,0
207,95,95.0,0.017028166952259765,84.34,110.9,,,84.34,110.9,1,0
208,125,125.0,0.017013700471828954,85.47,110.9,,,85.47,110.9,1,0
209,91,91.0,0.017004126266434934,86.26,110.9,,,86.26,110.9,1,0
210,131,131.0,0.016991623052106764,87.4,110.9,,,87.4,110.9,1,0
211,114,114.0,0.016981855968416365,88.36,110.9,,,88.36,110.9,1,0
212,80,80.0,0.01697556417691899,89.05,110.9,,,89.05,110.9,1,0
213,86,86.0,0.016969276854550307,89.8,110.9,,,89.8,110.9,1,0
214,109,109.0,0.016961962394663535,90.75,110.9,,,90.75,110.9,1,0
215,126,126.0,0.016954337007580138,91.87,110.9,,,91.87,110.9,1,0
216,112,112.0,0.016948233650457164,92.84,110.9,,,92.84,110.9,1,0
217,100,100.0,0.016943270114921822,93.72,110.9,,,93.72,110.9,1,0
218,137,137.0,0.016937141929250023,94.92,110.9,,,94.92,110.9,1,0
219,156,156.0,0.016931007038696873,96.35,110.9,,,96.35,110.9,1,0
220,89,89.0,0.016927866456462843,97.09,110.9,,,97.09,110.9,1,0
221,113,113.0,0.01692421762228256,98.09,110.9,,,98.09,110.9,1,0
222,162,162.0,0.016919580877983814,99.52,110.9,,,99.52,110.9,1,0
223,142,142.0,0.016916026272373992,100.8,110.9,,,100.8,110.9,1,0
224,152,152.0,0.016912682862954727,102.17,110.9,,,102.17,110.9,1,0
225,106,106.0,0.016910602358886737,102.9,110.9,,,102.9,110.9,1,0
226,164,164.0,0.016907742692398958,103.82,110.9,,,103.82,110.9,1,0
227,138,138.0,0.016905636427302455,105.01,110.9,,,105.01,110.9,1,0
228,148,148.0,0.01690364453138637,106.27,110.9,,,106.27,110.9,1,0
229,129,129.0,0.016902107891504974,107.15,110.9,,,107.15,110.9,1,0
230,145,145.0,0.01690057667518927,108.14,110.9,,,108.14,110.9,1,0
231,91,91.0,0.0168997108709694,108.92,110.9,,,108.92,110.9,1,0
232,109,109.0,0.01689876108635719,109.58,110.9,,,109.58,110.9,1,0
233,152,152.0,0.016897579925050404,110.45,110.9,,,110.45,110.9,1,0
234,144,144.0,0.016896597692546884,111.61,110.9,,,111.61,110.9,1,0
235,239,239.0,0.016895218741278847,112.28,110.9,,,112.28,110.9,1,0
236,142,142.0,0.016894526762191518,113.13,110.9,,,113.13,110.9,1,0
237,153,153.0,0.016893871896743313,113.35,110.9,,,113.35,110.9,1,0
238,123,123.0,0.016893405782817558,114.14,110.9,,,114.14,110.9,1,0
239,144,144.0,0.01689292050458015,114.79,110.9,,,114.79,110.9,1,0
240,168,168.0,0.01689242687231419,114.58,110.9,,,114.79,110.9,0,0
241,179,179.0,0.016891975358041045,115.03,110.9,,,115.03,110.9,1,0
242,157,157.0,0.016891633860294585,115.67,110.9,,,115.67,110.9,1,0
243,135,135.0,0.016891375684282426,116.31,110.9,,,116.31,110.9,1,0
244,177,177.0,0.01689108049536829,117.23,110.9,,,117.23,110.9,1,0
245,128,128.0,0.016890893932043162,117.89,110.9,,,117.89,110.9,1,0
246,116,116.0,0.016890742089851578,118.38,110.9,,,118.38,110.9,1,0
247,143,143.0,0.01689057503445651,118.7,110.9,,,118.7,110.9,1,0
248,133,133.0,0.01689043744669238,119.19,110.9,,,119.19,110.9,1,0
249,132,132.0,0.01689031592790077,119.78,140.96666666666667,42|49|56|63|70|77|84|91|98|105|112|119|126|133|140|147|154|161|168|175|182|189|196|203|210|217|224|231|238|245,134.0|130.0|129.0|139.0|130.0|148.0|132.0|155.0|166.0|145.0|137.0|142.0|122.0|147.0|203.0|130.0|135.0|124.0|141.0|122.0|122.0|137.0|118.0|143.0|165.0|177.0|136.0|130.0|171.0|119.0,119.78,140.96666666666667,1,1
250,216,216.0,0.016890145157525717,121.07,140.96666666666667,,,121.07,140.96666666666667,1,0
251,108,108.0,0.01689007120394337,121.52,140.96666666666667,,,121.52,140.96666666666667,1,0
252,138,138.0,0.016889986384595615,122.04,140.96666666666667,,,122.04,140.96666666666667,1,0
253,132,132.0,0.016889914347472113,122.58,140.96666666666667,,,122.58,140.96666666666667,1,0
254,139,139.0,0.016889847015400753,123.06,140.96666666666667,,,123.06,140.96666666666667,1,0
255,115,115.0,0.01688979721105199,123.55,140.96666666666667,,,123.55,140.96666666666667,1,0
256,117,117.0,0.016889751458552957,124.03,140.96666666666667,,,124.03,140.96666666666667,1,0
257,129,129.0,0.016889706185792868,124.44,140.96666666666667,,,124.44,140.96666666666667,1,0
258,134,134.0,0.01688966429699946,124.94,140.96666666666667,,,124.94,140.96666666666667,1,0
259,138,138.0,0.016889626023833367,125.29,140.96666666666667,,,125.29,140.96666666666667,1,0
260,107,107.0,0.016889599388344497,125.69,140.96666666666667,,,125.69,140.96666666666667,1,0
261,126,126.0,0.0168895710762902,126.04,140.96666666666667,,,126.04,140.96666666666667,1,0
262,175,175.0,0.016889536616766936,126.12,140.96666666666667,,,126.12,140.96666666666667,1,0
263,151,151.0,0.016889510864032453,126.35,140.96666666666667,,,126.35,140.96666666666667,1,0
264,121,121.0,0.016889492560944012,126.63,140.96666666666667,,,126.63,140.96666666666667,1,0
265,38,38.0,0.016889487203660812,126.12,140.96666666666667,,,126.63,140.96666666666667,0,0
266,118,118.0,0.016889471665540494,126.34,140.96666666666667,,,126.63,140.96666666666667,0,0
267,127,127.0,0.01688945665075351,126.44,140.96666666666667,,,126.63,140.96666666666667,0,0
268,109,109.0,0.016889445037047663,126.61,140.96666666666667,,,126.63,140.96666666666667,0,0
269,115,115.0,0.016889433933973484,126.91,140.96666666666667,,,126.91,140.96666666666667,1,0
270,45,45.0,0.01688942988619476,125.82,140.96666666666667,,,126.91,140.96666666666667,0,0
271,122,122.0,0.016889419685677427,125.78,140.96666666666667,,,126.91,140.96666666666667,0,0
272,20,20.0,0.016889418115510303,125.0,140.96666666666667,,,126.91,140.96666666666667,0,0
273,21,21.0,0.016889416496317464,124.35,140.96666666666667,,,126.91,140.96666666666667,0,0
274,23,23.0,0.01688941475692447,123.6,140.96666666666667,,,126.91,140.96666666666667,0,0
275,34,34.0,0.016889412249302897,122.46,140.96666666666667,,,126.91,140.96666666666667,0,0
276,113,113.0,0.016889404434371133,122.33,140.96666666666667,,,126.91,140.96666666666667,0,0
277,19,19.0,0.01688940319501969,120.9,140.96666666666667,,,126.91,140.96666666666667,0,0
278,18,18.0,0.016889402039864627,119.98,140.96666666666667,,,126.91,140.96666666666667,0,0
279,27,27.0,0.016889400341091276,119.15,140.96666666666667,,,126.91,140.96666666666667,0,0
280,23,23.0,0.016889398925495784,118.08,140.96666666666667,,,126.91,140.96666666666667,0,0
281,109,109.0,0.016889392593143003,118.4,140.96666666666667,,,126.91,140.96666666666667,0,0
282,122,122.0,0.016889386190125116,118.72,140.96666666666667,,,126.91,140.96666666666667,0,0
283,23,23.0,0.01688938505815596,117.8,140.96666666666667,,,126.91,140.96666666666667,0,0
284,17,17.0,0.016889384236090717,116.43,140.96666666666667,,,126.91,140.96666666666667,0,0
285,27,27.0,0.01688938295548138,115.46,140.96666666666667,,,126.91,140.96666666666667,0,0
286,23,23.0,0.016889381888343845,114.59,140.96666666666667,,,126.91,140.96666666666667,0,0
287,21,21.0,0.016889380932691374,113.85,140.96666666666667,,,126.91,140.96666666666667,0,0
288,22,22.0,0.016889379950300105,112.87,140.96666666666667,,,126.91,140.96666666666667,0,0
289,23,23.0,0.016889378943395105,111.25,140.96666666666667,,,126.91,140.96666666666667,0,0
290,115,115.0,0.016889374203620282,111.49,140.96666666666667,,,126.91,140.96666666666667,0,0
291,22,22.0,0.01688937335029177,110.75,140.96666666666667,,,126.91,140.96666666666667,0,0
292,26,26.0,0.01688937236288891,109.87,140.96666666666667,,,126.91,140.96666666666667,0,0
293,16,16.0,0.016889371766393924,108.44,140.96666666666667,,,126.91,140.96666666666667,0,0
294,23,23.0,0.0168893709235181,107.65,140.96666666666667,,,126.91,140.96666666666667,0,0
295,20,20.0,0.01688937020432673,106.19,140.96666666666667,,,126.91,140.96666666666667,0,0
296,17,17.0,0.01688936960289095,104.85,140.96666666666667,,,126.91,140.96666666666667,0,0
297,46,46.0,0.01688936801988958,104.5,140.96666666666667,,,126.91,140.96666666666667,0,0
298,21,21.0,0.01688936731825309,103.55,140.96666666666667,,,126.91,140.96666666666667,0,0
299,24,24.0,0.01688936653210525,102.69,42.3,42|49|56|63|70|77|84|91|98|105|112|119|126|133|140|147|154|161|168|175|182|189|196|203|210|217|224|231|238|245,164.0|23.0|64.0|21.0|22.0|20.0|57.0|121.0|19.0|19.0|26.0|126.0|17.0|21.0|25.0|44.0|18.0|19.0|26.0|17.0|20.0|22.0|175.0|17.0|22.0|55.0|22.0|20.0|31.0|16.0,126.91,140.96666666666667,0,0
300,27,27.0,0.016889365667316157,102.02,42.3,,,126.91,140.96666666666667,0,0
301,17,17.0,0.01688936513327029,100.87,42.3,,,126.91,140.96666666666667,0,0
302,23,23.0,0.016889364423341467,100.15,42.3,,,126.91,140.96666666666667,0,0
303,23,23.0,0.01688936372764167,99.46,42.3,,,126.91,140.96666666666667,0,0
304,31,31.0,0.016889362811970267,98.69,42.3,,,126.91,140.96666666666667,0,0
305,16,16.0,0.016889362349052375,97.24,42.3,,,126.91,140.96666666666667,0,0
306,20,20.0,0.016889361779498808,96.07,42.3,,,126.91,140.96666666666667,0,0
307,37,37.0,0.016889360751898327,95.49,42.3,,,126.91,140.96666666666667,0,0
308,26,26.0,0.016889360049564303,94.5,42.3,,,126.91,140.96666666666667,0,0
309,42,42.0,0.01688935894843922,94.01,42.3,,,126.91,140.96666666666667,0,0
310,16,16.0,0.016889358539555838,92.86,42.3,,,126.91,140.96666666666667,0,0
311,115,115.0,0.016889355764201686,92.87,42.3,,,126.91,140.96666666666667,0,0
312,104,104.0,0.016889353485129283,93.11,42.3,,,126.91,140.96666666666667,0,0
313,110,110.0,0.016889351291166727,93.35,42.3,,,126.91,140.96666666666667,0,0
314,116,116.0,0.016889349196507114,93.42,42.3,,,126.91,140.96666666666667,0,0
315,24,24.0,0.016889348789197164,92.4,42.3,,,126.91,140.96666666666667,0,0
316,123,123.0,0.016889346831597988,92.51,42.3,,,126.91,140.96666666666667,0,0
317,165,165.0,0.016889344517292106,93.16,42.3,,,126.91,140.96666666666667,0,0
318,111,111.0,0.016889343139152364,92.9,42.3,,,126.91,140.96666666666667,0,0
319,127,127.0,0.016889341719004684,92.61,42.3,,,126.91,140.96666666666667,0,0
320,92,92.0,0.016889340785001965,92.64,42.3,,,126.91,140.96666666666667,0,0
321,110,110.0,0.016889339763141668,92.61,42.3,,,126.91,140.96666666666667,0,0
322,135,135.0,0.016889338637016804,92.34,42.3,,,126.91,140.96666666666667,0,0
323,124,124.0,0.016889337714176653,92.16,42.3,,,126.91,140.96666666666667,0,0
324,190,190.0,0.01688933648184511,92.54,42.3,,,126.91,140.96666666666667,0,0
325,89,89.0,0.016889335971765583,92.37,42.3,,,126.91,140.96666666666667,0,0
326,102,102.0,0.01688933543427225,91.75,42.3,,,126.91,140.96666666666667,0,0
327,98,98.0,0.01688933496138498,91.35,42.3,,,126.91,140.96666666666667,0,0
328,105,105.0,0.01688933449800511,90.92,42.3,,,126.91,140.96666666666667,0,0
329,87,87.0,0.016889334145213927,90.5,42.3,,,126.91,140.96666666666667,0,0
330,101,101.0,0.01688933376814529,90.06,42.3,,,126.91,140.96666666666667,0,0
331,83,83.0,0.016889333482413244,89.98,42.3,,,126.91,140.96666666666667,0,0
332,84,84.0,0.016889333213730165,89.73,42.3,,,126.91,140.96666666666667,0,0
333,88,88.0,0.01688933295276928,89.09,42.3,,,126.91,140.96666666666667,0,0
334,100,100.0,0.016889332679753316,88.65,42.3,,,126.91,140.96666666666667,0,0
335,88,88.0,0.016889332458595273,87.14,42.3,,,126.91,140.96666666666667,0,0
336,88,88.0,0.016889332253922435,86.6,42.3,,,126.91,140.96666666666667,0,0
337,91,91.0,0.016889332058303685,85.98,42.3,,,126.91,140.96666666666667,0,0
338,104,104.0,0.016889331853110198,85.79,42.3,,,126.91,140.96666666666667,0,0
339,93,93.0,0.01688933168487142,85.28,42.3,,,126.91,140.96666666666667,0,0
340,90,90.0,0.016889331534661926,84.5,42.3,,,126.91,140.96666666666667,0,0
341,95,95.0,0.01688933138850192,83.66,42.3,,,126.91,140.96666666666667,0,0
342,96,96.0,0.016889331252711515,83.05,42.3,,,126.91,140.96666666666667,0,0
343,116,116.0,0.016889331103228683,82.86,42.3,,,126.91,140.96666666666667,0,0
344,93,93.0,0.016889330993934165,82.02,42.3,,,126.91,140.96666666666667,0,0
345,104,104.0,0.016889330881855628,81.78,42.3,,,126.91,140.96666666666667,0,0
346,127,127.0,0.016889330758200677,81.89,42.3,,,126.91,140.96666666666667,0,0
347,86,86.0,0.016889330681980723,81.32,42.3,,,126.91,140.96666666666667,0,0
348,96,96.0,0.016889330603443137,80.95,42.3,,,126.91,140.96666666666667,0,0
349,103,103.0,0.01688933052624193,80.66,99.36666666666666,42|49|56|63|70|77|84|91|98|105|112|119|126|133|140|147|154|161|168|175|182|189|196|203|210|217|224|231|238|245,88.0|103.0|88.0|101.0|98.0|97.0|88.0|94.0|99.0|106.0|105.0|86.0|119.0|93.0|94.0|89.0|107.0|107.0|97.0|113.0|114.0|102.0|88.0|107.0|95.0|88.0|99.0|108.0|91.0|117.0,126.91,140.96666666666667,0,0
350,96,96.0,0.01688933046032461,79.46,99.36666666666666,,,126.91,140.96666666666667,0,0
351,151,151.0,0.01688933036728208,79.89,99.36666666666666,,,126.91,140.96666666666667,0,0
352,98,98.0,0.016889330313188084,79.49,99.36666666666666,,,126.91,140.96666666666667,0,0
353,100,100.0,0.01688933026259622,79.17,99.36666666666666,,,126.91,140.96666666666667,0,0
354,99,99.0,0.016889330216710862,78.77,99.36666666666666,,,126.91,140.96666666666667,0,0
355,212,212.0,0.01688933013092425,79.74,99.36666666666666,,,126.91,140.96666666666667,0,0
356,129,129.0,0.016889330086039975,79.86,99.36666666666666,,,126.91,140.96666666666667,0,0
357,103,103.0,0.0168893300536873,79.6,99.36666666666666,,,126.91,140.96666666666667,0,0
358,134,134.0,0.016889330015757716,79.6,99.36666666666666,,,126.91,140.96666666666667,0,0
359,98,98.0,0.01688932999071766,79.2,99.36666666666666,,,126.91,140.96666666666667,0,0
360,197,197.0,0.016889329946469488,80.1,99.36666666666666,,,126.91,140.96666666666667,0,0
361,111,111.0,0.016889329924717127,79.95,99.36666666666666,,,126.91,140.96666666666667,0,0
362,95,95.0,0.016889329907715765,79.15,99.36666666666666,,,126.91,140.96666666666667,0,0
363,97,97.0,0.016889329891762984,78.61,99.36666666666666,,,126.91,140.96666666666667,0,0
364,113,113.0,0.016889329874817716,78.53,99.36666666666666,,,126.91,140.96666666666667,0,0
365,149,149.0,0.01688932985490149,79.64,99.36666666666666,,,126.91,140.96666666666667,0,0
366,151,151.0,0.016889329837214216,79.97,99.36666666666666,,,126.91,140.96666666666667,0,0
367,113,113.0,0.016889329825433872,79.83,99.36666666666666,,,126.91,140.96666666666667,0,0
368,131,131.0,0.016889329813165935,80.05,99.36666666666666,,,126.91,140.96666666666667,0,0
369,163,163.0,0.016889329799749983,80.53,99.36666666666666,,,126.91,140.96666666666667,0,0
370,117,117.0,0.01688932979124023,81.25,99.36666666666666,,,126.91,140.96666666666667,0,0
371,260,260.0,0.016889329775193144,82.63,99.36666666666666,,,126.91,140.96666666666667,0,0
372,162,162.0,0.016889329766900506,84.05,99.36666666666666,,,126.91,140.96666666666667,0,0
373,153,153.0,0.016889329760083137,85.37,99.36666666666666,,,126.91,140.96666666666667,0,0
374,148,148.0,0.0168893297543071,86.62,99.36666666666666,,,126.91,140.96666666666667,0,0
375,180,180.0,0.01688932974822449,88.08,99.36666666666666,,,126.91,140.96666666666667,0,0
376,146,146.0,0.01688932974395181,88.41,99.36666666666666,,,126.91,140.96666666666667,0,0
377,156,156.0,0.016889329739954332,89.78,99.36666666666666,,,126.91,140.96666666666667,0,0
378,140,140.0,0.016889329736805545,91.0,99.36666666666666,,,126.91,140.96666666666667,0,0
379,168,168.0,0.016889329733505116,92.41,99.36666666666666,,,126.91,140.96666666666667,0,0
380,141,141.0,0.016889329731087997,93.59,99.36666666666666,,,126.91,140.96666666666667,0,0
381,132,132.0,0.01688932972908152,93.82,99.36666666666666,,,126.91,140.96666666666667,0,0
382,209,209.0,0.016889329726345038,94.69,99.36666666666666,,,126.91,140.96666666666667,0,0
383,138,138.0,0.01688932972479533,95.84,99.36666666666666,,,126.91,140.96666666666667,0,0
384,169,169.0,0.016889329723136857,97.36,99.36666666666666,,,126.91,140.96666666666667,0,0
385,164,164.0,0.01688932972174694,98.73,99.36666666666666,,,126.91,140.96666666666667,0,0
386,142,142.0,0.01688932972069535,99.92,99.36666666666666,,,126.91,140.96666666666667,0,0
387,224,224.0,0.016889329719281948,101.95,99.36666666666666,,,126.91,140.96666666666667,0,0
388,144,144.0,0.016889329718509934,103.17,99.36666666666666,,,126.91,140.96666666666667,0,0
389,155,155.0,0.01688932971778134,104.49,99.36666666666666,,,126.91,140.96666666666667,0,0
390,168,168.0,0.0168893297170962,105.02,99.36666666666666,,,126.91,140.96666666666667,0,0
391,152,152.0,0.01688932971655784,106.32,99.36666666666666,,,126.91,140.96666666666667,0,0
392,155,155.0,0.016889329716078223,107.61,99.36666666666666,,,126.91,140.96666666666667,0,0
393,157,157.0,0.016889329715654745,109.02,99.36666666666666,,,126.91,140.96666666666667,0,0
394,151,151.0,0.01688932971529911,110.3,99.36666666666666,,,126.91,140.96666666666667,0,0
395,146,146.0,0.0168893297149974,111.56,99.36666666666666,,,126.91,140.96666666666667,0,0
396,142,142.0,0.0168893297147389,112.81,99.36666666666666,,,126.91,140.96666666666667,0,0
397,196,196.0,0.016889329714431238,114.31,99.36666666666666,,,126.91,140.96666666666667,0,0
398,156,156.0,0.016889329714221607,115.66,99.36666666666666,,,126.91,140.96666666666667,0,0
399,138,138.0,0.0168893297140587,116.8,163.1,42|49|56|63|70|77|84|91|98|105|112|119|126|133|140|147|154|161|168|175|182|189|196|203|210|217|224|231|238|245,193.0|142.0|231.0|154.0|150.0|156.0|184.0|154.0|165.0|149.0|152.0|179.0|136.0|167.0|161.0|200.0|141.0|146.0|146.0|137.0|140.0|155.0|224.0|153.0|171.0|183.0|158.0|144.0|186.0|136.0,126.91,163.1,0,1
400,156,156.0,0.016889329713896867,118.09,163.1,,,126.91,163.1,0,0
401,134,134.0,0.01688932971377454,119.26,163.1,,,126.91,163.1,0,0
402,164,164.0,0.016889329713643195,120.67,163.1,,,126.91,163.1,0,0
403,154,154.0,0.016889329713535975,121.98,163.1,,,126.91,163.1,0,0
404,155,155.0,0.016889329713441783,123.22,163.1,,,126.91,163.1,0,0
405,135,135.0,0.01688932971336959,124.41,163.1,,,126.91,163.1,0,0
406,136,136.0,0.016889329713305038,125.57,163.1,,,126.91,163.1,0,0
407,151,151.0,0.016889329713241863,126.71,163.1,,,126.91,163.1,0,0
408,167,167.0,0.016889329713181106,128.12,163.1,,,128.12,163.1,1,0
409,182,182.0,0.016889329713124315,129.52,163.1,,,129.52,163.1,1,0
410,136,136.0,0.016889329713087438,130.72,163.1,,,130.72,163.1,1,0
411,149,149.0,0.016889329713051793,131.06,163.1,,,131.06,163.1,1,0
412,213,213.0,0.01688932971300831,132.15,163.1,,,132.15,163.1,1,0
413,192,192.0,0.016889329712975524,132.97,163.1,,,132.97,163.1,1,0
414,339,339.0,0.016889329712929585,135.2,163.1,,,135.2,163.1,1,0
415,222,222.0,0.01688932971290613,137.18,163.1,,,137.18,163.1,1,0
416,171,171.0,0.016889329712890946,137.66,163.1,,,137.66,163.1,1,0
417,212,212.0,0.01688932971287503,138.13,163.1,,,138.13,163.1,1,0
418,168,168.0,0.01688932971286437,138.7,163.1,,,138.7,163.1,1,0
419,175,175.0,0.01688932971285482,139.18,163.1,,,139.18,163.1,1,0
420,186,186.0,0.016889329712846155,140.12,163.1,,,140.12,163.1,1,0
421,166,166.0,0.01688932971283954,140.68,163.1,,,140.68,163.1,1,0
422,127,127.0,0.016889329712835088,140.6,163.1,,,140.68,163.1,0,0
423,126,126.0,0.01688932971283114,140.62,163.1,,,140.68,163.1,0,0
424,131,131.0,0.016889329712827472,140.03,163.1,,,140.68,163.1,0,0
425,134,134.0,0.01688932971282413,140.48,163.1,,,140.68,163.1,0,0
426,130,130.0,0.016889329712821248,140.76,163.1,,,140.76,163.1,1,0
427,155,155.0,0.016889329712818216,141.33,163.1,,,141.33,163.1,1,0
428,148,148.0,0.016889329712815683,141.76,163.1,,,141.76,163.1,1,0
429,132,132.0,0.016889329712813685,142.21,163.1,,,142.21,163.1,1,0
430,129,129.0,0.016889329712811943,142.49,163.1,,,142.49,163.1,1,0
431,164,164.0,0.016889329712809997,143.3,163.1,,,143.3,163.1,1,0
432,129,129.0,0.016889329712808654,143.75,163.1,,,143.75,163.1,1,0
433,125,125.0,0.016889329712807488,144.12,163.1,,,144.12,163.1,1,0
434,131,131.0,0.016889329712806395,144.43,163.1,,,144.43,163.1,1,0
435,116,116.0,0.016889329712805528,144.71,163.1,,,144.71,163.1,1,0
436,119,119.0,0.016889329712804727,145.02,163.1,,,145.02,163.1,1,0
437,125,125.0,0.01688932971280397,145.36,163.1,,,145.36,163.1,1,0
438,117,117.0,0.016889329712803335,145.49,163.1,,,145.49,163.1,1,0
439,109,109.0,0.016889329712802797,145.65,163.1,,,145.65,163.1,1,0
440,119,119.0,0.016889329712802267,145.94,163.1,,,145.94,163.1,1,0
441,120,120.0,0.016889329712801788,146.19,163.1,,,146.19,163.1,1,0
442,117,117.0,0.016889329712801365,146.4,163.1,,,146.4,163.1,1,0
443,107,107.0,0.016889329712801014,146.31,163.1,,,146.4,163.1,0,0
444,112,112.0,0.01688932971280068,146.5,163.1,,,146.5,163.1,1,0
445,107,107.0,0.016889329712800393,146.53,163.1,,,146.53,163.1,1,0
446,105,105.0,0.016889329712800133,146.31,163.1,,,146.53,163.1,0,0
447,110,110.0,0.016889329712799887,146.55,163.1,,,146.55,163.1,1,0
448,109,109.0,0.016889329712799668,146.68,163.1,,,146.68,163.1,1,0
449,111,111.0,0.016889329712799463,146.76,109.26666666666667,42|49|56|63|70|77|84|91|98|105|112|119|126|133|140|147|154|161|168|175|182|189|196|203|210|217|224|231|238|245,115.0|104.0|119.0|101.0|105.0|117.0|122.0|106.0|107.0|106.0|115.0|114.0|101.0|118.0|119.0|110.0|101.0|102.0|120.0|112.0|113.0|105.0|116.0|130.0|106.0|115.0|113.0|102.0|121.0|43.0,146.76,163.1,1,0
450,118,118.0,0.016889329712799266,146.98,109.26666666666667,,,146.98,163.1,1,0
451,131,131.0,0.01688932971279907,146.78,109.26666666666667,,,146.98,163.1,0,0
452,67,67.0,0.016889329712798978,146.47,109.26666666666667,,,146.98,163.1,0,0
453,136,136.0,0.016889329712798808,146.83,109.26666666666667,,,146.98,163.1,0,0
454,120,120.0,0.016889329712798672,147.04,109.26666666666667,,,147.04,163.1,1,0
455,120,120.0,0.016889329712798554,146.12,109.26666666666667,,,147.04,163.1,0,0
456,105,105.0,0.016889329712798457,145.88,109.26666666666667,,,147.04,163.1,0,0
457,122,122.0,0.016889329712798357,146.07,109.26666666666667,,,147.04,163.1,0,0
458,156,156.0,0.016889329712798242,146.29,109.26666666666667,,,147.04,163.1,0,0
459,101,101.0,0.016889329712798176,146.32,109.26666666666667,,,147.04,163.1,0,0
460,164,164.0,0.016889329712798083,145.99,109.26666666666667,,,147.04,163.1,0,0
461,106,106.0,0.016889329712798027,145.94,109.26666666666667,,,147.04,163.1,0,0
462,103,103.0,0.01688932971279798,146.02,109.26666666666667,,,147.04,163.1,0,0
463,104,104.0,0.016889329712797933,146.09,109.26666666666667,,,147.04,163.1,0,0
464,90,90.0,0.0168893297127979,145.86,109.26666666666667,,,147.04,163.1,0,0
465,123,123.0,0.016889329712797854,145.6,109.26666666666667,,,147.04,163.1,0,0
466,112,112.0,0.01688932971279782,145.21,109.26666666666667,,,147.04,163.1,0,0
467,89,89.0,0.01688932971279779,144.97,109.26666666666667,,,147.04,163.1,0,0
468,95,95.0,0.016889329712797767,144.61,109.26666666666667,,,147.04,163.1,0,0
469,111,111.0,0.01688932971279774,144.09,109.26666666666667,,,147.04,163.1,0,0
470,54,54.0,0.016889329712797725,143.46,109.26666666666667,,,147.04,163.1,0,0
471,120,120.0,0.0168893297127977,142.06,109.26666666666667,,,147.04,163.1,0,0
472,72,72.0,0.016889329712797687,141.16,109.26666666666667,,,147.04,163.1,0,0
473,56,56.0,0.016889329712797677,140.19,109.26666666666667,,,147.04,163.1,0,0
474,28,28.0,0.01688932971279767,138.99,109.26666666666667,,,147.04,163.1,0,0
475,30,30.0,0.016889329712797666,137.49,109.26666666666667,,,147.04,163.1,0,0
476,99,99.0,0.01688932971279765,137.02,109.26666666666667,,,147.04,163.1,0,0
477,91,91.0,0.016889329712797635,136.37,109.26666666666667,,,147.04,163.1,0,0
478,28,28.0,0.01688932971279763,135.25,109.26666666666667,,,147.04,163.1,0,0
479,36,36.0,0.016889329712797625,133.93,109.26666666666667,,,147.04,163.1,0,0
480,50,50.0,0.016889329712797618,133.02,109.26666666666667,,,147.04,163.1,0,0
481,84,84.0,0.016889329712797607,132.54,109.26666666666667,,,147.04,163.1,0,0
482,26,26.0,0.016889329712797604,130.71,109.26666666666667,,,147.04,163.1,0,0
483,20,20.0,0.016889329712797604,129.53,109.26666666666667,,,147.04,163.1,0,0
484,31,31.0,0.0168893297127976,128.15,109.26666666666667,,,147.04,163.1,0,0
485,41,41.0,0.016889329712797593,126.92,109.26666666666667,,,147.04,163.1,0,0
486,49,49.0,0.01688932971279759,125.99,109.26666666666667,,,147.04,163.1,0,0
487,125,125.0,0.016889329712797576,125.0,109.26666666666667,,,147.04,163.1,0,0
488,16,16.0,0.016889329712797576,123.72,109.26666666666667,,,147.04,163.1,0,0
489,25,25.0,0.016889329712797573,122.42,109.26666666666667,,,147.04,163.1,0,0
490,27,27.0,0.01688932971279757,121.01,109.26666666666667,,,147.04,163.1,0,0
491,30,30.0,0.01688932971279757,119.79,109.26666666666667,,,147.04,163.1,0,0
492,19,19.0,0.016889329712797566,118.43,109.26666666666667,,,147.04,163.1,0,0
493,13,13.0,0.016889329712797566,116.99,109.26666666666667,,,147.04,163.1,0,0
494,40,40.0,0.016889329712797562,115.88,109.26666666666667,,,147.04,163.1,0,0
495,15,15.0,0.01688932971279756,114.57,109.26666666666667,,,147.04,163.1,0,0
496,14,14.0,0.01688932971279756,113.29,109.26666666666667,,,147.04,163.1,0,0
497,25,25.0,0.01688932971279756,111.58,109.26666666666667,,,147.04,163.1,0,0
498,28,28.0,0.016889329712797555,110.3,109.26666666666667,,,147.04,163.1,0,0
499,28,28.0,0.01688932971279755,109.2,16.333333333333332,42|49|56|63|70|77|84|91|98|105|112|119|126|133|140|147|154|161|168|175|182|189|196|203|210|217|224|231|238|245,20.0|15.0|24.0|15.0|15.0|15.0|18.0|17.0|15.0|14.0|17.0|19.0|13.0|16.0|17.0|19.0|14.0|15.0|18.0|12.0|15.0|16.0|19.0|14.0|16.0|19.0|16.0|14.0|20.0|13.0,147.04,163.1,0,0
500,30,30.0,0.01688932971279755,107.94,16.333333333333332,,,147.04,163.1,0,0
501,14,14.0,0.016889329712797548,106.74,16.333333333333332,,,147.04,163.1,0,0
502,58,58.0,0.016889329712797545,105.68,16.333333333333332,,,147.04,163.1,0,0
503,19,19.0,0.016889329712797545,104.33,16.333333333333332,,,147.04,163.1,0,0
504,36,36.0,0.01688932971279754,103.14,16.333333333333332,,,147.04,163.1,0,0
505,19,19.0,0.01688932971279754,101.98,16.333333333333332,,,147.04,163.1,0,0
506,18,18.0,0.016889329712797538,100.8,16.333333333333332,,,147.04,163.1,0,0
507,18,18.0,0.016889329712797538,99.47,16.333333333333332,,,147.04,163.1,0,0
508,35,35.0,0.016889329712797538,98.15,16.333333333333332,,,147.04,163.1,0,0
509,18,18.0,0.016889329712797534,96.51,16.333333333333332,,,147.04,163.1,0,0
510,13,13.0,0.016889329712797534,95.28,16.333333333333332,,,147.04,163.1,0,0
511,19,19.0,0.016889329712797534,93.98,16.333333333333332,,,147.04,163.1,0,0
512,121,121.0,0.016889329712797527,93.06,16.333333333333332,,,147.04,163.1,0,0
513,287,287.0,0.016889329712797514,94.01,16.333333333333332,,,147.04,163.1,0,0
514,126,126.0,0.01688932971279751,91.88,16.333333333333332,,,147.04,163.1,0,0
515,131,131.0,0.016889329712797503,90.97,16.333333333333332,,,147.04,163.1,0,0
516,131,131.0,0.0168893297127975,90.57,16.333333333333332,,,147.04,163.1,0,0
517,217,217.0,0.016889329712797496,90.62,16.333333333333332,,,147.04,163.1,0,0
518,250,250.0,0.01688932971279749,91.44,16.333333333333332,,,147.04,163.1,0,0
519,119,119.0,0.01688932971279749,90.88,16.333333333333332,,,147.04,163.1,0,0
520,500,500.0,0.016889329712797482,94.02,16.333333333333332,,,147.04,163.1,0,0
521,500,500.0,0.016889329712797475,97.36,16.333333333333332,,,147.04,163.1,0,0
522,500,500.0,0.016889329712797472,101.09,16.333333333333332,,,147.04,163.1,0,0
523,500,500.0,0.016889329712797472,104.83,16.333333333333332,,,147.04,163.1,0,0
524,500,500.0,0.016889329712797472,108.52,16.333333333333332,,,147.04,163.1,0,0
525,500,500.0,0.01688932971279747,112.18,16.333333333333332,,,147.04,163.1,0,0
526,500,500.0,0.01688932971279747,115.88,16.333333333333332,,,147.04,163.1,0,0
527,279,279.0,0.01688932971279747,117.12,16.333333333333332,,,147.04,163.1,0,0
528,257,257.0,0.01688932971279747,118.21,16.333333333333332,,,147.04,163.1,0,0
529,268,268.0,0.01688932971279747,119.57,16.333333333333332,,,147.04,163.1,0,0
530,279,279.0,0.01688932971279747,121.07,16.333333333333332,,,147.04,163.1,0,0
531,367,367.0,0.01688932971279747,123.1,16.333333333333332,,,147.04,163.1,0,0
532,298,298.0,0.01688932971279747,124.79,16.333333333333332,,,147.04,163.1,0,0
533,284,284.0,0.01688932971279747,126.38,16.333333333333332,,,147.04,163.1,0,0
534,343,343.0,0.01688932971279747,128.5,16.333333333333332,,,147.04,163.1,0,0
535,299,299.0,0.01688932971279747,130.33,16.333333333333332,,,147.04,163.1,0,0
536,313,313.0,0.01688932971279747,132.27,16.333333333333332,,,147.04,163.1,0,0
537,442,442.0,0.01688932971279747,135.44,16.333333333333332,,,147.04,163.1,0,0
538,220,220.0,0.01688932971279747,136.47,16.333333333333332,,,147.04,163.1,0,0
539,500,500.0,0.01688932971279747,140.38,16.333333333333332,,,147.04,163.1,0,0
540,500,500.0,0.01688932971279747,144.19,16.333333333333332,,,147.04,163.1,0,0
541,500,500.0,0.01688932971279747,147.99,16.333333333333332,,,147.99,163.1,1,0
542,500,500.0,0.01688932971279747,151.82,16.333333333333332,,,151.82,163.1,1,0
543,500,500.0,0.01688932971279747,155.75,16.333333333333332,,,155.75,163.1,1,0
544,500,500.0,0.01688932971279747,159.63,16.333333333333332,,,159.63,163.1,1,0
545,500,500.0,0.01688932971279747,163.56,16.333333333333332,,,163.56,163.1,1,0
546,500,500.0,0.01688932971279747,167.51,16.333333333333332,,,167.51,163.1,1,0
547,500,500.0,0.01688932971279747,171.41,16.333333333333332,,,171.41,163.1,1,0
548,500,500.0,0.01688932971279747,175.32,16.333333333333332,,,175.32,163.1,1,0
549,309,309.0,0.01688932971279747,177.3,489.06666666666666,42|49|56|63|70|77|84|91|98|105|112|119|126|133|140|147|154|161|168|175|182|189|196|203|210|217|224|231|238|245,500.0|500.0|500.0|500.0|172.0|500.0|500.0|500.0|500.0|500.0|500.0|500.0|500.0|500.0|500.0|500.0|500.0|500.0|500.0|500.0|500.0|500.0|500.0|500.0|500.0|500.0|500.0|500.0|500.0|500.0,177.3,489.06666666666666,1,1
550,402,402.0,0.01688932971279747,180.14,489.06666666666666,,,180.14,489.06666666666666,1,0
551,234,234.0,0.01688932971279747,181.17,489.06666666666666,,,181.17,489.06666666666666,1,0
552,328,328.0,0.01688932971279747,183.78,489.06666666666666,,,183.78,489.06666666666666,1,0
553,172,172.0,0.01688932971279747,184.14,489.06666666666666,,,184.14,489.06666666666666,1,0
554,423,423.0,0.01688932971279747,187.17,489.06666666666666,,,187.17,489.06666666666666,1,0
555,447,447.0,0.01688932971279747,190.44,489.06666666666666,,,190.44,489.06666666666666,1,0
556,279,279.0,0.01688932971279747,192.18,489.06666666666666,,,192.18,489.06666666666666,1,0
557,152,152.0,0.01688932971279747,192.48,489.06666666666666,,,192.48,489.06666666666666,1,0
558,249,249.0,0.01688932971279747,193.41,489.06666666666666,,,193.41,489.06666666666666,1,0
559,225,225.0,0.01688932971279747,194.65,489.06666666666666,,,194.65,489.06666666666666,1,0
560,271,271.0,0.01688932971279747,195.72,489.06666666666666,,,195.72,489.06666666666666,1,0
561,257,257.0,0.01688932971279747,197.23,489.06666666666666,,,197.23,489.06666666666666,1,0
562,500,500.0,0.01688932971279747,201.2,489.06666666666666,,,201.2,489.06666666666666,1,0
563,500,500.0,0.01688932971279747,205.16,489.06666666666666,,,205.16,489.06666666666666,1,0
564,500,500.0,0.01688932971279747,209.26,489.06666666666666,,,209.26,489.06666666666666,1,0
565,500,500.0,0.01688932971279747,213.03,489.06666666666666,,,213.03,489.06666666666666,1,0
566,341,341.0,0.01688932971279747,215.32,489.06666666666666,,,215.32,489.06666666666666,1,0
567,198,198.0,0.01688932971279747,216.41,489.06666666666666,,,216.41,489.06666666666666,1,0
568,380,380.0,0.01688932971279747,219.26,489.06666666666666,,,219.26,489.06666666666666,1,0
569,500,500.0,0.01688932971279747,223.15,489.06666666666666,,,223.15,489.06666666666666,1,0
570,259,259.0,0.01688932971279747,225.2,489.06666666666666,,,225.2,489.06666666666666,1,0
571,201,201.0,0.01688932971279747,226.01,489.06666666666666,,,226.01,489.06666666666666,1,0
572,322,322.0,0.01688932971279747,228.51,489.06666666666666,,,228.51,489.06666666666666,1,0
573,500,500.0,0.01688932971279747,232.95,489.06666666666666,,,232.95,489.06666666666666,1,0
574,203,203.0,0.01688932971279747,234.7,489.06666666666666,,,234.7,489.06666666666666,1,0
575,64,64.0,0.01688932971279747,235.04,489.06666666666666,,,235.04,489.06666666666666,1,0
576,325,325.0,0.01688932971279747,237.3,489.06666666666666,,,237.3,489.06666666666666,1,0
577,500,500.0,0.01688932971279747,241.39,489.06666666666666,,,241.39,489.06666666666666,1,0
578,500,500.0,0.01688932971279747,246.11,489.06666666666666,,,246.11,489.06666666666666,1,0
579,500,500.0,0.01688932971279747,250.75,489.06666666666666,,,250.75,489.06666666666666,1,0
580,246,246.0,0.01688932971279747,252.71,489.06666666666666,,,252.71,489.06666666666666,1,0
581,205,205.0,0.01688932971279747,253.92,489.06666666666666,,,253.92,489.06666666666666,1,0
582,247,247.0,0.01688932971279747,256.13,489.06666666666666,,,256.13,489.06666666666666,1,0
583,272,272.0,0.01688932971279747,258.65,489.06666666666666,,,258.65,489.06666666666666,1,0
584,500,500.0,0.01688932971279747,263.34,489.06666666666666,,,263.34,489.06666666666666,1,0
585,366,366.0,0.01688932971279747,266.59,489.06666666666666,,,266.59,489.06666666666666,1,0
586,500,500.0,0.01688932971279747,271.1,489.06666666666666,,,271.1,489.06666666666666,1,0
587,500,500.0,0.01688932971279747,274.85,489.06666666666666,,,274.85,489.06666666666666,1,0
588,500,500.0,0.01688932971279747,279.69,489.06666666666666,,,279.69,489.06666666666666,1,0
589,500,500.0,0.01688932971279747,284.44,489.06666666666666,,,284.44,489.06666666666666,1,0
590,500,500.0,0.01688932971279747,289.17,489.06666666666666,,,289.17,489.06666666666666,1,0
591,493,493.0,0.01688932971279747,293.8,489.06666666666666,,,293.8,489.06666666666666,1,0
592,357,357.0,0.01688932971279747,297.18,489.06666666666666,,,297.18,489.06666666666666,1,0
593,390,390.0,0.01688932971279747,300.95,489.06666666666666,,,300.95,489.06666666666666,1,0
594,336,336.0,0.01688932971279747,303.91,489.06666666666666,,,303.91,489.06666666666666,1,0
595,324,324.0,0.01688932971279747,307.0,489.06666666666666,,,307.0,489.06666666666666,1,0
596,325,325.0,0.01688932971279747,310.11,489.06666666666666,,,310.11,489.06666666666666,1,0
597,313,313.0,0.01688932971279747,312.99,489.06666666666666,,,312.99,489.06666666666666,1,0
598,265,265.0,0.01688932971279747,315.36,489.06666666666666,,,315.36,489.06666666666666,1,0
599,261,261.0,0.01688932971279747,317.69,208.86666666666667,42|49|56|63|70|77|84|91|98|105|112|119|126|133|140|147|154|161|168|175|182|189|196|203|210|217|224|231|238|245,250.0|195.0|253.0|202.0|201.0|187.0|241.0|206.0|202.0|192.0|253.0|216.0|176.0|222.0|198.0|226.0|200.0|199.0|195.0|204.0|182.0|200.0|225.0|222.0|193.0|211.0|205.0|198.0|230.0|182.0,317.69,489.06666666666666,1,0
600,337,337.0,0.01688932971279747,320.76,208.86666666666667,,,320.76,489.06666666666666,1,0
601,291,291.0,0.01688932971279747,323.53,208.86666666666667,,,323.53,489.06666666666666,1,0
602,283,283.0,0.01688932971279747,325.78,208.86666666666667,,,325.78,489.06666666666666,1,0
603,465,465.0,0.01688932971279747,330.24,208.86666666666667,,,330.24,489.06666666666666,1,0
604,284,284.0,0.01688932971279747,332.72,208.86666666666667,,,332.72,489.06666666666666,1,0
605,340,340.0,0.01688932971279747,335.93,208.86666666666667,,,335.93,489.06666666666666,1,0
606,251,251.0,0.01688932971279747,338.26,208.86666666666667,,,338.26,489.06666666666666,1,0
607,500,500.0,0.01688932971279747,343.08,208.86666666666667,,,343.08,489.06666666666666,1,0
608,284,284.0,0.01688932971279747,345.57,208.86666666666667,,,345.57,489.06666666666666,1,0
609,327,327.0,0.01688932971279747,348.66,208.86666666666667,,,348.66,489.06666666666666,1,0
610,390,390.0,0.01688932971279747,352.43,208.86666666666667,,,352.43,489.06666666666666,1,0
611,392,392.0,0.01688932971279747,356.16,208.86666666666667,,,356.16,489.06666666666666,1,0
612,401,401.0,0.01688932971279747,358.96,208.86666666666667,,,358.96,489.06666666666666,1,0
613,397,397.0,0.01688932971279747,360.06,208.86666666666667,,,360.06,489.06666666666666,1,0
614,246,246.0,0.01688932971279747,361.26,208.86666666666667,,,361.26,489.06666666666666,1,0
615,301,301.0,0.01688932971279747,362.96,208.86666666666667,,,362.96,489.06666666666666,1,0
616,385,385.0,0.01688932971279747,365.5,208.86666666666667,,,365.5,489.06666666666666,1,0
617,485,485.0,0.01688932971279747,368.18,208.86666666666667,,,368.18,489.06666666666666,1,0
618,368,368.0,0.01688932971279747,369.36,208.86666666666667,,,369.36,489.06666666666666,1,0
619,299,299.0,0.01688932971279747,371.16,208.86666666666667,,,371.16,489.06666666666666,1,0
620,500,500.0,0.01688932971279747,371.16,208.86666666666667,,,371.16,489.06666666666666,0,0
621,241,241.0,0.01688932971279747,368.57,208.86666666666667,,,371.16,489.06666666666666,0,0
622,378,378.0,0.01688932971279747,367.35,208.86666666666667,,,371.16,489.06666666666666,0,0
623,352,352.0,0.01688932971279747,365.87,208.86666666666667,,,371.16,489.06666666666666,0,0
624,210,210.0,0.01688932971279747,362.97,208.86666666666667,,,371.16,489.06666666666666,0,0
625,499,499.0,0.01688932971279747,362.96,208.86666666666667,,,371.16,489.06666666666666,0,0
626,399,399.0,0.01688932971279747,361.95,208.86666666666667,,,371.16,489.06666666666666,0,0
627,307,307.0,0.01688932971279747,362.23,208.86666666666667,,,371.16,489.06666666666666,0,0
628,411,411.0,0.01688932971279747,363.77,208.86666666666667,,,371.16,489.06666666666666,0,0
629,417,417.0,0.01688932971279747,365.26,208.86666666666667,,,371.16,489.06666666666666,0,0
630,27,27.0,0.01688932971279747,362.74,208.86666666666667,,,371.16,489.06666666666666,0,0
631,36,36.0,0.01688932971279747,359.43,208.86666666666667,,,371.16,489.06666666666666,0,0
632,455,455.0,0.01688932971279747,361.0,208.86666666666667,,,371.16,489.06666666666666,0,0
633,167,167.0,0.01688932971279747,359.83,208.86666666666667,,,371.16,489.06666666666666,0,0
634,70,70.0,0.01688932971279747,357.1,208.86666666666667,,,371.16,489.06666666666666,0,0
635,284,284.0,0.01688932971279747,356.95,208.86666666666667,,,371.16,489.06666666666666,0,0
636,308,308.0,0.01688932971279747,356.9,208.86666666666667,,,371.16,489.06666666666666,0,0
637,500,500.0,0.01688932971279747,357.48,208.86666666666667,,,371.16,489.06666666666666,0,0
638,294,294.0,0.01688932971279747,358.22,208.86666666666667,,,371.16,489.06666666666666,0,0
639,285,285.0,0.01688932971279747,356.07,208.86666666666667,,,371.16,489.06666666666666,0,0
640,310,310.0,0.01688932971279747,354.17,208.86666666666667,,,371.16,489.06666666666666,0,0
641,415,415.0,0.01688932971279747,353.32,208.86666666666667,,,371.16,489.06666666666666,0,0
642,453,453.0,0.01688932971279747,352.85,208.86666666666667,,,371.16,489.06666666666666,0,0
643,379,379.0,0.01688932971279747,351.64,208.86666666666667,,,371.16,489.06666666666666,0,0
644,425,425.0,0.01688932971279747,350.89,208.86666666666667,,,371.16,489.06666666666666,0,0
645,444,444.0,0.01688932971279747,350.33,208.86666666666667,,,371.16,489.06666666666666,0,0
646,305,305.0,0.01688932971279747,348.38,208.86666666666667,,,371.16,489.06666666666666,0,0
647,207,207.0,0.01688932971279747,345.45,208.86666666666667,,,371.16,489.06666666666666,0,0
648,397,397.0,0.01688932971279747,344.42,208.86666666666667,,,371.16,489.06666666666666,0,0
649,293,293.0,0.01688932971279747,344.26,410.06666666666666,42|49|56|63|70|77|84|91|98|105|112|119|126|133|140|147|154|161|168|175|182|189|196|203|210|217|224|231|238|245,500.0|442.0|329.0|500.0|318.0|500.0|214.0|424.0|500.0|336.0|500.0|500.0|500.0|311.0|301.0|500.0|387.0|500.0|325.0|280.0|220.0|500.0|435.0|279.0|460.0|328.0|448.0|500.0|500.0|465.0,371.16,489.06666666666666,0,0
650,422,422.0,0.01688932971279747,344.46,410.06666666666666,,,371.16,489.06666666666666,0,0
651,213,213.0,0.01688932971279747,344.25,410.06666666666666,,,371.16,489.06666666666666,0,0
652,239,239.0,0.01688932971279747,343.36,410.06666666666666,,,371.16,489.06666666666666,0,0
653,200,200.0,0.01688932971279747,343.64,410.06666666666666,,,371.16,489.06666666666666,0,0
654,355,355.0,0.01688932971279747,342.96,410.06666666666666,,,371.16,489.06666666666666,0,0
655,500,500.0,0.01688932971279747,343.49,410.06666666666666,,,371.16,489.06666666666666,0,0
656,286,286.0,0.01688932971279747,343.56,410.06666666666666,,,371.16,489.06666666666666,0,0
657,500,500.0,0.01688932971279747,347.04,410.06666666666666,,,371.16,489.06666666666666,0,0
658,446,446.0,0.01688932971279747,349.01,410.06666666666666,,,371.16,489.06666666666666,0,0
659,500,500.0,0.01688932971279747,351.76,410.06666666666666,,,371.16,489.06666666666666,0,0
660,396,396.0,0.01688932971279747,353.01,410.06666666666666,,,371.16,489.06666666666666,0,0
661,404,404.0,0.01688932971279747,354.48,410.06666666666666,,,371.16,489.06666666666666,0,0
662,295,295.0,0.01688932971279747,352.43,410.06666666666666,,,371.16,489.06666666666666,0,0
663,500,500.0,0.01688932971279747,352.43,410.06666666666666,,,371.16,489.06666666666666,0,0
664,500,500.0,0.01688932971279747,352.43,410.06666666666666,,,371.16,489.06666666666666,0,0
665,500,500.0,0.01688932971279747,352.43,410.06666666666666,,,371.16,489.06666666666666,0,0
666,500,500.0,0.01688932971279747,354.02,410.06666666666666,,,371.16,489.06666666666666,0,0
667,499,499.0,0.01688932971279747,357.03,410.06666666666666,,,371.16,489.06666666666666,0,0
668,500,500.0,0.01688932971279747,358.23,410.06666666666666,,,371.16,489.06666666666666,0,0
669,500,500.0,0.01688932971279747,358.23,410.06666666666666,,,371.16,489.06666666666666,0,0
670,500,500.0,0.01688932971279747,360.64,410.06666666666666,,,371.16,489.06666666666666,0,0
671,500,500.0,0.01688932971279747,363.63,410.06666666666666,,,371.16,489.06666666666666,0,0
672,500,500.0,0.01688932971279747,365.41,410.06666666666666,,,371.16,489.06666666666666,0,0
673,500,500.0,0.01688932971279747,365.41,410.06666666666666,,,371.16,489.06666666666666,0,0
674,500,500.0,0.01688932971279747,368.38,410.06666666666666,,,371.16,489.06666666666666,0,0
675,500,500.0,0.01688932971279747,372.74,410.06666666666666,,,372.74,489.06666666666666,1,0
676,500,500.0,0.01688932971279747,374.49,410.06666666666666,,,374.49,489.06666666666666,1,0
677,500,500.0,0.01688932971279747,374.49,410.06666666666666,,,374.49,489.06666666666666,0,0
678,352,352.0,0.01688932971279747,373.01,410.06666666666666,,,374.49,489.06666666666666,0,0
679,435,435.0,0.01688932971279747,372.36,410.06666666666666,,,374.49,489.06666666666666,0,0
680,381,381.0,0.01688932971279747,373.71,410.06666666666666,,,374.49,489.06666666666666,0,0
681,431,431.0,0.01688932971279747,375.97,410.06666666666666,,,375.97,489.06666666666666,1,0
682,500,500.0,0.01688932971279747,378.5,410.06666666666666,,,378.5,489.06666666666666,1,0
683,500,500.0,0.01688932971279747,380.78,410.06666666666666,,,380.78,489.06666666666666,1,0
684,500,500.0,0.01688932971279747,380.78,410.06666666666666,,,380.78,489.06666666666666,0,0
685,500,500.0,0.01688932971279747,382.12,410.06666666666666,,,382.12,489.06666666666666,1,0
686,500,500.0,0.01688932971279747,382.12,410.06666666666666,,,382.12,489.06666666666666,0,0
687,500,500.0,0.01688932971279747,382.12,410.06666666666666,,,382.12,489.06666666666666,0,0
688,336,336.0,0.01688932971279747,380.48,410.06666666666666,,,382.12,489.06666666666666,0,0
689,500,500.0,0.01688932971279747,380.48,410.06666666666666,,,382.12,489.06666666666666,0,0
690,500,500.0,0.01688932971279747,380.48,410.06666666666666,,,382.12,489.06666666666666,0,0
691,500,500.0,0.01688932971279747,380.55,410.06666666666666,,,382.12,489.06666666666666,0,0
692,500,500.0,0.01688932971279747,381.98,410.06666666666666,,,382.12,489.06666666666666,0,0
693,500,500.0,0.01688932971279747,383.08,410.06666666666666,,,383.08,489.06666666666666,1,0
694,500,500.0,0.01688932971279747,384.72,410.06666666666666,,,384.72,489.06666666666666,1,0
695,500,500.0,0.01688932971279747,386.48,410.06666666666666,,,386.48,489.06666666666666,1,0
696,500,500.0,0.01688932971279747,388.23,410.06666666666666,,,388.23,489.06666666666666,1,0
697,500,500.0,0.01688932971279747,390.1,410.06666666666666,,,390.1,489.06666666666666,1,0
698,500,500.0,0.01688932971279747,392.45,410.06666666666666,,,392.45,489.06666666666666,1,0
699,500,500.0,0.01688932971279747,394.84,494.93333333333334,42|49|56|63|70|77|84|91|98|105|112|119|126|133|140|147|154|161|168|175|182|189|196|203|210|217|224|231|238|245,500.0|500.0|500.0|500.0|500.0|500.0|500.0|500.0|500.0|500.0|500.0|500.0|348.0|500.0|500.0|500.0|500.0|500.0|500.0|500.0|500.0|500.0|500.0|500.0|500.0|500.0|500.0|500.0|500.0|500.0,394.84,494.93333333333334,1,1
700,500,500.0,0.01688932971279747,396.47,494.93333333333334,,,396.47,494.93333333333334,1,0
701,500,500.0,0.01688932971279747,398.56,494.93333333333334,,,398.56,494.93333333333334,1,0
702,500,500.0,0.01688932971279747,400.73,494.93333333333334,,,400.73,494.93333333333334,1,0
703,500,500.0,0.01688932971279747,401.08,494.93333333333334,,,401.08,494.93333333333334,1,0
704,500,500.0,0.01688932971279747,403.24,494.93333333333334,,,403.24,494.93333333333334,1,0
705,500,500.0,0.01688932971279747,404.84,494.93333333333334,,,404.84,494.93333333333334,1,0
706,500,500.0,0.01688932971279747,407.33,494.93333333333334,,,407.33,494.93333333333334,1,0
707,500,500.0,0.01688932971279747,407.33,494.93333333333334,,,407.33,494.93333333333334,0,0
708,500,500.0,0.01688932971279747,409.49,494.93333333333334,,,409.49,494.93333333333334,1,0
709,500,500.0,0.01688932971279747,411.22,494.93333333333334,,,411.22,494.93333333333334,1,0
710,500,500.0,0.01688932971279747,412.32,494.93333333333334,,,412.32,494.93333333333334,1,0
711,500,500.0,0.01688932971279747,413.4,494.93333333333334,,,413.4,494.93333333333334,1,0
712,500,500.0,0.01688932971279747,414.39,494.93333333333334,,,414.39,494.93333333333334,1,0
713,500,500.0,0.01688932971279747,415.42,494.93333333333334,,,415.42,494.93333333333334,1,0
714,500,500.0,0.01688932971279747,417.96,494.93333333333334,,,417.96,494.93333333333334,1,0
715,500,500.0,0.01688932971279747,419.95,494.93333333333334,,,419.95,494.93333333333334,1,0
716,500,500.0,0.01688932971279747,421.1,494.93333333333334,,,421.1,494.93333333333334,1,0
717,500,500.0,0.01688932971279747,421.25,494.93333333333334,,,421.25,494.93333333333334,1,0
718,500,500.0,0.01688932971279747,422.57,494.93333333333334,,,422.57,494.93333333333334,1,0
719,500,500.0,0.01688932971279747,424.58,494.93333333333334,,,424.58,494.93333333333334,1,0
720,420,420.0,0.01688932971279747,423.78,494.93333333333334,,,424.58,494.93333333333334,0,0
721,482,482.0,0.01688932971279747,426.19,494.93333333333334,,,426.19,494.93333333333334,1,0
722,500,500.0,0.01688932971279747,427.41,494.93333333333334,,,427.41,494.93333333333334,1,0
723,500,500.0,0.01688932971279747,428.89,494.93333333333334,,,428.89,494.93333333333334,1,0
724,500,500.0,0.01688932971279747,431.79,494.93333333333334,,,431.79,494.93333333333334,1,0
725,500,500.0,0.01688932971279747,431.8,494.93333333333334,,,431.8,494.93333333333334,1,0
726,356,356.0,0.01688932971279747,431.37,494.93333333333334,,,431.8,494.93333333333334,0,0
727,500,500.0,0.01688932971279747,433.3,494.93333333333334,,,433.3,494.93333333333334,1,0
728,500,500.0,0.01688932971279747,434.19,494.93333333333334,,,434.19,494.93333333333334,1,0
729,500,500.0,0.01688932971279747,435.02,494.93333333333334,,,435.02,494.93333333333334,1,0
730,477,477.0,0.01688932971279747,439.52,494.93333333333334,,,439.52,494.93333333333334,1,0
731,500,500.0,0.01688932971279747,444.16,494.93333333333334,,,444.16,494.93333333333334,1,0
732,500,500.0,0.01688932971279747,444.61,494.93333333333334,,,444.61,494.93333333333334,1,0
733,500,500.0,0.01688932971279747,447.94,494.93333333333334,,,447.94,494.93333333333334,1,0
734,500,500.0,0.01688932971279747,452.24,494.93333333333334,,,452.24,494.93333333333334,1,0
735,500,500.0,0.01688932971279747,454.4,494.93333333333334,,,454.4,494.93333333333334,1,0
736,500,500.0,0.01688932971279747,456.32,494.93333333333334,,,456.32,494.93333333333334,1,0
737,500,500.0,0.01688932971279747,456.32,494.93333333333334,,,456.32,494.93333333333334,0,0
738,500,500.0,0.01688932971279747,458.38,494.93333333333334,,,458.38,494.93333333333334,1,0
739,500,500.0,0.01688932971279747,460.53,494.93333333333334,,,460.53,494.93333333333334,1,0
740,500,500.0,0.01688932971279747,462.43,494.93333333333334,,,462.43,494.93333333333334,1,0
741,500,500.0,0.01688932971279747,463.28,494.93333333333334,,,463.28,494.93333333333334,1,0
742,500,500.0,0.01688932971279747,463.75,494.93333333333334,,,463.75,494.93333333333334,1,0
743,500,500.0,0.01688932971279747,464.96,494.93333333333334,,,464.96,494.93333333333334,1,0
744,500,500.0,0.01688932971279747,465.71,494.93333333333334,,,465.71,494.93333333333334,1,0
745,500,500.0,0.01688932971279747,466.27,494.93333333333334,,,466.27,494.93333333333334,1,0
746,500,500.0,0.01688932971279747,468.22,494.93333333333334,,,468.22,494.93333333333334,1,0
747,500,500.0,0.01688932971279747,471.15,494.93333333333334,,,471.15,494.93333333333334,1,0
748,500,500.0,0.01688932971279747,472.18,494.93333333333334,,,472.18,494.93333333333334,1,0
749,500,500.0,0.01688932971279747,474.25,500.0,42|49|56|63|70|77|84|91|98|105|112|119|126|133|140|147|154|161|168|175|182|189|196|203|210|217|224|231|238|245,500.0|500.0|500.0|500.0|500.0|500.0|500.0|500.0|500.0|500.0|500.0|500.0|500.0|500.0|500.0|500.0|500.0|500.0|500.0|500.0|500.0|500.0|500.0|500.0|500.0|500.0|500.0|500.0|500.0|500.0,474.25,500.0,1,1
750,500,500.0,0.01688932971279747,475.03,500.0,,,475.03,500.0,1,0
751,500,500.0,0.01688932971279747,477.9,500.0,,,477.9,500.0,1,0
752,500,500.0,0.01688932971279747,480.51,500.0,,,480.51,500.0,1,0
753,500,500.0,0.01688932971279747,483.51,500.0,,,483.51,500.0,1,0
754,500,500.0,0.01688932971279747,484.96,500.0,,,484.96,500.0,1,0
755,500,500.0,0.01688932971279747,484.96,500.0,,,484.96,500.0,0,0
756,500,500.0,0.01688932971279747,487.1,500.0,,,487.1,500.0,1,0
757,500,500.0,0.01688932971279747,487.1,500.0,,,487.1,500.0,0,0
758,500,500.0,0.01688932971279747,487.64,500.0,,,487.64,500.0,1,0
759,500,500.0,0.01688932971279747,487.64,500.0,,,487.64,500.0,0,0
760,500,500.0,0.01688932971279747,488.68,500.0,,,488.68,500.0,1,0
761,500,500.0,0.01688932971279747,489.64,500.0,,,489.64,500.0,1,0
762,500,500.0,0.01688932971279747,491.69,500.0,,,491.69,500.0,1,0
763,500,500.0,0.01688932971279747,491.69,500.0,,,491.69,500.0,0,0
764,500,500.0,0.01688932971279747,491.69,500.0,,,491.69,500.0,0,0
765,500,500.0,0.01688932971279747,491.69,500.0,,,491.69,500.0,0,0
766,500,500.0,0.01688932971279747,491.69,500.0,,,491.69,500.0,0,0
767,500,500.0,0.01688932971279747,491.7,500.0,,,491.7,500.0,1,0
768,500,500.0,0.01688932971279747,491.7,500.0,,,491.7,500.0,0,0
769,500,500.0,0.01688932971279747,491.7,500.0,,,491.7,500.0,0,0
770,500,500.0,0.01688932971279747,491.7,500.0,,,491.7,500.0,0,0
771,500,500.0,0.01688932971279747,491.7,500.0,,,491.7,500.0,0,0
772,500,500.0,0.01688932971279747,491.7,500.0,,,491.7,500.0,0,0
773,500,500.0,0.01688932971279747,491.7,500.0,,,491.7,500.0,0,0
774,500,500.0,0.01688932971279747,491.7,500.0,,,491.7,500.0,0,0
775,500,500.0,0.01688932971279747,491.7,500.0,,,491.7,500.0,0,0
776,500,500.0,0.01688932971279747,491.7,500.0,,,491.7,500.0,0,0
777,500,500.0,0.01688932971279747,491.7,500.0,,,491.7,500.0,0,0
778,500,500.0,0.01688932971279747,493.18,500.0,,,493.18,500.0,1,0
779,500,500.0,0.01688932971279747,493.83,500.0,,,493.83,500.0,1,0
780,500,500.0,0.01688932971279747,495.02,500.0,,,495.02,500.0,1,0
781,500,500.0,0.01688932971279747,495.71,500.0,,,495.71,500.0,1,0
782,500,500.0,0.01688932971279747,495.71,500.0,,,495.71,500.0,0,0
783,500,500.0,0.01688932971279747,495.71,500.0,,,495.71,500.0,0,0
784,500,500.0,0.01688932971279747,495.71,500.0,,,495.71,500.0,0,0
785,500,500.0,0.01688932971279747,495.71,500.0,,,495.71,500.0,0,0
786,500,500.0,0.01688932971279747,495.71,500.0,,,495.71,500.0,0,0
787,500,500.0,0.01688932971279747,495.71,500.0,,,495.71,500.0,0,0
788,500,500.0,0.01688932971279747,497.35,500.0,,,497.35,500.0,1,0
789,500,500.0,0.01688932971279747,497.35,500.0,,,497.35,500.0,0,0
790,500,500.0,0.01688932971279747,497.35,500.0,,,497.35,500.0,0,0
791,500,500.0,0.01688932971279747,497.35,500.0,,,497.35,500.0,0,0
792,500,500.0,0.01688932971279747,497.35,500.0,,,497.35,500.0,0,0
793,500,500.0,0.01688932971279747,497.35,500.0,,,497.35,500.0,0,0
794,500,500.0,0.01688932971279747,497.35,500.0,,,497.35,500.0,0,0
795,500,500.0,0.01688932971279747,497.35,500.0,,,497.35,500.0,0,0
796,500,500.0,0.01688932971279747,497.35,500.0,,,497.35,500.0,0,0
797,500,500.0,0.01688932971279747,497.35,500.0,,,497.35,500.0,0,0
798,500,500.0,0.01688932971279747,497.35,500.0,,,497.35,500.0,0,0
799,500,500.0,0.01688932971279747,497.35,500.0,42|49|56|63|70|77|84|91|98|105|112|119|126|133|140|147|154|161|168|175|182|189|196|203|210|217|224|231|238|245,500.0|500.0|500.0|500.0|500.0|500.0|500.0|500.0|500.0|500.0|500.0|500.0|500.0|500.0|500.0|500.0|500.0|500.0|500.0|500.0|500.0|500.0|500.0|500.0|500.0|500.0|500.0|500.0|500.0|500.0,497.35,500.0,0,0
800,500,500.0,0.01688932971279747,497.35,500.0,,,497.35,500.0,0,0
801,500,500.0,0.01688932971279747,497.35,500.0,,,497.35,500.0,0,0
802,500,500.0,0.01688932971279747,497.35,500.0,,,497.35,500.0,0,0
803,500,500.0,0.01688932971279747,497.35,500.0,,,497.35,500.0,0,0
804,500,500.0,0.01688932971279747,497.35,500.0,,,497.35,500.0,0,0
805,500,500.0,0.01688932971279747,497.35,500.0,,,497.35,500.0,0,0
806,500,500.0,0.01688932971279747,497.35,500.0,,,497.35,500.0,0,0
807,500,500.0,0.01688932971279747,497.35,500.0,,,497.35,500.0,0,0
808,500,500.0,0.01688932971279747,497.35,500.0,,,497.35,500.0,0,0
809,500,500.0,0.01688932971279747,497.35,500.0,,,497.35,500.0,0,0
810,500,500.0,0.01688932971279747,497.35,500.0,,,497.35,500.0,0,0
811,500,500.0,0.01688932971279747,497.35,500.0,,,497.35,500.0,0,0
812,500,500.0,0.01688932971279747,497.35,500.0,,,497.35,500.0,0,0
813,500,500.0,0.01688932971279747,497.35,500.0,,,497.35,500.0,0,0
814,500,500.0,0.01688932971279747,497.35,500.0,,,497.35,500.0,0,0
815,500,500.0,0.01688932971279747,497.35,500.0,,,497.35,500.0,0,0
816,500,500.0,0.01688932971279747,497.35,500.0,,,497.35,500.0,0,0
817,500,500.0,0.01688932971279747,497.35,500.0,,,497.35,500.0,0,0
818,500,500.0,0.01688932971279747,497.35,500.0,,,497.35,500.0,0,0
819,500,500.0,0.01688932971279747,497.35,500.0,,,497.35,500.0,0,0
820,500,500.0,0.01688932971279747,498.15,500.0,,,498.15,500.0,1,0
821,500,500.0,0.01688932971279747,498.33,500.0,,,498.33,500.0,1,0
822,500,500.0,0.01688932971279747,498.33,500.0,,,498.33,500.0,0,0
823,500,500.0,0.01688932971279747,498.33,500.0,,,498.33,500.0,0,0
824,500,500.0,0.01688932971279747,498.33,500.0,,,498.33,500.0,0,0
825,500,500.0,0.01688932971279747,498.33,500.0,,,498.33,500.0,0,0
826,500,500.0,0.01688932971279747,499.77,500.0,,,499.77,500.0,1,0
827,500,500.0,0.01688932971279747,499.77,500.0,,,499.77,500.0,0,0
828,500,500.0,0.01688932971279747,499.77,500.0,,,499.77,500.0,0,0
829,500,500.0,0.01688932971279747,499.77,500.0,,,499.77,500.0,0,0
830,500,500.0,0.01688932971279747,500.0,500.0,,,500.0,500.0,1,0
831,500,500.0,0.01688932971279747,500.0,500.0,,,500.0,500.0,0,0
832,500,500.0,0.01688932971279747,500.0,500.0,,,500.0,500.0,0,0
833,500,500.0,0.01688932971279747,500.0,500.0,,,500.0,500.0,0,0
834,500,500.0,0.01688932971279747,500.0,500.0,,,500.0,500.0,0,0
835,500,500.0,0.01688932971279747,500.0,500.0,,,500.0,500.0,0,0
836,500,500.0,0.01688932971279747,500.0,500.0,,,500.0,500.0,0,0
837,500,500.0,0.01688932971279747,500.0,500.0,,,500.0,500.0,0,0
838,500,500.0,0.01688932971279747,500.0,500.0,,,500.0,500.0,0,0
839,500,500.0,0.01688932971279747,500.0,500.0,,,500.0,500.0,0,0
840,500,500.0,0.01688932971279747,500.0,500.0,,,500.0,500.0,0,0
841,500,500.0,0.01688932971279747,500.0,500.0,,,500.0,500.0,0,0
842,500,500.0,0.01688932971279747,500.0,500.0,,,500.0,500.0,0,0
843,500,500.0,0.01688932971279747,500.0,500.0,,,500.0,500.0,0,0
844,500,500.0,0.01688932971279747,500.0,500.0,,,500.0,500.0,0,0
845,500,500.0,0.01688932971279747,500.0,500.0,,,500.0,500.0,0,0
846,500,500.0,0.01688932971279747,500.0,500.0,,,500.0,500.0,0,0
847,500,500.0,0.01688932971279747,500.0,500.0,,,500.0,500.0,0,0
848,500,500.0,0.01688932971279747,500.0,500.0,,,500.0,500.0,0,0
849,500,500.0,0.01688932971279747,500.0,500.0,42|49|56|63|70|77|84|91|98|105|112|119|126|133|140|147|154|161|168|175|182|189|196|203|210|217|224|231|238|245,500.0|500.0|500.0|500.0|500.0|500.0|500.0|500.0|500.0|500.0|500.0|500.0|500.0|500.0|500.0|500.0|500.0|500.0|500.0|500.0|500.0|500.0|500.0|500.0|500.0|500.0|500.0|500.0|500.0|500.0,500.0,500.0,0,0
850,500,500.0,0.01688932971279747,500.0,500.0,,,500.0,500.0,0,0
851,500,500.0,0.01688932971279747,500.0,500.0,,,500.0,500.0,0,0
852,500,500.0,0.01688932971279747,500.0,500.0,,,500.0,500.0,0,0
853,500,500.0,0.01688932971279747,500.0,500.0,,,500.0,500.0,0,0
854,500,500.0,0.01688932971279747,500.0,500.0,,,500.0,500.0,0,0
855,500,500.0,0.01688932971279747,500.0,500.0,,,500.0,500.0,0,0
856,500,500.0,0.01688932971279747,500.0,500.0,,,500.0,500.0,0,0
857,500,500.0,0.01688932971279747,500.0,500.0,,,500.0,500.0,0,0
858,500,500.0,0.01688932971279747,500.0,500.0,,,500.0,500.0,0,0
859,500,500.0,0.01688932971279747,500.0,500.0,,,500.0,500.0,0,0
860,500,500.0,0.01688932971279747,500.0,500.0,,,500.0,500.0,0,0
861,500,500.0,0.01688932971279747,500.0,500.0,,,500.0,500.0,0,0
862,500,500.0,0.01688932971279747,500.0,500.0,,,500.0,500.0,0,0
863,500,500.0,0.01688932971279747,500.0,500.0,,,500.0,500.0,0,0
864,500,500.0,0.01688932971279747,500.0,500.0,,,500.0,500.0,0,0
865,500,500.0,0.01688932971279747,500.0,500.0,,,500.0,500.0,0,0
866,500,500.0,0.01688932971279747,500.0,500.0,,,500.0,500.0,0,0
867,500,500.0,0.01688932971279747,500.0,500.0,,,500.0,500.0,0,0
868,500,500.0,0.01688932971279747,500.0,500.0,,,500.0,500.0,0,0
869,500,500.0,0.01688932971279747,500.0,500.0,,,500.0,500.0,0,0
870,500,500.0,0.01688932971279747,500.0,500.0,,,500.0,500.0,0,0
871,500,500.0,0.01688932971279747,500.0,500.0,,,500.0,500.0,0,0
872,500,500.0,0.01688932971279747,500.0,500.0,,,500.0,500.0,0,0
873,500,500.0,0.01688932971279747,500.0,500.0,,,500.0,500.0,0,0
874,500,500.0,0.01688932971279747,500.0,500.0,,,500.0,500.0,0,0
875,500,500.0,0.01688932971279747,500.0,500.0,,,500.0,500.0,0,0
876,500,500.0,0.01688932971279747,500.0,500.0,,,500.0,500.0,0,0
877,500,500.0,0.01688932971279747,500.0,500.0,,,500.0,500.0,0,0
878,500,500.0,0.01688932971279747,500.0,500.0,,,500.0,500.0,0,0
879,500,500.0,0.01688932971279747,500.0,500.0,,,500.0,500.0,0,0
880,500,500.0,0.01688932971279747,500.0,500.0,,,500.0,500.0,0,0
881,500,500.0,0.01688932971279747,500.0,500.0,,,500.0,500.0,0,0
882,500,500.0,0.01688932971279747,500.0,500.0,,,500.0,500.0,0,0
883,500,500.0,0.01688932971279747,500.0,500.0,,,500.0,500.0,0,0
884,500,500.0,0.01688932971279747,500.0,500.0,,,500.0,500.0,0,0
885,500,500.0,0.01688932971279747,500.0,500.0,,,500.0,500.0,0,0
886,500,500.0,0.01688932971279747,500.0,500.0,,,500.0,500.0,0,0
887,500,500.0,0.01688932971279747,500.0,500.0,,,500.0,500.0,0,0
888,500,500.0,0.01688932971279747,500.0,500.0,,,500.0,500.0,0,0
889,500,500.0,0.01688932971279747,500.0,500.0,,,500.0,500.0,0,0
890,500,500.0,0.01688932971279747,500.0,500.0,,,500.0,500.0,0,0
891,500,500.0,0.01688932971279747,500.0,500.0,,,500.0,500.0,0,0
892,500,500.0,0.01688932971279747,500.0,500.0,,,500.0,500.0,0,0
893,500,500.0,0.01688932971279747,500.0,500.0,,,500.0,500.0,0,0
894,500,500.0,0.01688932971279747,500.0,500.0,,,500.0,500.0,0,0
895,500,500.0,0.01688932971279747,500.0,500.0,,,500.0,500.0,0,0
896,500,500.0,0.01688932971279747,500.0,500.0,,,500.0,500.0,0,0
897,500,500.0,0.01688932971279747,500.0,500.0,,,500.0,500.0,0,0
898,500,500.0,0.01688932971279747,500.0,500.0,,,500.0,500.0,0,0
899,500,500.0,0.01688932971279747,500.0,500.0,42|49|56|63|70|77|84|91|98|105|112|119|126|133|140|147|154|161|168|175|182|189|196|203|210|217|224|231|238|245,500.0|500.0|500.0|500.0|500.0|500.0|500.0|500.0|500.0|500.0|500.0|500.0|500.0|500.0|500.0|500.0|500.0|500.0|500.0|500.0|500.0|500.0|500.0|500.0|500.0|500.0|500.0|500.0|500.0|500.0,500.0,500.0,0,0
900,500,500.0,0.01688932971279747,500.0,500.0,,,500.0,500.0,0,0
901,500,500.0,0.01688932971279747,500.0,500.0,,,500.0,500.0,0,0
902,500,500.0,0.01688932971279747,500.0,500.0,,,500.0,500.0,0,0
903,500,500.0,0.01688932971279747,500.0,500.0,,,500.0,500.0,0,0
904,500,500.0,0.01688932971279747,500.0,500.0,,,500.0,500.0,0,0
905,500,500.0,0.01688932971279747,500.0,500.0,,,500.0,500.0,0,0
906,500,500.0,0.01688932971279747,500.0,500.0,,,500.0,500.0,0,0
907,500,500.0,0.01688932971279747,500.0,500.0,,,500.0,500.0,0,0
908,500,500.0,0.01688932971279747,500.0,500.0,,,500.0,500.0,0,0
909,500,500.0,0.01688932971279747,500.0,500.0,,,500.0,500.0,0,0
910,500,500.0,0.01688932971279747,500.0,500.0,,,500.0,500.0,0,0
911,500,500.0,0.01688932971279747,500.0,500.0,,,500.0,500.0,0,0
912,500,500.0,0.01688932971279747,500.0,500.0,,,500.0,500.0,0,0
913,500,500.0,0.01688932971279747,500.0,500.0,,,500.0,500.0,0,0
914,500,500.0,0.01688932971279747,500.0,500.0,,,500.0,500.0,0,0
915,500,500.0,0.01688932971279747,500.0,500.0,,,500.0,500.0,0,0
916,500,500.0,0.01688932971279747,500.0,500.0,,,500.0,500.0,0,0
917,500,500.0,0.01688932971279747,500.0,500.0,,,500.0,500.0,0,0
918,500,500.0,0.01688932971279747,500.0,500.0,,,500.0,500.0,0,0
919,500,500.0,0.01688932971279747,500.0,500.0,,,500.0,500.0,0,0
920,500,500.0,0.01688932971279747,500.0,500.0,,,500.0,500.0,0,0
921,500,500.0,0.01688932971279747,500.0,500.0,,,500.0,500.0,0,0
922,500,500.0,0.01688932971279747,500.0,500.0,,,500.0,500.0,0,0
923,500,500.0,0.01688932971279747,500.0,500.0,,,500.0,500.0,0,0
924,500,500.0,0.01688932971279747,500.0,500.0,,,500.0,500.0,0,0
925,500,500.0,0.01688932971279747,500.0,500.0,,,500.0,500.0,0,0
926,500,500.0,0.01688932971279747,500.0,500.0,,,500.0,500.0,0,0
927,500,500.0,0.01688932971279747,500.0,500.0,,,500.0,500.0,0,0
928,500,500.0,0.01688932971279747,500.0,500.0,,,500.0,500.0,0,0
929,500,500.0,0.01688932971279747,500.0,500.0,,,500.0,500.0,0,0
930,500,500.0,0.01688932971279747,500.0,500.0,,,500.0,500.0,0,0
931,500,500.0,0.01688932971279747,500.0,500.0,,,500.0,500.0,0,0
932,500,500.0,0.01688932971279747,500.0,500.0,,,500.0,500.0,0,0
933,500,500.0,0.01688932971279747,500.0,500.0,,,500.0,500.0,0,0
934,500,500.0,0.01688932971279747,500.0,500.0,,,500.0,500.0,0,0
935,500,500.0,0.01688932971279747,500.0,500.0,,,500.0,500.0,0,0
936,500,500.0,0.01688932971279747,500.0,500.0,,,500.0,500.0,0,0
937,500,500.0,0.01688932971279747,500.0,500.0,,,500.0,500.0,0,0
938,500,500.0,0.01688932971279747,500.0,500.0,,,500.0,500.0,0,0
939,500,500.0,0.01688932971279747,500.0,500.0,,,500.0,500.0,0,0
940,500,500.0,0.01688932971279747,500.0,500.0,,,500.0,500.0,0,0
941,500,500.0,0.01688932971279747,500.0,500.0,,,500.0,500.0,0,0
942,500,500.0,0.01688932971279747,500.0,500.0,,,500.0,500.0,0,0
943,500,500.0,0.01688932971279747,500.0,500.0,,,500.0,500.0,0,0
944,500,500.0,0.01688932971279747,500.0,500.0,,,500.0,500.0,0,0
945,500,500.0,0.01688932971279747,500.0,500.0,,,500.0,500.0,0,0
946,500,500.0,0.01688932971279747,500.0,500.0,,,500.0,500.0,0,0
947,500,500.0,0.01688932971279747,500.0,500.0,,,500.0,500.0,0,0
948,500,500.0,0.01688932971279747,500.0,500.0,,,500.0,500.0,0,0
949,500,500.0,0.01688932971279747,500.0,500.0,42|49|56|63|70|77|84|91|98|105|112|119|126|133|140|147|154|161|168|175|182|189|196|203|210|217|224|231|238|245,500.0|500.0|500.0|500.0|500.0|500.0|500.0|500.0|500.0|500.0|500.0|500.0|500.0|500.0|500.0|500.0|500.0|500.0|500.0|500.0|500.0|500.0|500.0|500.0|500.0|500.0|500.0|500.0|500.0|500.0,500.0,500.0,0,0
950,500,500.0,0.01688932971279747,500.0,500.0,,,500.0,500.0,0,0
951,500,500.0,0.01688932971279747,500.0,500.0,,,500.0,500.0,0,0
952,500,500.0,0.01688932971279747,500.0,500.0,,,500.0,500.0,0,0
953,500,500.0,0.01688932971279747,500.0,500.0,,,500.0,500.0,0,0
954,500,500.0,0.01688932971279747,500.0,500.0,,,500.0,500.0,0,0
955,500,500.0,0.01688932971279747,500.0,500.0,,,500.0,500.0,0,0
956,500,500.0,0.01688932971279747,500.0,500.0,,,500.0,500.0,0,0
957,500,500.0,0.01688932971279747,500.0,500.0,,,500.0,500.0,0,0
958,500,500.0,0.01688932971279747,500.0,500.0,,,500.0,500.0,0,0
959,500,500.0,0.01688932971279747,500.0,500.0,,,500.0,500.0,0,0
960,500,500.0,0.01688932971279747,500.0,500.0,,,500.0,500.0,0,0
961,500,500.0,0.01688932971279747,500.0,500.0,,,500.0,500.0,0,0
962,500,500.0,0.01688932971279747,500.0,500.0,,,500.0,500.0,0,0
963,500,500.0,0.01688932971279747,500.0,500.0,,,500.0,500.0,0,0
964,500,500.0,0.01688932971279747,500.0,500.0,,,500.0,500.0,0,0
965,500,500.0,0.01688932971279747,500.0,500.0,,,500.0,500.0,0,0
966,500,500.0,0.01688932971279747,500.0,500.0,,,500.0,500.0,0,0
967,30,30.0,0.01688932971279747,495.3,500.0,,,500.0,500.0,0,0
968,500,500.0,0.01688932971279747,495.3,500.0,,,500.0,500.0,0,0
969,500,500.0,0.01688932971279747,495.3,500.0,,,500.0,500.0,0,0
970,500,500.0,0.01688932971279747,495.3,500.0,,,500.0,500.0,0,0
971,500,500.0,0.01688932971279747,495.3,500.0,,,500.0,500.0,0,0
972,500,500.0,0.01688932971279747,495.3,500.0,,,500.0,500.0,0,0
973,500,500.0,0.01688932971279747,495.3,500.0,,,500.0,500.0,0,0
974,500,500.0,0.01688932971279747,495.3,500.0,,,500.0,500.0,0,0
975,500,500.0,0.01688932971279747,495.3,500.0,,,500.0,500.0,0,0
976,500,500.0,0.01688932971279747,495.3,500.0,,,500.0,500.0,0,0
977,500,500.0,0.01688932971279747,495.3,500.0,,,500.0,500.0,0,0
978,500,500.0,0.01688932971279747,495.3,500.0,,,500.0,500.0,0,0
979,500,500.0,0.01688932971279747,495.3,500.0,,,500.0,500.0,0,0
980,500,500.0,0.01688932971279747,495.3,500.0,,,500.0,500.0,0,0
981,500,500.0,0.01688932971279747,495.3,500.0,,,500.0,500.0,0,0
982,500,500.0,0.01688932971279747,495.3,500.0,,,500.0,500.0,0,0
983,500,500.0,0.01688932971279747,495.3,500.0,,,500.0,500.0,0,0
984,500,500.0,0.01688932971279747,495.3,500.0,,,500.0,500.0,0,0
985,500,500.0,0.01688932971279747,495.3,500.0,,,500.0,500.0,0,0
986,500,500.0,0.01688932971279747,495.3,500.0,,,500.0,500.0,0,0
987,500,500.0,0.01688932971279747,495.3,500.0,,,500.0,500.0,0,0
988,500,500.0,0.01688932971279747,495.3,500.0,,,500.0,500.0,0,0
989,500,500.0,0.01688932971279747,495.3,500.0,,,500.0,500.0,0,0
990,500,500.0,0.01688932971279747,495.3,500.0,,,500.0,500.0,0,0
991,500,500.0,0.01688932971279747,495.3,500.0,,,500.0,500.0,0,0
992,500,500.0,0.01688932971279747,495.3,500.0,,,500.0,500.0,0,0
993,500,500.0,0.01688932971279747,495.3,500.0,,,500.0,500.0,0,0
994,500,500.0,0.01688932971279747,495.3,500.0,,,500.0,500.0,0,0
995,500,500.0,0.01688932971279747,495.3,500.0,,,500.0,500.0,0,0
996,500,500.0,0.01688932971279747,495.3,500.0,,,500.0,500.0,0,0
997,500,500.0,0.01688932971279747,495.3,500.0,,,500.0,500.0,0,0
998,500,500.0,0.01688932971279747,495.3,500.0,,,500.0,500.0,0,0
999,500,500.0,0.01688932971279747,495.3,500.0,42|49|56|63|70|77|84|91|98|105|112|119|126|133|140|147|154|161|168|175|182|189|196|203|210|217|224|231|238|245,500.0|500.0|500.0|500.0|500.0|500.0|500.0|500.0|500.0|500.0|500.0|500.0|500.0|500.0|500.0|500.0|500.0|500.0|500.0|500.0|500.0|500.0|500.0|500.0|500.0|500.0|500.0|500.0|500.0|500.0,500.0,500.0,0,0
