episode,episode_steps,episode_reward,epsilon,running_avg_100,generalization_avg,generalization_seeds,best_running_avg_100,best_generalization_avg,saved_best_running_model,saved_best_generalization_model
0,29,29.0,0.8414144363873355,,,,0,0,0,0
1,13,13.0,0.8320326332556152,,,,0,0,0,0
2,13,13.0,0.8227575803359743,,,,0,0,0,0
3,11,11.0,0.8149919370352614,,,,0,0,0,0
4,21,21.0,0.8003738106899229,,,,0,0,0,0
5,14,14.0,0.790777446072137,,,,0,0,0,0
6,27,27.0,0.7726008413583351,,,,0,0,0,0
7,13,13.0,0.7640020290611228,,,,0,0,0,0
8,48,48.0,0.7330915243942955,,,,0,0,0,0
9,15,15.0,0.7236967908062336,,,,0,0,0,0
10,41,41.0,0.6986418695960475,,,,0,0,0,0
11,9,9.0,0.6932620003349076,,,,0,0,0,0
12,10,10.0,0.68733414475084,,,,0,0,0,0
13,25,25.0,0.6727408044758567,,,,0,0,0,0
14,16,16.0,0.6635682071494323,,,,0,0,0,0
15,11,11.0,0.6573365712853876,,,,0,0,0,0
16,10,10.0,0.6517235728273558,,,,0,0,0,0
17,11,11.0,0.645606076222553,,,,0,0,0,0
18,11,11.0,0.6395475300683845,,,,0,0,0,0
19,11,11.0,0.633547366296594,,,,0,0,0,0
20,12,12.0,0.6270676570220759,,,,0,0,0,0
21,22,22.0,0.6153645116979277,,,,0,0,0,0
22,16,16.0,0.6069943668321386,,,,0,0,0,0
23,16,16.0,0.5987412850078643,,,,0,0,0,0
24,13,13.0,0.5921207219077287,,,,0,0,0,0
25,11,11.0,0.5865775803288118,,,,0,0,0,0
26,20,20.0,0.5766356315591971,,,,0,0,0,0
27,16,16.0,0.5688071404611978,,,,0,0,0,0
28,13,13.0,0.5625271809991806,,,,0,0,0,0
29,12,12.0,0.5567937364711645,,,,0,0,0,0
30,14,14.0,0.550180817298163,,,,0,0,0,0
31,10,10.0,0.5455069517504748,,,,0,0,0,0
32,15,15.0,0.5385728460385992,,,,0,0,0,0
33,8,8.0,0.5349119241586046,,,,0,0,0,0
34,18,18.0,0.526768506559219,,,,0,0,0,0
35,16,16.0,0.5196374463202669,,,,0,0,0,0
36,13,13.0,0.5139169608957809,,,,0,0,0,0
37,10,10.0,0.5095609185142429,,,,0,0,0,0
38,12,12.0,0.5043840320166086,,,,0,0,0,0
39,9,9.0,0.500537096933181,,,,0,0,0,0
40,10,10.0,0.4962983181620012,,,,0,0,0,0
41,12,12.0,0.49126079220036634,,,,0,0,0,0
42,16,16.0,0.48462633519908027,,,,0,0,0,0
43,12,12.0,0.4797114559099447,,,,0,0,0,0
44,13,13.0,0.47444526566560097,,,,0,0,0,0
45,13,13.0,0.4692389964105961,,,,0,0,0,0
46,11,11.0,0.4648799884014643,,,,0,0,0,0
47,11,11.0,0.4605629853991282,,,,0,0,0,0
48,11,11.0,0.45628758262786995,,,,0,0,0,0
49,13,13.0,0.4512879193406024,,10.666666666666666,42|49|56|63|70|77|84|91|98|105|112|119|126|133|140|147|154|161|168|175|182|189|196|203|210|217|224|231|238|245,0,10.666666666666666,0,1
50,15,15.0,0.4455897253796107,,10.666666666666666,,0,10.666666666666666,0,0
51,9,9.0,0.44220674996556786,,10.666666666666666,,0,10.666666666666666,0,0
52,13,13.0,0.437367304479916,,10.666666666666666,,0,10.666666666666666,0,0
53,12,12.0,0.4329490128641562,,10.666666666666666,,0,10.666666666666666,0,0
54,11,11.0,0.42893970850371943,,10.666666666666666,,0,10.666666666666666,0,0
55,9,9.0,0.42568812227966535,,10.666666666666666,,0,10.666666666666666,0,0
56,12,12.0,0.42139255298443345,,10.666666666666666,,0,10.666666666666666,0,0
57,13,13.0,0.416789940430661,,10.666666666666666,,0,10.666666666666666,0,0
58,12,12.0,0.4125878713057549,,10.666666666666666,,0,10.666666666666666,0,0
59,15,15.0,0.4073973225933153,,10.666666666666666,,0,10.666666666666666,0,0
60,12,12.0,0.40329394906516125,,10.666666666666666,,0,10.666666666666666,0,0
61,12,12.0,0.39923369289854294,,10.666666666666666,,0,10.666666666666666,0,0
62,15,15.0,0.3942183167132959,,10.666666666666666,,0,10.666666666666666,0,0
63,12,12.0,0.3902534253285074,,10.666666666666666,,0,10.666666666666666,0,0
64,12,12.0,0.38633019616484365,,10.666666666666666,,0,10.666666666666666,0,0
65,12,12.0,0.3824481914446959,,10.666666666666666,,0,10.666666666666666,0,0
66,12,12.0,0.378606977990528,,10.666666666666666,,0,10.666666666666666,0,0
67,14,14.0,0.3741765463408391,,10.666666666666666,,0,10.666666666666666,0,0
68,11,11.0,0.3707335951163774,,10.666666666666666,,0,10.666666666666666,0,0
69,12,12.0,0.36701547610673557,,10.666666666666666,,0,10.666666666666666,0,0
70,15,15.0,0.36242272018946475,,10.666666666666666,,0,10.666666666666666,0,0
71,15,15.0,0.3578902094356382,,10.666666666666666,,0,10.666666666666666,0,0
72,15,15.0,0.3534171535834211,,10.666666666666666,,0,10.666666666666666,0,0
73,14,14.0,0.3492952548345589,,10.666666666666666,,0,10.666666666666666,0,0
74,12,12.0,0.34580240526780626,,10.666666666666666,,0,10.666666666666666,0,0
75,13,13.0,0.34205989009473736,,10.666666666666666,,0,10.666666666666666,0,0
76,12,12.0,0.3386430681757696,,10.666666666666666,,0,10.666666666666666,0,0
77,24,24.0,0.3319167567516549,,10.666666666666666,,0,10.666666666666666,0,0
78,61,61.0,0.315446823085907,,10.666666666666666,,0,10.666666666666666,0,0
79,33,33.0,0.3068986977764837,,10.666666666666666,,0,10.666666666666666,0,0
80,29,29.0,0.29958898832816483,,10.666666666666666,,0,10.666666666666666,0,0
81,29,29.0,0.2924635206944315,,10.666666666666666,,0,10.666666666666666,0,0
82,20,20.0,0.2876543211260625,,10.666666666666666,,0,10.666666666666666,0,0
83,21,21.0,0.2826949627452492,,10.666666666666666,,0,10.666666666666666,0,0
84,16,16.0,0.2789774624685549,,10.666666666666666,,0,10.666666666666666,0,0
85,29,29.0,0.27237151000195636,,10.666666666666666,,0,10.666666666666666,0,0
86,19,19.0,0.2681340161481627,,10.666666666666666,,0,10.666666666666666,0,0
87,19,19.0,0.26396680646894677,,10.666666666666666,,0,10.666666666666666,0,0
88,20,20.0,0.2596549190228232,,10.666666666666666,,0,10.666666666666666,0,0
89,19,19.0,0.2556283458526338,,10.666666666666666,,0,10.666666666666666,0,0
90,24,24.0,0.2506374699755906,,10.666666666666666,,0,10.666666666666666,0,0
91,24,24.0,0.2457509291269094,,10.666666666666666,,0,10.666666666666666,0,0
92,21,21.0,0.2415590774212051,,10.666666666666666,,0,10.666666666666666,0,0
93,18,18.0,0.23802722456931266,,10.666666666666666,,0,10.666666666666666,0,0
94,24,24.0,0.23340430284170938,,10.666666666666666,,0,10.666666666666666,0,0
95,18,18.0,0.2300006446584312,,10.666666666666666,,0,10.666666666666666,0,0
96,14,14.0,0.22739039017088403,,10.666666666666666,,0,10.666666666666666,0,0
97,34,34.0,0.22118353005051916,,10.666666666666666,,0,10.666666666666666,0,0
98,33,33.0,0.21533429677640112,,10.666666666666666,,0,10.666666666666666,0,0
99,10,10.0,0.2135950882642415,16.57,33.53333333333333,42|49|56|63|70|77|84|91|98|105|112|119|126|133|140|147|154|161|168|175|182|189|196|203|210|217|224|231|238|245,16.57,33.53333333333333,1,1
100,29,29.0,0.20863710379835193,16.57,33.53333333333333,,16.57,33.53333333333333,0,0
101,22,22.0,0.20495940505804944,16.66,33.53333333333333,,16.66,33.53333333333333,1,0
102,37,37.0,0.19893256439094534,16.9,33.53333333333333,,16.9,33.53333333333333,1,0
103,28,28.0,0.1945004290224541,17.07,33.53333333333333,,17.07,33.53333333333333,1,0
104,44,44.0,0.18775264829533586,17.3,33.53333333333333,,17.3,33.53333333333333,1,0
105,33,33.0,0.1828605886738338,17.49,33.53333333333333,,17.49,33.53333333333333,1,0
106,32,32.0,0.17825057652162887,17.54,33.53333333333333,,17.54,33.53333333333333,1,0
107,14,14.0,0.17627417316310046,17.55,33.53333333333333,,17.55,33.53333333333333,1,0
108,39,39.0,0.17089519545377554,17.46,33.53333333333333,,17.55,33.53333333333333,0,0
109,25,25.0,0.1675430030694196,17.56,33.53333333333333,,17.56,33.53333333333333,1,0
110,27,27.0,0.16400454290780359,17.42,33.53333333333333,,17.56,33.53333333333333,0,0
111,28,28.0,0.16042278640475355,17.61,33.53333333333333,,17.61,33.53333333333333,1,0
112,60,60.0,0.15303851760441783,18.11,33.53333333333333,,18.11,33.53333333333333,1,0
113,46,46.0,0.14763556333078878,18.32,33.53333333333333,,18.32,33.53333333333333,1,0
114,55,55.0,0.1414562150898372,18.71,33.53333333333333,,18.71,33.53333333333333,1,0
115,111,111.0,0.1298603734753493,19.71,33.53333333333333,,19.71,33.53333333333333,1,0
116,31,31.0,0.12681922022264536,19.92,33.53333333333333,,19.92,33.53333333333333,1,0
117,107,107.0,0.11693758902968845,20.88,33.53333333333333,,20.88,33.53333333333333,1,0
118,209,209.0,0.10012481722669403,22.86,33.53333333333333,,22.86,33.53333333333333,1,0
119,220,220.0,0.08547007522542116,24.95,33.53333333333333,,24.95,33.53333333333333,1,0
120,199,199.0,0.07444978324817159,26.82,33.53333333333333,,26.82,33.53333333333333,1,0
121,264,264.0,0.06251367195277627,29.24,33.53333333333333,,29.24,33.53333333333333,1,0
122,218,218.0,0.05454712529125989,31.26,33.53333333333333,,31.26,33.53333333333333,1,0
123,206,206.0,0.04830170581118849,33.16,33.53333333333333,,33.16,33.53333333333333,1,0
124,199,199.0,0.04325402728690467,35.02,33.53333333333333,,35.02,33.53333333333333,1,0
125,284,284.0,0.03742217682895292,37.75,33.53333333333333,,37.75,33.53333333333333,1,0
126,209,209.0,0.03397170127458801,39.64,33.53333333333333,,39.64,33.53333333333333,1,0
127,221,221.0,0.030951732618007793,41.69,33.53333333333333,,41.69,33.53333333333333,1,0
128,194,194.0,0.02874409745212292,43.5,33.53333333333333,,43.5,33.53333333333333,1,0
129,241,241.0,0.026478000164088314,45.79,33.53333333333333,,45.79,33.53333333333333,1,0
130,192,192.0,0.024986933228990246,47.57,33.53333333333333,,47.57,33.53333333333333,1,0
131,178,178.0,0.023812529189199766,49.25,33.53333333333333,,49.25,33.53333333333333,1,0
132,244,244.0,0.022474356799797687,51.54,33.53333333333333,,51.54,33.53333333333333,1,0
133,202,202.0,0.021564531762788896,53.48,33.53333333333333,,53.48,33.53333333333333,1,0
134,195,195.0,0.02082711104669774,55.25,33.53333333333333,,55.25,33.53333333333333,1,0
135,208,208.0,0.020168265320647284,57.17,33.53333333333333,,57.17,33.53333333333333,1,0
136,202,202.0,0.019634112546759175,59.06,33.53333333333333,,59.06,33.53333333333333,1,0
137,205,205.0,0.019180915845198786,61.01,33.53333333333333,,61.01,33.53333333333333,1,0
138,178,178.0,0.018848564674134625,62.67,33.53333333333333,,62.67,33.53333333333333,1,0
139,193,193.0,0.018542441932430643,64.51,33.53333333333333,,64.51,33.53333333333333,1,0
140,208,208.0,0.018265853206893584,66.49,33.53333333333333,,66.49,33.53333333333333,1,0
141,214,214.0,0.018029503655129883,68.51,33.53333333333333,,68.51,33.53333333333333,1,0
142,196,196.0,0.01784881875923412,70.31,33.53333333333333,,70.31,33.53333333333333,1,0
143,184,184.0,0.017705341719122164,72.03,33.53333333333333,,72.03,33.53333333333333,1,0
144,202,202.0,0.017572409838526263,73.92,33.53333333333333,,73.92,33.53333333333333,1,0
145,184,184.0,0.017470265561879392,75.63,33.53333333333333,,75.63,33.53333333333333,1,0
146,171,171.0,0.017389081808603494,77.23,33.53333333333333,,77.23,33.53333333333333,1,0
147,225,225.0,0.01729928528231628,79.37,33.53333333333333,,79.37,33.53333333333333,1,0
148,196,196.0,0.017234319072644035,81.22,33.53333333333333,,81.22,33.53333333333333,1,0
149,188,188.0,0.01718169985733122,82.97,217.7,42|49|56|63|70|77|84|91|98|105|112|119|126|133|140|147|154|161|168|175|182|189|196|203|210|217|224|231|238|245,82.97,217.7,1,1
150,208,208.0,0.01713278225530683,84.9,217.7,,84.9,217.7,1,0
151,168,168.0,0.017099314419385,86.49,217.7,,86.49,217.7,1,0
152,199,199.0,0.01706557181772539,88.35,217.7,,88.35,217.7,1,0
153,211,211.0,0.01703569701183311,90.34,217.7,,90.34,217.7,1,0
154,203,203.0,0.017011745338908486,92.26,217.7,,92.26,217.7,1,0
155,179,179.0,0.016993899179501223,93.96,217.7,,93.96,217.7,1,0
156,178,178.0,0.016978733358664226,95.62,217.7,,95.62,217.7,1,0
157,199,199.0,0.01696436701904634,97.48,217.7,,97.48,217.7,1,0
158,195,195.0,0.016952531367128855,99.31,217.7,,99.31,217.7,1,0
159,218,218.0,0.0169414956150808,101.34,217.7,,101.34,217.7,1,0
160,171,171.0,0.0169342056126699,102.93,217.7,,102.93,217.7,1,0
161,204,204.0,0.01692682905661733,104.85,217.7,,104.85,217.7,1,0
162,259,259.0,0.016919184060381516,107.29,217.7,,107.29,217.7,1,0
163,260,260.0,0.016913076737275663,109.77,217.7,,109.77,217.7,1,0
164,217,217.0,0.016908947489126087,111.82,217.7,,111.82,217.7,1,0
165,194,194.0,0.016905867724366717,113.64,217.7,,113.64,217.7,1,0
166,213,213.0,0.016903040205945182,115.65,217.7,,115.65,217.7,1,0
167,269,269.0,0.016900149381870545,118.2,217.7,,118.2,217.7,1,0
168,233,233.0,0.016898142996142503,120.42,217.7,,120.42,217.7,1,0
169,211,211.0,0.016896649056148343,122.41,217.7,,122.41,217.7,1,0
170,276,276.0,0.016895070307842302,125.02,217.7,,125.02,217.7,1,0
171,269,269.0,0.016893859917364036,127.56,217.7,,127.56,217.7,1,0
172,212,212.0,0.016893088691798876,129.53,217.7,,129.53,217.7,1,0
173,195,195.0,0.01689249578715917,131.34,217.7,,131.34,217.7,1,0
174,205,205.0,0.01689197303015273,133.27,217.7,,133.27,217.7,1,0
175,220,220.0,0.016891507638106307,135.34,217.7,,135.34,217.7,1,0
176,228,228.0,0.016891111591939307,137.5,217.7,,137.5,217.7,1,0
177,289,289.0,0.01689071134712901,140.15,217.7,,140.15,217.7,1,0
178,205,205.0,0.01689048322266172,141.59,217.7,,141.59,217.7,1,0
179,293,293.0,0.016890220978057778,144.19,217.7,,144.19,217.7,1,0
180,204,204.0,0.016890074474741543,145.94,217.7,,145.94,217.7,1,0
181,127,127.0,0.016889995698934138,146.92,217.7,,146.92,217.7,1,0
182,335,335.0,0.01688982561289408,150.07,217.7,,150.07,217.7,1,0
183,245,245.0,0.016889729409283526,152.31,217.7,,152.31,217.7,1,0
184,247,247.0,0.016889651302300444,154.62,217.7,,154.62,217.7,1,0
185,192,192.0,0.016889601294170848,156.25,217.7,,156.25,217.7,1,0
186,217,217.0,0.016889554070280356,158.23,217.7,,158.23,217.7,1,0
187,216,216.0,0.016889515221137436,160.2,217.7,,160.2,217.7,1,0
188,195,195.0,0.016889485960863454,161.95,217.7,,161.95,217.7,1,0
189,197,197.0,0.01688946108432773,163.73,217.7,,163.73,217.7,1,0
190,227,227.0,0.016889437289647292,165.76,217.7,,165.76,217.7,1,0
191,226,226.0,0.016889417882360425,167.78,217.7,,167.78,217.7,1,0
192,214,214.0,0.0168894027436165,169.71,217.7,,169.71,217.7,1,0
193,188,188.0,0.01688939160465154,171.41,217.7,,171.41,217.7,1,0
194,231,231.0,0.016889380216340982,173.48,217.7,,173.48,217.7,1,0
195,189,189.0,0.016889372475670045,175.19,217.7,,175.19,217.7,1,0
196,171,171.0,0.016889366499708153,176.76,217.7,,176.76,217.7,1,0
197,179,179.0,0.016889361136789273,178.21,217.7,,178.21,217.7,1,0
198,214,214.0,0.016889355741279203,180.02,217.7,,180.02,217.7,1,0
199,255,255.0,0.016889350507942734,182.47,193.06666666666666,42|49|56|63|70|77|84|91|98|105|112|119|126|133|140|147|154|161|168|175|182|189|196|203|210|217|224|231|238|245,182.47,217.7,1,0
200,177,177.0,0.016889347507658324,183.95,193.06666666666666,,183.95,217.7,1,0
201,202,202.0,0.016889344608798627,185.75,193.06666666666666,,185.75,217.7,1,0
202,196,196.0,0.016889342248209316,187.34,193.06666666666666,,187.34,217.7,1,0
203,164,164.0,0.016889340563082934,188.7,193.06666666666666,,188.7,217.7,1,0
204,232,232.0,0.016889338558803292,190.58,193.06666666666666,,190.58,217.7,1,0
205,179,179.0,0.016889337269202977,192.04,193.06666666666666,,192.04,217.7,1,0
206,184,184.0,0.016889336139257093,193.56,193.06666666666666,,193.56,217.7,1,0
207,231,231.0,0.01688933495676678,195.73,193.06666666666666,,195.73,217.7,1,0
208,216,216.0,0.01688933404873505,197.5,193.06666666666666,,197.5,217.7,1,0
209,201,201.0,0.01688933334558856,199.26,193.06666666666666,,199.26,217.7,1,0
210,172,172.0,0.016889332835168934,200.71,193.06666666666666,,200.71,217.7,1,0
211,215,215.0,0.016889332296781058,202.58,193.06666666666666,,202.58,217.7,1,0
212,161,161.0,0.01688933195533238,203.59,193.06666666666666,,203.59,217.7,1,0
213,206,206.0,0.016889331583415462,205.19,193.06666666666666,,205.19,217.7,1,0
214,235,235.0,0.016889331233850162,206.99,193.06666666666666,,206.99,217.7,1,0
215,201,201.0,0.016889330987185435,207.89,193.06666666666666,,207.89,217.7,1,0
216,417,417.0,0.016889330595637353,211.75,193.06666666666666,,211.75,217.7,1,0
217,264,264.0,0.016889330412565913,213.32,193.06666666666666,,213.32,217.7,1,0
218,258,258.0,0.016889330270394652,213.81,193.06666666666666,,213.81,217.7,1,0
219,193,193.0,0.01688933018327229,213.54,193.06666666666666,,213.81,217.7,0,0
220,187,187.0,0.016889330111864647,213.42,193.06666666666666,,213.81,217.7,0,0
221,260,260.0,0.016889330030227218,213.38,193.06666666666666,,213.81,217.7,0,0
222,198,198.0,0.016889329979453818,213.18,193.06666666666666,,213.81,217.7,0,0
223,206,206.0,0.016889329935229756,213.18,193.06666666666666,,213.81,217.7,0,0
224,205,205.0,0.016889329898503506,213.24,193.06666666666666,,213.81,217.7,0,0
225,238,238.0,0.01688932986340208,212.78,193.06666666666666,,213.81,217.7,0,0
226,252,252.0,0.016889329833439406,213.21,193.06666666666666,,213.81,217.7,0,0
227,293,293.0,0.016889329806012075,213.93,193.06666666666666,,213.93,217.7,1,0
228,274,274.0,0.016889329786034944,214.73,193.06666666666666,,214.73,217.7,1,0
229,500,500.0,0.016889329759958428,217.32,193.06666666666666,,217.32,217.7,1,0
230,500,500.0,0.016889329743166565,220.4,193.06666666666666,,220.4,217.7,1,0
231,209,209.0,0.01688932973806314,220.71,193.06666666666666,,220.71,217.7,1,0
232,227,227.0,0.016889329733486894,220.54,193.06666666666666,,220.71,217.7,0,0
233,296,296.0,0.016889329728741097,221.48,193.06666666666666,,221.48,217.7,1,0
234,263,263.0,0.016889329725446052,222.16,193.06666666666666,,222.16,217.7,1,0
235,112,112.0,0.016889329724258512,221.2,193.06666666666666,,222.16,217.7,0,0
236,346,346.0,0.016889329721249242,222.64,193.06666666666666,,222.64,217.7,1,0
237,393,393.0,0.016889329718777497,224.52,193.06666666666666,,224.52,217.7,1,0
238,262,262.0,0.01688932971754579,225.36,193.06666666666666,,225.36,217.7,1,0
239,500,500.0,0.01688932971585513,228.43,193.06666666666666,,228.43,217.7,1,0
240,384,384.0,0.016889329714978116,230.19,193.06666666666666,,230.19,217.7,1,0
241,63,63.0,0.016889329714860474,228.68,193.06666666666666,,230.19,217.7,0,0
242,291,291.0,0.01688932971439427,229.63,193.06666666666666,,230.19,217.7,0,0
243,129,129.0,0.01688932971422286,229.08,193.06666666666666,,230.19,217.7,0,0
244,469,469.0,0.016889329713740735,231.75,193.06666666666666,,231.75,217.7,1,0
245,281,281.0,0.01688932971353403,232.72,193.06666666666666,,232.72,217.7,1,0
246,224,224.0,0.016889329713402214,233.25,193.06666666666666,,233.25,217.7,1,0
247,253,253.0,0.016889329713281474,233.53,193.06666666666666,,233.53,217.7,1,0
248,399,399.0,0.01688932971313812,235.56,193.06666666666666,,235.56,217.7,1,0
249,300,300.0,0.016889329713059058,236.68,283.8333333333333,42|49|56|63|70|77|84|91|98|105|112|119|126|133|140|147|154|161|168|175|182|189|196|203|210|217|224|231|238|245,236.68,283.8333333333333,1,1
250,314,314.0,0.016889329712995886,237.74,283.8333333333333,,237.74,283.8333333333333,1,0
251,238,238.0,0.01688932971295838,238.44,283.8333333333333,,238.44,283.8333333333333,1,0
252,420,420.0,0.016889329712908647,240.65,283.8333333333333,,240.65,283.8333333333333,1,0
253,13,13.0,0.016889329712907384,238.67,283.8333333333333,,240.65,283.8333333333333,0,0
254,465,465.0,0.016889329712870462,241.29,283.8333333333333,,241.29,283.8333333333333,1,0
255,264,264.0,0.016889329712855325,242.14,283.8333333333333,,242.14,283.8333333333333,1,0
256,229,229.0,0.016889329712844764,242.65,283.8333333333333,,242.65,283.8333333333333,1,0
257,20,20.0,0.016889329712843938,240.86,283.8333333333333,,242.65,283.8333333333333,0,0
258,325,325.0,0.016889329712832375,242.16,283.8333333333333,,242.65,283.8333333333333,0,0
259,79,79.0,0.01688932971283003,240.77,283.8333333333333,,242.65,283.8333333333333,0,0
260,126,126.0,0.016889329712826612,240.32,283.8333333333333,,242.65,283.8333333333333,0,0
261,288,288.0,0.016889329712820086,241.16,283.8333333333333,,242.65,283.8333333333333,0,0
262,267,267.0,0.01688932971281535,241.24,283.8333333333333,,242.65,283.8333333333333,0,0
263,225,225.0,0.016889329712812137,240.89,283.8333333333333,,242.65,283.8333333333333,0,0
264,259,259.0,0.016889329712809147,241.31,283.8333333333333,,242.65,283.8333333333333,0,0
265,248,248.0,0.016889329712806857,241.85,283.8333333333333,,242.65,283.8333333333333,0,0
266,425,425.0,0.016889329712803925,243.97,283.8333333333333,,243.97,283.8333333333333,1,0
267,76,76.0,0.01688932971280351,242.04,283.8333333333333,,243.97,283.8333333333333,0,0
268,346,346.0,0.016889329712801923,243.17,283.8333333333333,,243.97,283.8333333333333,0,0
269,51,51.0,0.016889329712801725,241.57,283.8333333333333,,243.97,283.8333333333333,0,0
270,316,316.0,0.01688932971280069,241.97,283.8333333333333,,243.97,283.8333333333333,0,0
271,61,61.0,0.016889329712800525,239.89,283.8333333333333,,243.97,283.8333333333333,0,0
272,313,313.0,0.01688932971279979,240.9,283.8333333333333,,243.97,283.8333333333333,0,0
273,248,248.0,0.01688932971279933,241.43,283.8333333333333,,243.97,283.8333333333333,0,0
274,237,237.0,0.01688932971279898,241.75,283.8333333333333,,243.97,283.8333333333333,0,0
275,349,349.0,0.016889329712798582,243.04,283.8333333333333,,243.97,283.8333333333333,0,0
276,295,295.0,0.016889329712798325,243.71,283.8333333333333,,243.97,283.8333333333333,0,0
277,437,437.0,0.01688932971279805,245.19,283.8333333333333,,245.19,283.8333333333333,1,0
278,500,500.0,0.016889329712797843,248.14,283.8333333333333,,248.14,283.8333333333333,1,0
279,469,469.0,0.016889329712797718,249.9,283.8333333333333,,249.9,283.8333333333333,1,0
280,500,500.0,0.016889329712797628,252.86,283.8333333333333,,252.86,283.8333333333333,1,0
281,337,337.0,0.016889329712797586,254.96,283.8333333333333,,254.96,283.8333333333333,1,0
282,383,383.0,0.016889329712797555,255.44,283.8333333333333,,255.44,283.8333333333333,1,0
283,500,500.0,0.016889329712797524,257.99,283.8333333333333,,257.99,283.8333333333333,1,0
284,500,500.0,0.016889329712797503,260.52,283.8333333333333,,260.52,283.8333333333333,1,0
285,500,500.0,0.016889329712797493,263.6,283.8333333333333,,263.6,283.8333333333333,1,0
286,500,500.0,0.016889329712797482,266.43,283.8333333333333,,266.43,283.8333333333333,1,0
287,500,500.0,0.01688932971279748,269.27,283.8333333333333,,269.27,283.8333333333333,1,0
288,500,500.0,0.016889329712797475,272.32,283.8333333333333,,272.32,283.8333333333333,1,0
289,500,500.0,0.016889329712797472,275.35,283.8333333333333,,275.35,283.8333333333333,1,0
290,500,500.0,0.016889329712797472,278.08,283.8333333333333,,278.08,283.8333333333333,1,0
291,500,500.0,0.01688932971279747,280.82,283.8333333333333,,280.82,283.8333333333333,1,0
292,500,500.0,0.01688932971279747,283.68,283.8333333333333,,283.68,283.8333333333333,1,0
293,500,500.0,0.01688932971279747,286.8,283.8333333333333,,286.8,283.8333333333333,1,0
294,500,500.0,0.01688932971279747,289.49,283.8333333333333,,289.49,283.8333333333333,1,0
295,500,500.0,0.01688932971279747,292.6,283.8333333333333,,292.6,283.8333333333333,1,0
296,500,500.0,0.01688932971279747,295.89,283.8333333333333,,295.89,283.8333333333333,1,0
297,500,500.0,0.01688932971279747,299.1,283.8333333333333,,299.1,283.8333333333333,1,0
298,402,402.0,0.01688932971279747,300.98,283.8333333333333,,300.98,283.8333333333333,1,0
299,329,329.0,0.01688932971279747,301.72,321.1666666666667,42|49|56|63|70|77|84|91|98|105|112|119|126|133|140|147|154|161|168|175|182|189|196|203|210|217|224|231|238|245,301.72,321.1666666666667,1,1
300,401,401.0,0.01688932971279747,303.96,321.1666666666667,,303.96,321.1666666666667,1,0
301,404,404.0,0.01688932971279747,305.98,321.1666666666667,,305.98,321.1666666666667,1,0
302,392,392.0,0.01688932971279747,307.94,321.1666666666667,,307.94,321.1666666666667,1,0
303,14,14.0,0.01688932971279747,306.44,321.1666666666667,,307.94,321.1666666666667,0,0
304,331,331.0,0.01688932971279747,307.43,321.1666666666667,,307.94,321.1666666666667,0,0
305,423,423.0,0.01688932971279747,309.87,321.1666666666667,,309.87,321.1666666666667,1,0
306,182,182.0,0.01688932971279747,309.85,321.1666666666667,,309.87,321.1666666666667,0,0
307,467,467.0,0.01688932971279747,312.21,321.1666666666667,,312.21,321.1666666666667,1,0
308,500,500.0,0.01688932971279747,315.05,321.1666666666667,,315.05,321.1666666666667,1,0
309,500,500.0,0.01688932971279747,318.04,321.1666666666667,,318.04,321.1666666666667,1,0
310,500,500.0,0.01688932971279747,321.32,321.1666666666667,,321.32,321.1666666666667,1,0
311,500,500.0,0.01688932971279747,324.17,321.1666666666667,,324.17,321.1666666666667,1,0
312,500,500.0,0.01688932971279747,327.56,321.1666666666667,,327.56,321.1666666666667,1,0
313,500,500.0,0.01688932971279747,330.5,321.1666666666667,,330.5,321.1666666666667,1,0
314,500,500.0,0.01688932971279747,333.15,321.1666666666667,,333.15,321.1666666666667,1,0
315,307,307.0,0.01688932971279747,334.21,321.1666666666667,,334.21,321.1666666666667,1,0
316,483,483.0,0.01688932971279747,334.87,321.1666666666667,,334.87,321.1666666666667,1,0
317,335,335.0,0.01688932971279747,335.58,321.1666666666667,,335.58,321.1666666666667,1,0
318,500,500.0,0.01688932971279747,338.0,321.1666666666667,,338.0,321.1666666666667,1,0
319,240,240.0,0.01688932971279747,338.47,321.1666666666667,,338.47,321.1666666666667,1,0
320,368,368.0,0.01688932971279747,340.28,321.1666666666667,,340.28,321.1666666666667,1,0
321,432,432.0,0.01688932971279747,342.0,321.1666666666667,,342.0,321.1666666666667,1,0
322,231,231.0,0.01688932971279747,342.33,321.1666666666667,,342.33,321.1666666666667,1,0
323,500,500.0,0.01688932971279747,345.27,321.1666666666667,,345.27,321.1666666666667,1,0
324,487,487.0,0.01688932971279747,348.09,321.1666666666667,,348.09,321.1666666666667,1,0
325,500,500.0,0.01688932971279747,350.71,321.1666666666667,,350.71,321.1666666666667,1,0
326,293,293.0,0.01688932971279747,351.12,321.1666666666667,,351.12,321.1666666666667,1,0
327,500,500.0,0.01688932971279747,353.19,321.1666666666667,,353.19,321.1666666666667,1,0
328,434,434.0,0.01688932971279747,354.79,321.1666666666667,,354.79,321.1666666666667,1,0
329,374,374.0,0.01688932971279747,353.53,321.1666666666667,,354.79,321.1666666666667,0,0
330,413,413.0,0.01688932971279747,352.66,321.1666666666667,,354.79,321.1666666666667,0,0
331,300,300.0,0.01688932971279747,353.57,321.1666666666667,,354.79,321.1666666666667,0,0
332,297,297.0,0.01688932971279747,354.27,321.1666666666667,,354.79,321.1666666666667,0,0
333,322,322.0,0.01688932971279747,354.53,321.1666666666667,,354.79,321.1666666666667,0,0
334,351,351.0,0.01688932971279747,355.41,321.1666666666667,,355.41,321.1666666666667,1,0
335,306,306.0,0.01688932971279747,357.35,321.1666666666667,,357.35,321.1666666666667,1,0
336,371,371.0,0.01688932971279747,357.6,321.1666666666667,,357.6,321.1666666666667,1,0
337,314,314.0,0.01688932971279747,356.81,321.1666666666667,,357.6,321.1666666666667,0,0
338,419,419.0,0.01688932971279747,358.38,321.1666666666667,,358.38,321.1666666666667,1,0
339,431,431.0,0.01688932971279747,357.69,321.1666666666667,,358.38,321.1666666666667,0,0
340,394,394.0,0.01688932971279747,357.79,321.1666666666667,,358.38,321.1666666666667,0,0
341,357,357.0,0.01688932971279747,360.73,321.1666666666667,,360.73,321.1666666666667,1,0
342,433,433.0,0.01688932971279747,362.15,321.1666666666667,,362.15,321.1666666666667,1,0
343,500,500.0,0.01688932971279747,365.86,321.1666666666667,,365.86,321.1666666666667,1,0
344,500,500.0,0.01688932971279747,366.17,321.1666666666667,,366.17,321.1666666666667,1,0
345,500,500.0,0.01688932971279747,368.36,321.1666666666667,,368.36,321.1666666666667,1,0
346,500,500.0,0.01688932971279747,371.12,321.1666666666667,,371.12,321.1666666666667,1,0
347,500,500.0,0.01688932971279747,373.59,321.1666666666667,,373.59,321.1666666666667,1,0
348,500,500.0,0.01688932971279747,374.6,321.1666666666667,,374.6,321.1666666666667,1,0
349,500,500.0,0.01688932971279747,376.6,500.0,42|49|56|63|70|77|84|91|98|105|112|119|126|133|140|147|154|161|168|175|182|189|196|203|210|217|224|231|238|245,376.6,500.0,1,1
350,500,500.0,0.01688932971279747,378.46,500.0,,378.46,500.0,1,0
351,500,500.0,0.01688932971279747,381.08,500.0,,381.08,500.0,1,0
352,500,500.0,0.01688932971279747,381.88,500.0,,381.88,500.0,1,0
353,500,500.0,0.01688932971279747,386.75,500.0,,386.75,500.0,1,0
354,500,500.0,0.01688932971279747,387.1,500.0,,387.1,500.0,1,0
355,500,500.0,0.01688932971279747,389.46,500.0,,389.46,500.0,1,0
356,500,500.0,0.01688932971279747,392.17,500.0,,392.17,500.0,1,0
357,500,500.0,0.01688932971279747,396.97,500.0,,396.97,500.0,1,0
358,500,500.0,0.01688932971279747,398.72,500.0,,398.72,500.0,1,0
359,500,500.0,0.01688932971279747,402.93,500.0,,402.93,500.0,1,0
360,500,500.0,0.01688932971279747,406.67,500.0,,406.67,500.0,1,0
361,500,500.0,0.01688932971279747,408.79,500.0,,408.79,500.0,1,0
362,500,500.0,0.01688932971279747,411.12,500.0,,411.12,500.0,1,0
363,500,500.0,0.01688932971279747,413.87,500.0,,413.87,500.0,1,0
364,500,500.0,0.01688932971279747,416.28,500.0,,416.28,500.0,1,0
365,500,500.0,0.01688932971279747,418.8,500.0,,418.8,500.0,1,0
366,500,500.0,0.01688932971279747,419.55,500.0,,419.55,500.0,1,0
367,500,500.0,0.01688932971279747,423.79,500.0,,423.79,500.0,1,0
368,500,500.0,0.01688932971279747,425.33,500.0,,425.33,500.0,1,0
369,500,500.0,0.01688932971279747,429.82,500.0,,429.82,500.0,1,0
370,500,500.0,0.01688932971279747,431.66,500.0,,431.66,500.0,1,0
371,500,500.0,0.01688932971279747,436.05,500.0,,436.05,500.0,1,0
372,500,500.0,0.01688932971279747,437.92,500.0,,437.92,500.0,1,0
373,500,500.0,0.01688932971279747,440.44,500.0,,440.44,500.0,1,0
374,500,500.0,0.01688932971279747,443.07,500.0,,443.07,500.0,1,0
375,500,500.0,0.01688932971279747,444.58,500.0,,444.58,500.0,1,0
376,500,500.0,0.01688932971279747,446.63,500.0,,446.63,500.0,1,0
377,14,14.0,0.01688932971279747,442.4,500.0,,446.63,500.0,0,0
378,500,500.0,0.01688932971279747,442.4,500.0,,446.63,500.0,0,0
379,500,500.0,0.01688932971279747,442.71,500.0,,446.63,500.0,0,0
380,224,224.0,0.01688932971279747,439.95,500.0,,446.63,500.0,0,0
381,500,500.0,0.01688932971279747,441.58,500.0,,446.63,500.0,0,0
382,204,204.0,0.01688932971279747,439.79,500.0,,446.63,500.0,0,0
383,500,500.0,0.01688932971279747,439.79,500.0,,446.63,500.0,0,0
384,500,500.0,0.01688932971279747,439.79,500.0,,446.63,500.0,0,0
385,500,500.0,0.01688932971279747,439.79,500.0,,446.63,500.0,0,0
386,500,500.0,0.01688932971279747,439.79,500.0,,446.63,500.0,0,0
387,500,500.0,0.01688932971279747,439.79,500.0,,446.63,500.0,0,0
388,500,500.0,0.01688932971279747,439.79,500.0,,446.63,500.0,0,0
389,500,500.0,0.01688932971279747,439.79,500.0,,446.63,500.0,0,0
390,500,500.0,0.01688932971279747,439.79,500.0,,446.63,500.0,0,0
391,500,500.0,0.01688932971279747,439.79,500.0,,446.63,500.0,0,0
392,500,500.0,0.01688932971279747,439.79,500.0,,446.63,500.0,0,0
393,500,500.0,0.01688932971279747,439.79,500.0,,446.63,500.0,0,0
394,500,500.0,0.01688932971279747,439.79,500.0,,446.63,500.0,0,0
395,500,500.0,0.01688932971279747,439.79,500.0,,446.63,500.0,0,0
396,500,500.0,0.01688932971279747,439.79,500.0,,446.63,500.0,0,0
397,500,500.0,0.01688932971279747,439.79,500.0,,446.63,500.0,0,0
398,500,500.0,0.01688932971279747,440.77,500.0,,446.63,500.0,0,0
399,500,500.0,0.01688932971279747,442.48,500.0,42|49|56|63|70|77|84|91|98|105|112|119|126|133|140|147|154|161|168|175|182|189|196|203|210|217|224|231|238|245,446.63,500.0,0,0
400,500,500.0,0.01688932971279747,443.47,500.0,,446.63,500.0,0,0
401,500,500.0,0.01688932971279747,444.43,500.0,,446.63,500.0,0,0
402,500,500.0,0.01688932971279747,445.51,500.0,,446.63,500.0,0,0
403,500,500.0,0.01688932971279747,450.37,500.0,,450.37,500.0,1,0
404,500,500.0,0.01688932971279747,452.06,500.0,,452.06,500.0,1,0
405,500,500.0,0.01688932971279747,452.83,500.0,,452.83,500.0,1,0
406,500,500.0,0.01688932971279747,456.01,500.0,,456.01,500.0,1,0
407,500,500.0,0.01688932971279747,456.34,500.0,,456.34,500.0,1,0
408,500,500.0,0.01688932971279747,456.34,500.0,,456.34,500.0,0,0
409,500,500.0,0.01688932971279747,456.34,500.0,,456.34,500.0,0,0
410,500,500.0,0.01688932971279747,456.34,500.0,,456.34,500.0,0,0
411,425,425.0,0.01688932971279747,455.59,500.0,,456.34,500.0,0,0
412,213,213.0,0.01688932971279747,452.72,500.0,,456.34,500.0,0,0
413,500,500.0,0.01688932971279747,452.72,500.0,,456.34,500.0,0,0
414,283,283.0,0.01688932971279747,450.55,500.0,,456.34,500.0,0,0
415,223,223.0,0.01688932971279747,449.71,500.0,,456.34,500.0,0,0
416,260,260.0,0.01688932971279747,447.48,500.0,,456.34,500.0,0,0
417,500,500.0,0.01688932971279747,449.13,500.0,,456.34,500.0,0,0
418,500,500.0,0.01688932971279747,449.13,500.0,,456.34,500.0,0,0
419,500,500.0,0.01688932971279747,451.73,500.0,,456.34,500.0,0,0
420,500,500.0,0.01688932971279747,453.05,500.0,,456.34,500.0,0,0
421,500,500.0,0.01688932971279747,453.73,500.0,,456.34,500.0,0,0
422,500,500.0,0.01688932971279747,456.42,500.0,,456.42,500.0,1,0
423,500,500.0,0.01688932971279747,456.42,500.0,,456.42,500.0,0,0
424,500,500.0,0.01688932971279747,456.55,500.0,,456.55,500.0,1,0
425,500,500.0,0.01688932971279747,456.55,500.0,,456.55,500.0,0,0
426,500,500.0,0.01688932971279747,458.62,500.0,,458.62,500.0,1,0
427,500,500.0,0.01688932971279747,458.62,500.0,,458.62,500.0,0,0
428,500,500.0,0.01688932971279747,459.28,500.0,,459.28,500.0,1,0
429,500,500.0,0.01688932971279747,460.54,500.0,,460.54,500.0,1,0
430,500,500.0,0.01688932971279747,461.41,500.0,,461.41,500.0,1,0
431,500,500.0,0.01688932971279747,463.41,500.0,,463.41,500.0,1,0
432,500,500.0,0.01688932971279747,465.44,500.0,,465.44,500.0,1,0
433,500,500.0,0.01688932971279747,467.22,500.0,,467.22,500.0,1,0
434,500,500.0,0.01688932971279747,468.71,500.0,,468.71,500.0,1,0
435,500,500.0,0.01688932971279747,470.65,500.0,,470.65,500.0,1,0
436,500,500.0,0.01688932971279747,471.94,500.0,,471.94,500.0,1,0
437,500,500.0,0.01688932971279747,473.8,500.0,,473.8,500.0,1,0
438,500,500.0,0.01688932971279747,474.61,500.0,,474.61,500.0,1,0
439,500,500.0,0.01688932971279747,475.3,500.0,,475.3,500.0,1,0
440,500,500.0,0.01688932971279747,476.36,500.0,,476.36,500.0,1,0
441,500,500.0,0.01688932971279747,477.79,500.0,,477.79,500.0,1,0
442,500,500.0,0.01688932971279747,478.46,500.0,,478.46,500.0,1,0
443,500,500.0,0.01688932971279747,478.46,500.0,,478.46,500.0,0,0
444,500,500.0,0.01688932971279747,478.46,500.0,,478.46,500.0,0,0
445,500,500.0,0.01688932971279747,478.46,500.0,,478.46,500.0,0,0
446,500,500.0,0.01688932971279747,478.46,500.0,,478.46,500.0,0,0
447,369,369.0,0.01688932971279747,477.15,500.0,,478.46,500.0,0,0
448,343,343.0,0.01688932971279747,475.58,500.0,,478.46,500.0,0,0
449,500,500.0,0.01688932971279747,475.58,488.7,42|49|56|63|70|77|84|91|98|105|112|119|126|133|140|147|154|161|168|175|182|189|196|203|210|217|224|231|238|245,478.46,500.0,0,0
450,500,500.0,0.01688932971279747,475.58,488.7,,478.46,500.0,0,0
451,500,500.0,0.01688932971279747,475.58,488.7,,478.46,500.0,0,0
452,500,500.0,0.01688932971279747,475.58,488.7,,478.46,500.0,0,0
453,500,500.0,0.01688932971279747,475.58,488.7,,478.46,500.0,0,0
454,500,500.0,0.01688932971279747,475.58,488.7,,478.46,500.0,0,0
455,500,500.0,0.01688932971279747,475.58,488.7,,478.46,500.0,0,0
456,500,500.0,0.01688932971279747,475.58,488.7,,478.46,500.0,0,0
457,500,500.0,0.01688932971279747,475.58,488.7,,478.46,500.0,0,0
458,500,500.0,0.01688932971279747,475.58,488.7,,478.46,500.0,0,0
459,500,500.0,0.01688932971279747,475.58,488.7,,478.46,500.0,0,0
460,500,500.0,0.01688932971279747,475.58,488.7,,478.46,500.0,0,0
461,500,500.0,0.01688932971279747,475.58,488.7,,478.46,500.0,0,0
462,500,500.0,0.01688932971279747,475.58,488.7,,478.46,500.0,0,0
463,500,500.0,0.01688932971279747,475.58,488.7,,478.46,500.0,0,0
464,500,500.0,0.01688932971279747,475.58,488.7,,478.46,500.0,0,0
465,500,500.0,0.01688932971279747,475.58,488.7,,478.46,500.0,0,0
466,500,500.0,0.01688932971279747,475.58,488.7,,478.46,500.0,0,0
467,500,500.0,0.01688932971279747,475.58,488.7,,478.46,500.0,0,0
468,500,500.0,0.01688932971279747,475.58,488.7,,478.46,500.0,0,0
469,500,500.0,0.01688932971279747,475.58,488.7,,478.46,500.0,0,0
470,500,500.0,0.01688932971279747,475.58,488.7,,478.46,500.0,0,0
471,500,500.0,0.01688932971279747,475.58,488.7,,478.46,500.0,0,0
472,500,500.0,0.01688932971279747,475.58,488.7,,478.46,500.0,0,0
473,500,500.0,0.01688932971279747,475.58,488.7,,478.46,500.0,0,0
474,500,500.0,0.01688932971279747,475.58,488.7,,478.46,500.0,0,0
475,500,500.0,0.01688932971279747,475.58,488.7,,478.46,500.0,0,0
476,500,500.0,0.01688932971279747,475.58,488.7,,478.46,500.0,0,0
477,438,438.0,0.01688932971279747,479.82,488.7,,479.82,500.0,1,0
478,226,226.0,0.01688932971279747,477.08,488.7,,479.82,500.0,0,0
479,500,500.0,0.01688932971279747,477.08,488.7,,479.82,500.0,0,0
480,500,500.0,0.01688932971279747,479.84,488.7,,479.84,500.0,1,0
481,500,500.0,0.01688932971279747,479.84,488.7,,479.84,500.0,0,0
482,473,473.0,0.01688932971279747,482.53,488.7,,482.53,500.0,1,0
483,500,500.0,0.01688932971279747,482.53,488.7,,482.53,500.0,0,0
484,500,500.0,0.01688932971279747,482.53,488.7,,482.53,500.0,0,0
485,500,500.0,0.01688932971279747,482.53,488.7,,482.53,500.0,0,0
486,500,500.0,0.01688932971279747,482.53,488.7,,482.53,500.0,0,0
487,500,500.0,0.01688932971279747,482.53,488.7,,482.53,500.0,0,0
488,500,500.0,0.01688932971279747,482.53,488.7,,482.53,500.0,0,0
489,150,150.0,0.01688932971279747,479.03,488.7,,482.53,500.0,0,0
490,10,10.0,0.01688932971279747,474.13,488.7,,482.53,500.0,0,0
491,500,500.0,0.01688932971279747,474.13,488.7,,482.53,500.0,0,0
492,500,500.0,0.01688932971279747,474.13,488.7,,482.53,500.0,0,0
493,500,500.0,0.01688932971279747,474.13,488.7,,482.53,500.0,0,0
494,500,500.0,0.01688932971279747,474.13,488.7,,482.53,500.0,0,0
495,500,500.0,0.01688932971279747,474.13,488.7,,482.53,500.0,0,0
496,500,500.0,0.01688932971279747,474.13,488.7,,482.53,500.0,0,0
497,500,500.0,0.01688932971279747,474.13,488.7,,482.53,500.0,0,0
498,500,500.0,0.01688932971279747,474.13,488.7,,482.53,500.0,0,0
499,500,500.0,0.01688932971279747,474.13,500.0,42|49|56|63|70|77|84|91|98|105|112|119|126|133|140|147|154|161|168|175|182|189|196|203|210|217|224|231|238|245,482.53,500.0,0,0
500,500,500.0,0.01688932971279747,474.13,500.0,,482.53,500.0,0,0
501,500,500.0,0.01688932971279747,474.13,500.0,,482.53,500.0,0,0
502,500,500.0,0.01688932971279747,474.13,500.0,,482.53,500.0,0,0
503,500,500.0,0.01688932971279747,474.13,500.0,,482.53,500.0,0,0
504,500,500.0,0.01688932971279747,474.13,500.0,,482.53,500.0,0,0
505,500,500.0,0.01688932971279747,474.13,500.0,,482.53,500.0,0,0
506,500,500.0,0.01688932971279747,474.13,500.0,,482.53,500.0,0,0
507,500,500.0,0.01688932971279747,474.13,500.0,,482.53,500.0,0,0
508,500,500.0,0.01688932971279747,474.13,500.0,,482.53,500.0,0,0
509,500,500.0,0.01688932971279747,474.13,500.0,,482.53,500.0,0,0
510,500,500.0,0.01688932971279747,474.13,500.0,,482.53,500.0,0,0
511,500,500.0,0.01688932971279747,474.88,500.0,,482.53,500.0,0,0
512,500,500.0,0.01688932971279747,477.75,500.0,,482.53,500.0,0,0
513,500,500.0,0.01688932971279747,477.75,500.0,,482.53,500.0,0,0
514,500,500.0,0.01688932971279747,479.92,500.0,,482.53,500.0,0,0
515,500,500.0,0.01688932971279747,482.69,500.0,,482.69,500.0,1,0
516,500,500.0,0.01688932971279747,485.09,500.0,,485.09,500.0,1,0
517,500,500.0,0.01688932971279747,485.09,500.0,,485.09,500.0,0,0
518,500,500.0,0.01688932971279747,485.09,500.0,,485.09,500.0,0,0
519,500,500.0,0.01688932971279747,485.09,500.0,,485.09,500.0,0,0
520,500,500.0,0.01688932971279747,485.09,500.0,,485.09,500.0,0,0
521,500,500.0,0.01688932971279747,485.09,500.0,,485.09,500.0,0,0
522,500,500.0,0.01688932971279747,485.09,500.0,,485.09,500.0,0,0
523,500,500.0,0.01688932971279747,485.09,500.0,,485.09,500.0,0,0
524,500,500.0,0.01688932971279747,485.09,500.0,,485.09,500.0,0,0
525,500,500.0,0.01688932971279747,485.09,500.0,,485.09,500.0,0,0
526,500,500.0,0.01688932971279747,485.09,500.0,,485.09,500.0,0,0
527,500,500.0,0.01688932971279747,485.09,500.0,,485.09,500.0,0,0
528,500,500.0,0.01688932971279747,485.09,500.0,,485.09,500.0,0,0
529,500,500.0,0.01688932971279747,485.09,500.0,,485.09,500.0,0,0
530,500,500.0,0.01688932971279747,485.09,500.0,,485.09,500.0,0,0
531,500,500.0,0.01688932971279747,485.09,500.0,,485.09,500.0,0,0
532,500,500.0,0.01688932971279747,485.09,500.0,,485.09,500.0,0,0
533,500,500.0,0.01688932971279747,485.09,500.0,,485.09,500.0,0,0
534,500,500.0,0.01688932971279747,485.09,500.0,,485.09,500.0,0,0
535,500,500.0,0.01688932971279747,485.09,500.0,,485.09,500.0,0,0
536,500,500.0,0.01688932971279747,485.09,500.0,,485.09,500.0,0,0
537,500,500.0,0.01688932971279747,485.09,500.0,,485.09,500.0,0,0
538,500,500.0,0.01688932971279747,485.09,500.0,,485.09,500.0,0,0
539,500,500.0,0.01688932971279747,485.09,500.0,,485.09,500.0,0,0
540,500,500.0,0.01688932971279747,485.09,500.0,,485.09,500.0,0,0
541,500,500.0,0.01688932971279747,485.09,500.0,,485.09,500.0,0,0
542,500,500.0,0.01688932971279747,485.09,500.0,,485.09,500.0,0,0
543,500,500.0,0.01688932971279747,485.09,500.0,,485.09,500.0,0,0
544,500,500.0,0.01688932971279747,485.09,500.0,,485.09,500.0,0,0
545,500,500.0,0.01688932971279747,485.09,500.0,,485.09,500.0,0,0
546,500,500.0,0.01688932971279747,485.09,500.0,,485.09,500.0,0,0
547,500,500.0,0.01688932971279747,486.4,500.0,,486.4,500.0,1,0
548,500,500.0,0.01688932971279747,487.97,500.0,,487.97,500.0,1,0
549,500,500.0,0.01688932971279747,487.97,500.0,42|49|56|63|70|77|84|91|98|105|112|119|126|133|140|147|154|161|168|175|182|189|196|203|210|217|224|231|238|245,487.97,500.0,0,0
550,500,500.0,0.01688932971279747,487.97,500.0,,487.97,500.0,0,0
551,500,500.0,0.01688932971279747,487.97,500.0,,487.97,500.0,0,0
552,500,500.0,0.01688932971279747,487.97,500.0,,487.97,500.0,0,0
553,500,500.0,0.01688932971279747,487.97,500.0,,487.97,500.0,0,0
554,500,500.0,0.01688932971279747,487.97,500.0,,487.97,500.0,0,0
555,500,500.0,0.01688932971279747,487.97,500.0,,487.97,500.0,0,0
556,500,500.0,0.01688932971279747,487.97,500.0,,487.97,500.0,0,0
557,500,500.0,0.01688932971279747,487.97,500.0,,487.97,500.0,0,0
558,500,500.0,0.01688932971279747,487.97,500.0,,487.97,500.0,0,0
559,500,500.0,0.01688932971279747,487.97,500.0,,487.97,500.0,0,0
560,500,500.0,0.01688932971279747,487.97,500.0,,487.97,500.0,0,0
561,500,500.0,0.01688932971279747,487.97,500.0,,487.97,500.0,0,0
562,500,500.0,0.01688932971279747,487.97,500.0,,487.97,500.0,0,0
563,500,500.0,0.01688932971279747,487.97,500.0,,487.97,500.0,0,0
564,500,500.0,0.01688932971279747,487.97,500.0,,487.97,500.0,0,0
565,500,500.0,0.01688932971279747,487.97,500.0,,487.97,500.0,0,0
566,500,500.0,0.01688932971279747,487.97,500.0,,487.97,500.0,0,0
567,500,500.0,0.01688932971279747,487.97,500.0,,487.97,500.0,0,0
568,500,500.0,0.01688932971279747,487.97,500.0,,487.97,500.0,0,0
569,500,500.0,0.01688932971279747,487.97,500.0,,487.97,500.0,0,0
570,500,500.0,0.01688932971279747,487.97,500.0,,487.97,500.0,0,0
571,500,500.0,0.01688932971279747,487.97,500.0,,487.97,500.0,0,0
572,500,500.0,0.01688932971279747,487.97,500.0,,487.97,500.0,0,0
573,500,500.0,0.01688932971279747,487.97,500.0,,487.97,500.0,0,0
574,500,500.0,0.01688932971279747,487.97,500.0,,487.97,500.0,0,0
575,500,500.0,0.01688932971279747,487.97,500.0,,487.97,500.0,0,0
576,500,500.0,0.01688932971279747,487.97,500.0,,487.97,500.0,0,0
577,500,500.0,0.01688932971279747,488.59,500.0,,488.59,500.0,1,0
578,500,500.0,0.01688932971279747,491.33,500.0,,491.33,500.0,1,0
579,500,500.0,0.01688932971279747,491.33,500.0,,491.33,500.0,0,0
580,500,500.0,0.01688932971279747,491.33,500.0,,491.33,500.0,0,0
581,500,500.0,0.01688932971279747,491.33,500.0,,491.33,500.0,0,0
582,500,500.0,0.01688932971279747,491.6,500.0,,491.6,500.0,1,0
583,500,500.0,0.01688932971279747,491.6,500.0,,491.6,500.0,0,0
584,500,500.0,0.01688932971279747,491.6,500.0,,491.6,500.0,0,0
585,500,500.0,0.01688932971279747,491.6,500.0,,491.6,500.0,0,0
586,500,500.0,0.01688932971279747,491.6,500.0,,491.6,500.0,0,0
587,500,500.0,0.01688932971279747,491.6,500.0,,491.6,500.0,0,0
588,500,500.0,0.01688932971279747,491.6,500.0,,491.6,500.0,0,0
589,500,500.0,0.01688932971279747,495.1,500.0,,495.1,500.0,1,0
590,500,500.0,0.01688932971279747,500.0,500.0,,500.0,500.0,1,0
591,500,500.0,0.01688932971279747,500.0,500.0,,500.0,500.0,0,0
592,500,500.0,0.01688932971279747,500.0,500.0,,500.0,500.0,0,0
593,500,500.0,0.01688932971279747,500.0,500.0,,500.0,500.0,0,0
594,500,500.0,0.01688932971279747,500.0,500.0,,500.0,500.0,0,0
595,500,500.0,0.01688932971279747,500.0,500.0,,500.0,500.0,0,0
596,500,500.0,0.01688932971279747,500.0,500.0,,500.0,500.0,0,0
597,500,500.0,0.01688932971279747,500.0,500.0,,500.0,500.0,0,0
598,500,500.0,0.01688932971279747,500.0,500.0,,500.0,500.0,0,0
599,500,500.0,0.01688932971279747,500.0,437.1,42|49|56|63|70|77|84|91|98|105|112|119|126|133|140|147|154|161|168|175|182|189|196|203|210|217|224|231|238|245,500.0,500.0,0,0
600,500,500.0,0.01688932971279747,500.0,437.1,,500.0,500.0,0,0
601,500,500.0,0.01688932971279747,500.0,437.1,,500.0,500.0,0,0
602,326,326.0,0.01688932971279747,498.26,437.1,,500.0,500.0,0,0
603,500,500.0,0.01688932971279747,498.26,437.1,,500.0,500.0,0,0
604,500,500.0,0.01688932971279747,498.26,437.1,,500.0,500.0,0,0
605,14,14.0,0.01688932971279747,493.4,437.1,,500.0,500.0,0,0
606,500,500.0,0.01688932971279747,493.4,437.1,,500.0,500.0,0,0
607,14,14.0,0.01688932971279747,488.54,437.1,,500.0,500.0,0,0
608,500,500.0,0.01688932971279747,488.54,437.1,,500.0,500.0,0,0
609,500,500.0,0.01688932971279747,488.54,437.1,,500.0,500.0,0,0
610,500,500.0,0.01688932971279747,488.54,437.1,,500.0,500.0,0,0
611,500,500.0,0.01688932971279747,488.54,437.1,,500.0,500.0,0,0
612,500,500.0,0.01688932971279747,488.54,437.1,,500.0,500.0,0,0
613,500,500.0,0.01688932971279747,488.54,437.1,,500.0,500.0,0,0
614,500,500.0,0.01688932971279747,488.54,437.1,,500.0,500.0,0,0
615,361,361.0,0.01688932971279747,487.15,437.1,,500.0,500.0,0,0
616,500,500.0,0.01688932971279747,487.15,437.1,,500.0,500.0,0,0
617,500,500.0,0.01688932971279747,487.15,437.1,,500.0,500.0,0,0
618,500,500.0,0.01688932971279747,487.15,437.1,,500.0,500.0,0,0
619,500,500.0,0.01688932971279747,487.15,437.1,,500.0,500.0,0,0
620,490,490.0,0.01688932971279747,487.05,437.1,,500.0,500.0,0,0
621,500,500.0,0.01688932971279747,487.05,437.1,,500.0,500.0,0,0
622,211,211.0,0.01688932971279747,484.16,437.1,,500.0,500.0,0,0
623,246,246.0,0.01688932971279747,481.62,437.1,,500.0,500.0,0,0
624,500,500.0,0.01688932971279747,481.62,437.1,,500.0,500.0,0,0
625,500,500.0,0.01688932971279747,481.62,437.1,,500.0,500.0,0,0
626,315,315.0,0.01688932971279747,479.77,437.1,,500.0,500.0,0,0
627,500,500.0,0.01688932971279747,479.77,437.1,,500.0,500.0,0,0
628,500,500.0,0.01688932971279747,479.77,437.1,,500.0,500.0,0,0
629,500,500.0,0.01688932971279747,479.77,437.1,,500.0,500.0,0,0
630,500,500.0,0.01688932971279747,479.77,437.1,,500.0,500.0,0,0
631,500,500.0,0.01688932971279747,479.77,437.1,,500.0,500.0,0,0
632,500,500.0,0.01688932971279747,479.77,437.1,,500.0,500.0,0,0
633,500,500.0,0.01688932971279747,479.77,437.1,,500.0,500.0,0,0
634,500,500.0,0.01688932971279747,479.77,437.1,,500.0,500.0,0,0
635,500,500.0,0.01688932971279747,479.77,437.1,,500.0,500.0,0,0
636,500,500.0,0.01688932971279747,479.77,437.1,,500.0,500.0,0,0
637,500,500.0,0.01688932971279747,479.77,437.1,,500.0,500.0,0,0
638,500,500.0,0.01688932971279747,479.77,437.1,,500.0,500.0,0,0
639,500,500.0,0.01688932971279747,479.77,437.1,,500.0,500.0,0,0
640,500,500.0,0.01688932971279747,479.77,437.1,,500.0,500.0,0,0
641,500,500.0,0.01688932971279747,479.77,437.1,,500.0,500.0,0,0
642,500,500.0,0.01688932971279747,479.77,437.1,,500.0,500.0,0,0
643,500,500.0,0.01688932971279747,479.77,437.1,,500.0,500.0,0,0
644,500,500.0,0.01688932971279747,479.77,437.1,,500.0,500.0,0,0
645,500,500.0,0.01688932971279747,479.77,437.1,,500.0,500.0,0,0
646,500,500.0,0.01688932971279747,479.77,437.1,,500.0,500.0,0,0
647,500,500.0,0.01688932971279747,479.77,437.1,,500.0,500.0,0,0
648,500,500.0,0.01688932971279747,479.77,437.1,,500.0,500.0,0,0
649,500,500.0,0.01688932971279747,479.77,500.0,42|49|56|63|70|77|84|91|98|105|112|119|126|133|140|147|154|161|168|175|182|189|196|203|210|217|224|231|238|245,500.0,500.0,0,0
650,500,500.0,0.01688932971279747,479.77,500.0,,500.0,500.0,0,0
651,500,500.0,0.01688932971279747,479.77,500.0,,500.0,500.0,0,0
652,500,500.0,0.01688932971279747,479.77,500.0,,500.0,500.0,0,0
653,500,500.0,0.01688932971279747,479.77,500.0,,500.0,500.0,0,0
654,500,500.0,0.01688932971279747,479.77,500.0,,500.0,500.0,0,0
655,500,500.0,0.01688932971279747,479.77,500.0,,500.0,500.0,0,0
656,500,500.0,0.01688932971279747,479.77,500.0,,500.0,500.0,0,0
657,500,500.0,0.01688932971279747,479.77,500.0,,500.0,500.0,0,0
658,500,500.0,0.01688932971279747,479.77,500.0,,500.0,500.0,0,0
659,500,500.0,0.01688932971279747,479.77,500.0,,500.0,500.0,0,0
660,500,500.0,0.01688932971279747,479.77,500.0,,500.0,500.0,0,0
661,500,500.0,0.01688932971279747,479.77,500.0,,500.0,500.0,0,0
662,500,500.0,0.01688932971279747,479.77,500.0,,500.0,500.0,0,0
663,500,500.0,0.01688932971279747,479.77,500.0,,500.0,500.0,0,0
664,500,500.0,0.01688932971279747,479.77,500.0,,500.0,500.0,0,0
665,500,500.0,0.01688932971279747,479.77,500.0,,500.0,500.0,0,0
666,500,500.0,0.01688932971279747,479.77,500.0,,500.0,500.0,0,0
667,500,500.0,0.01688932971279747,479.77,500.0,,500.0,500.0,0,0
668,500,500.0,0.01688932971279747,479.77,500.0,,500.0,500.0,0,0
669,500,500.0,0.01688932971279747,479.77,500.0,,500.0,500.0,0,0
670,500,500.0,0.01688932971279747,479.77,500.0,,500.0,500.0,0,0
671,500,500.0,0.01688932971279747,479.77,500.0,,500.0,500.0,0,0
672,500,500.0,0.01688932971279747,479.77,500.0,,500.0,500.0,0,0
673,500,500.0,0.01688932971279747,479.77,500.0,,500.0,500.0,0,0
674,500,500.0,0.01688932971279747,479.77,500.0,,500.0,500.0,0,0
675,500,500.0,0.01688932971279747,479.77,500.0,,500.0,500.0,0,0
676,500,500.0,0.01688932971279747,479.77,500.0,,500.0,500.0,0,0
677,500,500.0,0.01688932971279747,479.77,500.0,,500.0,500.0,0,0
678,500,500.0,0.01688932971279747,479.77,500.0,,500.0,500.0,0,0
679,500,500.0,0.01688932971279747,479.77,500.0,,500.0,500.0,0,0
680,500,500.0,0.01688932971279747,479.77,500.0,,500.0,500.0,0,0
681,500,500.0,0.01688932971279747,479.77,500.0,,500.0,500.0,0,0
682,500,500.0,0.01688932971279747,479.77,500.0,,500.0,500.0,0,0
683,500,500.0,0.01688932971279747,479.77,500.0,,500.0,500.0,0,0
684,500,500.0,0.01688932971279747,479.77,500.0,,500.0,500.0,0,0
685,500,500.0,0.01688932971279747,479.77,500.0,,500.0,500.0,0,0
686,500,500.0,0.01688932971279747,479.77,500.0,,500.0,500.0,0,0
687,500,500.0,0.01688932971279747,479.77,500.0,,500.0,500.0,0,0
688,500,500.0,0.01688932971279747,479.77,500.0,,500.0,500.0,0,0
689,500,500.0,0.01688932971279747,479.77,500.0,,500.0,500.0,0,0
690,500,500.0,0.01688932971279747,479.77,500.0,,500.0,500.0,0,0
691,500,500.0,0.01688932971279747,479.77,500.0,,500.0,500.0,0,0
692,500,500.0,0.01688932971279747,479.77,500.0,,500.0,500.0,0,0
693,500,500.0,0.01688932971279747,479.77,500.0,,500.0,500.0,0,0
694,500,500.0,0.01688932971279747,479.77,500.0,,500.0,500.0,0,0
695,500,500.0,0.01688932971279747,479.77,500.0,,500.0,500.0,0,0
696,500,500.0,0.01688932971279747,479.77,500.0,,500.0,500.0,0,0
697,500,500.0,0.01688932971279747,479.77,500.0,,500.0,500.0,0,0
698,500,500.0,0.01688932971279747,479.77,500.0,,500.0,500.0,0,0
699,500,500.0,0.01688932971279747,479.77,493.3333333333333,42|49|56|63|70|77|84|91|98|105|112|119|126|133|140|147|154|161|168|175|182|189|196|203|210|217|224|231|238|245,500.0,500.0,0,0
700,500,500.0,0.01688932971279747,479.77,493.3333333333333,,500.0,500.0,0,0
701,500,500.0,0.01688932971279747,479.77,493.3333333333333,,500.0,500.0,0,0
702,500,500.0,0.01688932971279747,481.51,493.3333333333333,,500.0,500.0,0,0
703,500,500.0,0.01688932971279747,481.51,493.3333333333333,,500.0,500.0,0,0
704,500,500.0,0.01688932971279747,481.51,493.3333333333333,,500.0,500.0,0,0
705,500,500.0,0.01688932971279747,486.37,493.3333333333333,,500.0,500.0,0,0
706,500,500.0,0.01688932971279747,486.37,493.3333333333333,,500.0,500.0,0,0
707,500,500.0,0.01688932971279747,491.23,493.3333333333333,,500.0,500.0,0,0
708,500,500.0,0.01688932971279747,491.23,493.3333333333333,,500.0,500.0,0,0
709,500,500.0,0.01688932971279747,491.23,493.3333333333333,,500.0,500.0,0,0
710,500,500.0,0.01688932971279747,491.23,493.3333333333333,,500.0,500.0,0,0
711,500,500.0,0.01688932971279747,491.23,493.3333333333333,,500.0,500.0,0,0
712,500,500.0,0.01688932971279747,491.23,493.3333333333333,,500.0,500.0,0,0
713,500,500.0,0.01688932971279747,491.23,493.3333333333333,,500.0,500.0,0,0
714,500,500.0,0.01688932971279747,491.23,493.3333333333333,,500.0,500.0,0,0
715,500,500.0,0.01688932971279747,492.62,493.3333333333333,,500.0,500.0,0,0
716,500,500.0,0.01688932971279747,492.62,493.3333333333333,,500.0,500.0,0,0
717,500,500.0,0.01688932971279747,492.62,493.3333333333333,,500.0,500.0,0,0
718,500,500.0,0.01688932971279747,492.62,493.3333333333333,,500.0,500.0,0,0
719,500,500.0,0.01688932971279747,492.62,493.3333333333333,,500.0,500.0,0,0
720,500,500.0,0.01688932971279747,492.72,493.3333333333333,,500.0,500.0,0,0
721,500,500.0,0.01688932971279747,492.72,493.3333333333333,,500.0,500.0,0,0
722,500,500.0,0.01688932971279747,495.61,493.3333333333333,,500.0,500.0,0,0
723,500,500.0,0.01688932971279747,498.15,493.3333333333333,,500.0,500.0,0,0
724,500,500.0,0.01688932971279747,498.15,493.3333333333333,,500.0,500.0,0,0
725,500,500.0,0.01688932971279747,498.15,493.3333333333333,,500.0,500.0,0,0
726,500,500.0,0.01688932971279747,500.0,493.3333333333333,,500.0,500.0,0,0
727,500,500.0,0.01688932971279747,500.0,493.3333333333333,,500.0,500.0,0,0
728,500,500.0,0.01688932971279747,500.0,493.3333333333333,,500.0,500.0,0,0
729,500,500.0,0.01688932971279747,500.0,493.3333333333333,,500.0,500.0,0,0
730,500,500.0,0.01688932971279747,500.0,493.3333333333333,,500.0,500.0,0,0
731,500,500.0,0.01688932971279747,500.0,493.3333333333333,,500.0,500.0,0,0
732,500,500.0,0.01688932971279747,500.0,493.3333333333333,,500.0,500.0,0,0
733,500,500.0,0.01688932971279747,500.0,493.3333333333333,,500.0,500.0,0,0
734,500,500.0,0.01688932971279747,500.0,493.3333333333333,,500.0,500.0,0,0
735,500,500.0,0.01688932971279747,500.0,493.3333333333333,,500.0,500.0,0,0
736,500,500.0,0.01688932971279747,500.0,493.3333333333333,,500.0,500.0,0,0
737,500,500.0,0.01688932971279747,500.0,493.3333333333333,,500.0,500.0,0,0
738,500,500.0,0.01688932971279747,500.0,493.3333333333333,,500.0,500.0,0,0
739,500,500.0,0.01688932971279747,500.0,493.3333333333333,,500.0,500.0,0,0
740,500,500.0,0.01688932971279747,500.0,493.3333333333333,,500.0,500.0,0,0
741,500,500.0,0.01688932971279747,500.0,493.3333333333333,,500.0,500.0,0,0
742,500,500.0,0.01688932971279747,500.0,493.3333333333333,,500.0,500.0,0,0
743,500,500.0,0.01688932971279747,500.0,493.3333333333333,,500.0,500.0,0,0
744,500,500.0,0.01688932971279747,500.0,493.3333333333333,,500.0,500.0,0,0
745,500,500.0,0.01688932971279747,500.0,493.3333333333333,,500.0,500.0,0,0
746,500,500.0,0.01688932971279747,500.0,493.3333333333333,,500.0,500.0,0,0
747,500,500.0,0.01688932971279747,500.0,493.3333333333333,,500.0,500.0,0,0
748,500,500.0,0.01688932971279747,500.0,493.3333333333333,,500.0,500.0,0,0
749,500,500.0,0.01688932971279747,500.0,500.0,42|49|56|63|70|77|84|91|98|105|112|119|126|133|140|147|154|161|168|175|182|189|196|203|210|217|224|231|238|245,500.0,500.0,0,0
750,500,500.0,0.01688932971279747,500.0,500.0,,500.0,500.0,0,0
751,500,500.0,0.01688932971279747,500.0,500.0,,500.0,500.0,0,0
752,500,500.0,0.01688932971279747,500.0,500.0,,500.0,500.0,0,0
753,500,500.0,0.01688932971279747,500.0,500.0,,500.0,500.0,0,0
754,500,500.0,0.01688932971279747,500.0,500.0,,500.0,500.0,0,0
755,500,500.0,0.01688932971279747,500.0,500.0,,500.0,500.0,0,0
756,500,500.0,0.01688932971279747,500.0,500.0,,500.0,500.0,0,0
757,500,500.0,0.01688932971279747,500.0,500.0,,500.0,500.0,0,0
758,500,500.0,0.01688932971279747,500.0,500.0,,500.0,500.0,0,0
759,500,500.0,0.01688932971279747,500.0,500.0,,500.0,500.0,0,0
760,500,500.0,0.01688932971279747,500.0,500.0,,500.0,500.0,0,0
761,500,500.0,0.01688932971279747,500.0,500.0,,500.0,500.0,0,0
762,500,500.0,0.01688932971279747,500.0,500.0,,500.0,500.0,0,0
763,500,500.0,0.01688932971279747,500.0,500.0,,500.0,500.0,0,0
764,500,500.0,0.01688932971279747,500.0,500.0,,500.0,500.0,0,0
765,500,500.0,0.01688932971279747,500.0,500.0,,500.0,500.0,0,0
766,500,500.0,0.01688932971279747,500.0,500.0,,500.0,500.0,0,0
767,500,500.0,0.01688932971279747,500.0,500.0,,500.0,500.0,0,0
768,500,500.0,0.01688932971279747,500.0,500.0,,500.0,500.0,0,0
769,500,500.0,0.01688932971279747,500.0,500.0,,500.0,500.0,0,0
770,500,500.0,0.01688932971279747,500.0,500.0,,500.0,500.0,0,0
771,500,500.0,0.01688932971279747,500.0,500.0,,500.0,500.0,0,0
772,500,500.0,0.01688932971279747,500.0,500.0,,500.0,500.0,0,0
773,500,500.0,0.01688932971279747,500.0,500.0,,500.0,500.0,0,0
774,500,500.0,0.01688932971279747,500.0,500.0,,500.0,500.0,0,0
775,500,500.0,0.01688932971279747,500.0,500.0,,500.0,500.0,0,0
776,500,500.0,0.01688932971279747,500.0,500.0,,500.0,500.0,0,0
777,500,500.0,0.01688932971279747,500.0,500.0,,500.0,500.0,0,0
778,500,500.0,0.01688932971279747,500.0,500.0,,500.0,500.0,0,0
779,500,500.0,0.01688932971279747,500.0,500.0,,500.0,500.0,0,0
780,500,500.0,0.01688932971279747,500.0,500.0,,500.0,500.0,0,0
781,500,500.0,0.01688932971279747,500.0,500.0,,500.0,500.0,0,0
782,500,500.0,0.01688932971279747,500.0,500.0,,500.0,500.0,0,0
783,500,500.0,0.01688932971279747,500.0,500.0,,500.0,500.0,0,0
784,500,500.0,0.01688932971279747,500.0,500.0,,500.0,500.0,0,0
785,500,500.0,0.01688932971279747,500.0,500.0,,500.0,500.0,0,0
786,500,500.0,0.01688932971279747,500.0,500.0,,500.0,500.0,0,0
787,500,500.0,0.01688932971279747,500.0,500.0,,500.0,500.0,0,0
788,500,500.0,0.01688932971279747,500.0,500.0,,500.0,500.0,0,0
789,500,500.0,0.01688932971279747,500.0,500.0,,500.0,500.0,0,0
790,500,500.0,0.01688932971279747,500.0,500.0,,500.0,500.0,0,0
791,500,500.0,0.01688932971279747,500.0,500.0,,500.0,500.0,0,0
792,500,500.0,0.01688932971279747,500.0,500.0,,500.0,500.0,0,0
793,500,500.0,0.01688932971279747,500.0,500.0,,500.0,500.0,0,0
794,500,500.0,0.01688932971279747,500.0,500.0,,500.0,500.0,0,0
795,500,500.0,0.01688932971279747,500.0,500.0,,500.0,500.0,0,0
796,500,500.0,0.01688932971279747,500.0,500.0,,500.0,500.0,0,0
797,483,483.0,0.01688932971279747,499.83,500.0,,500.0,500.0,0,0
798,500,500.0,0.01688932971279747,499.83,500.0,,500.0,500.0,0,0
799,500,500.0,0.01688932971279747,499.83,486.8333333333333,42|49|56|63|70|77|84|91|98|105|112|119|126|133|140|147|154|161|168|175|182|189|196|203|210|217|224|231|238|245,500.0,500.0,0,0
800,483,483.0,0.01688932971279747,499.66,486.8333333333333,,500.0,500.0,0,0
801,500,500.0,0.01688932971279747,499.66,486.8333333333333,,500.0,500.0,0,0
802,422,422.0,0.01688932971279747,498.88,486.8333333333333,,500.0,500.0,0,0
803,431,431.0,0.01688932971279747,498.19,486.8333333333333,,500.0,500.0,0,0
804,409,409.0,0.01688932971279747,497.28,486.8333333333333,,500.0,500.0,0,0
805,500,500.0,0.01688932971279747,497.28,486.8333333333333,,500.0,500.0,0,0
806,500,500.0,0.01688932971279747,497.28,486.8333333333333,,500.0,500.0,0,0
807,445,445.0,0.01688932971279747,496.73,486.8333333333333,,500.0,500.0,0,0
808,459,459.0,0.01688932971279747,496.32,486.8333333333333,,500.0,500.0,0,0
809,407,407.0,0.01688932971279747,495.39,486.8333333333333,,500.0,500.0,0,0
810,500,500.0,0.01688932971279747,495.39,486.8333333333333,,500.0,500.0,0,0
811,500,500.0,0.01688932971279747,495.39,486.8333333333333,,500.0,500.0,0,0
812,366,366.0,0.01688932971279747,494.05,486.8333333333333,,500.0,500.0,0,0
813,489,489.0,0.01688932971279747,493.94,486.8333333333333,,500.0,500.0,0,0
814,477,477.0,0.01688932971279747,493.71,486.8333333333333,,500.0,500.0,0,0
815,500,500.0,0.01688932971279747,493.71,486.8333333333333,,500.0,500.0,0,0
816,500,500.0,0.01688932971279747,493.71,486.8333333333333,,500.0,500.0,0,0
817,456,456.0,0.01688932971279747,493.27,486.8333333333333,,500.0,500.0,0,0
818,484,484.0,0.01688932971279747,493.11,486.8333333333333,,500.0,500.0,0,0
819,500,500.0,0.01688932971279747,493.11,486.8333333333333,,500.0,500.0,0,0
820,488,488.0,0.01688932971279747,492.99,486.8333333333333,,500.0,500.0,0,0
821,497,497.0,0.01688932971279747,492.96,486.8333333333333,,500.0,500.0,0,0
822,500,500.0,0.01688932971279747,492.96,486.8333333333333,,500.0,500.0,0,0
823,500,500.0,0.01688932971279747,492.96,486.8333333333333,,500.0,500.0,0,0
824,500,500.0,0.01688932971279747,492.96,486.8333333333333,,500.0,500.0,0,0
825,500,500.0,0.01688932971279747,492.96,486.8333333333333,,500.0,500.0,0,0
826,500,500.0,0.01688932971279747,492.96,486.8333333333333,,500.0,500.0,0,0
827,500,500.0,0.01688932971279747,492.96,486.8333333333333,,500.0,500.0,0,0
828,500,500.0,0.01688932971279747,492.96,486.8333333333333,,500.0,500.0,0,0
829,500,500.0,0.01688932971279747,492.96,486.8333333333333,,500.0,500.0,0,0
830,500,500.0,0.01688932971279747,492.96,486.8333333333333,,500.0,500.0,0,0
831,500,500.0,0.01688932971279747,492.96,486.8333333333333,,500.0,500.0,0,0
832,500,500.0,0.01688932971279747,492.96,486.8333333333333,,500.0,500.0,0,0
833,500,500.0,0.01688932971279747,492.96,486.8333333333333,,500.0,500.0,0,0
834,500,500.0,0.01688932971279747,492.96,486.8333333333333,,500.0,500.0,0,0
835,429,429.0,0.01688932971279747,492.25,486.8333333333333,,500.0,500.0,0,0
836,500,500.0,0.01688932971279747,492.25,486.8333333333333,,500.0,500.0,0,0
837,500,500.0,0.01688932971279747,492.25,486.8333333333333,,500.0,500.0,0,0
838,500,500.0,0.01688932971279747,492.25,486.8333333333333,,500.0,500.0,0,0
839,500,500.0,0.01688932971279747,492.25,486.8333333333333,,500.0,500.0,0,0
840,500,500.0,0.01688932971279747,492.25,486.8333333333333,,500.0,500.0,0,0
841,500,500.0,0.01688932971279747,492.25,486.8333333333333,,500.0,500.0,0,0
842,500,500.0,0.01688932971279747,492.25,486.8333333333333,,500.0,500.0,0,0
843,500,500.0,0.01688932971279747,492.25,486.8333333333333,,500.0,500.0,0,0
844,419,419.0,0.01688932971279747,491.44,486.8333333333333,,500.0,500.0,0,0
845,500,500.0,0.01688932971279747,491.44,486.8333333333333,,500.0,500.0,0,0
846,500,500.0,0.01688932971279747,491.44,486.8333333333333,,500.0,500.0,0,0
847,500,500.0,0.01688932971279747,491.44,486.8333333333333,,500.0,500.0,0,0
848,500,500.0,0.01688932971279747,491.44,486.8333333333333,,500.0,500.0,0,0
849,500,500.0,0.01688932971279747,491.44,399.2,42|49|56|63|70|77|84|91|98|105|112|119|126|133|140|147|154|161|168|175|182|189|196|203|210|217|224|231|238|245,500.0,500.0,0,0
850,500,500.0,0.01688932971279747,491.44,399.2,,500.0,500.0,0,0
851,500,500.0,0.01688932971279747,491.44,399.2,,500.0,500.0,0,0
852,500,500.0,0.01688932971279747,491.44,399.2,,500.0,500.0,0,0
853,500,500.0,0.01688932971279747,491.44,399.2,,500.0,500.0,0,0
854,500,500.0,0.01688932971279747,491.44,399.2,,500.0,500.0,0,0
855,500,500.0,0.01688932971279747,491.44,399.2,,500.0,500.0,0,0
856,500,500.0,0.01688932971279747,491.44,399.2,,500.0,500.0,0,0
857,500,500.0,0.01688932971279747,491.44,399.2,,500.0,500.0,0,0
858,500,500.0,0.01688932971279747,491.44,399.2,,500.0,500.0,0,0
859,500,500.0,0.01688932971279747,491.44,399.2,,500.0,500.0,0,0
860,500,500.0,0.01688932971279747,491.44,399.2,,500.0,500.0,0,0
861,500,500.0,0.01688932971279747,491.44,399.2,,500.0,500.0,0,0
862,500,500.0,0.01688932971279747,491.44,399.2,,500.0,500.0,0,0
863,500,500.0,0.01688932971279747,491.44,399.2,,500.0,500.0,0,0
864,500,500.0,0.01688932971279747,491.44,399.2,,500.0,500.0,0,0
865,500,500.0,0.01688932971279747,491.44,399.2,,500.0,500.0,0,0
866,500,500.0,0.01688932971279747,491.44,399.2,,500.0,500.0,0,0
867,500,500.0,0.01688932971279747,491.44,399.2,,500.0,500.0,0,0
868,500,500.0,0.01688932971279747,491.44,399.2,,500.0,500.0,0,0
869,500,500.0,0.01688932971279747,491.44,399.2,,500.0,500.0,0,0
870,500,500.0,0.01688932971279747,491.44,399.2,,500.0,500.0,0,0
871,500,500.0,0.01688932971279747,491.44,399.2,,500.0,500.0,0,0
872,500,500.0,0.01688932971279747,491.44,399.2,,500.0,500.0,0,0
873,500,500.0,0.01688932971279747,491.44,399.2,,500.0,500.0,0,0
874,500,500.0,0.01688932971279747,491.44,399.2,,500.0,500.0,0,0
875,500,500.0,0.01688932971279747,491.44,399.2,,500.0,500.0,0,0
876,500,500.0,0.01688932971279747,491.44,399.2,,500.0,500.0,0,0
877,500,500.0,0.01688932971279747,491.44,399.2,,500.0,500.0,0,0
878,500,500.0,0.01688932971279747,491.44,399.2,,500.0,500.0,0,0
879,500,500.0,0.01688932971279747,491.44,399.2,,500.0,500.0,0,0
880,500,500.0,0.01688932971279747,491.44,399.2,,500.0,500.0,0,0
881,500,500.0,0.01688932971279747,491.44,399.2,,500.0,500.0,0,0
882,500,500.0,0.01688932971279747,491.44,399.2,,500.0,500.0,0,0
883,500,500.0,0.01688932971279747,491.44,399.2,,500.0,500.0,0,0
884,500,500.0,0.01688932971279747,491.44,399.2,,500.0,500.0,0,0
885,500,500.0,0.01688932971279747,491.44,399.2,,500.0,500.0,0,0
886,500,500.0,0.01688932971279747,491.44,399.2,,500.0,500.0,0,0
887,500,500.0,0.01688932971279747,491.44,399.2,,500.0,500.0,0,0
888,500,500.0,0.01688932971279747,491.44,399.2,,500.0,500.0,0,0
889,500,500.0,0.01688932971279747,491.44,399.2,,500.0,500.0,0,0
890,500,500.0,0.01688932971279747,491.44,399.2,,500.0,500.0,0,0
891,500,500.0,0.01688932971279747,491.44,399.2,,500.0,500.0,0,0
892,500,500.0,0.01688932971279747,491.44,399.2,,500.0,500.0,0,0
893,500,500.0,0.01688932971279747,491.44,399.2,,500.0,500.0,0,0
894,500,500.0,0.01688932971279747,491.44,399.2,,500.0,500.0,0,0
895,500,500.0,0.01688932971279747,491.44,399.2,,500.0,500.0,0,0
896,500,500.0,0.01688932971279747,491.44,399.2,,500.0,500.0,0,0
897,500,500.0,0.01688932971279747,491.61,399.2,,500.0,500.0,0,0
898,411,411.0,0.01688932971279747,490.72,399.2,,500.0,500.0,0,0
899,500,500.0,0.01688932971279747,490.72,500.0,42|49|56|63|70|77|84|91|98|105|112|119|126|133|140|147|154|161|168|175|182|189|196|203|210|217|224|231|238|245,500.0,500.0,0,0
900,500,500.0,0.01688932971279747,490.89,500.0,,500.0,500.0,0,0
901,500,500.0,0.01688932971279747,490.89,500.0,,500.0,500.0,0,0
902,500,500.0,0.01688932971279747,491.67,500.0,,500.0,500.0,0,0
903,500,500.0,0.01688932971279747,492.36,500.0,,500.0,500.0,0,0
904,481,481.0,0.01688932971279747,493.08,500.0,,500.0,500.0,0,0
905,452,452.0,0.01688932971279747,492.6,500.0,,500.0,500.0,0,0
906,500,500.0,0.01688932971279747,492.6,500.0,,500.0,500.0,0,0
907,500,500.0,0.01688932971279747,493.15,500.0,,500.0,500.0,0,0
908,307,307.0,0.01688932971279747,491.63,500.0,,500.0,500.0,0,0
909,453,453.0,0.01688932971279747,492.09,500.0,,500.0,500.0,0,0
910,241,241.0,0.01688932971279747,489.5,500.0,,500.0,500.0,0,0
911,444,444.0,0.01688932971279747,488.94,500.0,,500.0,500.0,0,0
912,500,500.0,0.01688932971279747,490.28,500.0,,500.0,500.0,0,0
913,500,500.0,0.01688932971279747,490.39,500.0,,500.0,500.0,0,0
914,500,500.0,0.01688932971279747,490.62,500.0,,500.0,500.0,0,0
915,500,500.0,0.01688932971279747,490.62,500.0,,500.0,500.0,0,0
916,500,500.0,0.01688932971279747,490.62,500.0,,500.0,500.0,0,0
917,500,500.0,0.01688932971279747,491.06,500.0,,500.0,500.0,0,0
918,500,500.0,0.01688932971279747,491.22,500.0,,500.0,500.0,0,0
919,500,500.0,0.01688932971279747,491.22,500.0,,500.0,500.0,0,0
920,500,500.0,0.01688932971279747,491.34,500.0,,500.0,500.0,0,0
921,500,500.0,0.01688932971279747,491.37,500.0,,500.0,500.0,0,0
922,500,500.0,0.01688932971279747,491.37,500.0,,500.0,500.0,0,0
923,500,500.0,0.01688932971279747,491.37,500.0,,500.0,500.0,0,0
924,500,500.0,0.01688932971279747,491.37,500.0,,500.0,500.0,0,0
925,500,500.0,0.01688932971279747,491.37,500.0,,500.0,500.0,0,0
926,500,500.0,0.01688932971279747,491.37,500.0,,500.0,500.0,0,0
927,500,500.0,0.01688932971279747,491.37,500.0,,500.0,500.0,0,0
928,500,500.0,0.01688932971279747,491.37,500.0,,500.0,500.0,0,0
929,500,500.0,0.01688932971279747,491.37,500.0,,500.0,500.0,0,0
930,500,500.0,0.01688932971279747,491.37,500.0,,500.0,500.0,0,0
931,500,500.0,0.01688932971279747,491.37,500.0,,500.0,500.0,0,0
932,500,500.0,0.01688932971279747,491.37,500.0,,500.0,500.0,0,0
933,500,500.0,0.01688932971279747,491.37,500.0,,500.0,500.0,0,0
934,500,500.0,0.01688932971279747,491.37,500.0,,500.0,500.0,0,0
935,500,500.0,0.01688932971279747,492.08,500.0,,500.0,500.0,0,0
936,500,500.0,0.01688932971279747,492.08,500.0,,500.0,500.0,0,0
937,500,500.0,0.01688932971279747,492.08,500.0,,500.0,500.0,0,0
938,500,500.0,0.01688932971279747,492.08,500.0,,500.0,500.0,0,0
939,500,500.0,0.01688932971279747,492.08,500.0,,500.0,500.0,0,0
940,500,500.0,0.01688932971279747,492.08,500.0,,500.0,500.0,0,0
941,500,500.0,0.01688932971279747,492.08,500.0,,500.0,500.0,0,0
942,500,500.0,0.01688932971279747,492.08,500.0,,500.0,500.0,0,0
943,500,500.0,0.01688932971279747,492.08,500.0,,500.0,500.0,0,0
944,500,500.0,0.01688932971279747,492.89,500.0,,500.0,500.0,0,0
945,500,500.0,0.01688932971279747,492.89,500.0,,500.0,500.0,0,0
946,500,500.0,0.01688932971279747,492.89,500.0,,500.0,500.0,0,0
947,500,500.0,0.01688932971279747,492.89,500.0,,500.0,500.0,0,0
948,500,500.0,0.01688932971279747,492.89,500.0,,500.0,500.0,0,0
949,500,500.0,0.01688932971279747,492.89,500.0,42|49|56|63|70|77|84|91|98|105|112|119|126|133|140|147|154|161|168|175|182|189|196|203|210|217|224|231|238|245,500.0,500.0,0,0
950,500,500.0,0.01688932971279747,492.89,500.0,,500.0,500.0,0,0
951,500,500.0,0.01688932971279747,492.89,500.0,,500.0,500.0,0,0
952,500,500.0,0.01688932971279747,492.89,500.0,,500.0,500.0,0,0
953,500,500.0,0.01688932971279747,492.89,500.0,,500.0,500.0,0,0
954,500,500.0,0.01688932971279747,492.89,500.0,,500.0,500.0,0,0
955,500,500.0,0.01688932971279747,492.89,500.0,,500.0,500.0,0,0
956,500,500.0,0.01688932971279747,492.89,500.0,,500.0,500.0,0,0
957,500,500.0,0.01688932971279747,492.89,500.0,,500.0,500.0,0,0
958,500,500.0,0.01688932971279747,492.89,500.0,,500.0,500.0,0,0
959,500,500.0,0.01688932971279747,492.89,500.0,,500.0,500.0,0,0
960,500,500.0,0.01688932971279747,492.89,500.0,,500.0,500.0,0,0
961,500,500.0,0.01688932971279747,492.89,500.0,,500.0,500.0,0,0
962,500,500.0,0.01688932971279747,492.89,500.0,,500.0,500.0,0,0
963,500,500.0,0.01688932971279747,492.89,500.0,,500.0,500.0,0,0
964,500,500.0,0.01688932971279747,492.89,500.0,,500.0,500.0,0,0
965,500,500.0,0.01688932971279747,492.89,500.0,,500.0,500.0,0,0
966,500,500.0,0.01688932971279747,492.89,500.0,,500.0,500.0,0,0
967,500,500.0,0.01688932971279747,492.89,500.0,,500.0,500.0,0,0
968,500,500.0,0.01688932971279747,492.89,500.0,,500.0,500.0,0,0
969,500,500.0,0.01688932971279747,492.89,500.0,,500.0,500.0,0,0
970,500,500.0,0.01688932971279747,492.89,500.0,,500.0,500.0,0,0
971,500,500.0,0.01688932971279747,492.89,500.0,,500.0,500.0,0,0
972,500,500.0,0.01688932971279747,492.89,500.0,,500.0,500.0,0,0
973,500,500.0,0.01688932971279747,492.89,500.0,,500.0,500.0,0,0
974,500,500.0,0.01688932971279747,492.89,500.0,,500.0,500.0,0,0
975,500,500.0,0.01688932971279747,492.89,500.0,,500.0,500.0,0,0
976,500,500.0,0.01688932971279747,492.89,500.0,,500.0,500.0,0,0
977,500,500.0,0.01688932971279747,492.89,500.0,,500.0,500.0,0,0
978,500,500.0,0.01688932971279747,492.89,500.0,,500.0,500.0,0,0
979,500,500.0,0.01688932971279747,492.89,500.0,,500.0,500.0,0,0
980,500,500.0,0.01688932971279747,492.89,500.0,,500.0,500.0,0,0
981,500,500.0,0.01688932971279747,492.89,500.0,,500.0,500.0,0,0
982,500,500.0,0.01688932971279747,492.89,500.0,,500.0,500.0,0,0
983,485,485.0,0.01688932971279747,492.74,500.0,,500.0,500.0,0,0
984,500,500.0,0.01688932971279747,492.74,500.0,,500.0,500.0,0,0
985,500,500.0,0.01688932971279747,492.74,500.0,,500.0,500.0,0,0
986,500,500.0,0.01688932971279747,492.74,500.0,,500.0,500.0,0,0
987,500,500.0,0.01688932971279747,492.74,500.0,,500.0,500.0,0,0
988,500,500.0,0.01688932971279747,492.74,500.0,,500.0,500.0,0,0
989,500,500.0,0.01688932971279747,492.74,500.0,,500.0,500.0,0,0
990,500,500.0,0.01688932971279747,492.74,500.0,,500.0,500.0,0,0
991,500,500.0,0.01688932971279747,492.74,500.0,,500.0,500.0,0,0
992,500,500.0,0.01688932971279747,492.74,500.0,,500.0,500.0,0,0
993,500,500.0,0.01688932971279747,492.74,500.0,,500.0,500.0,0,0
994,500,500.0,0.01688932971279747,492.74,500.0,,500.0,500.0,0,0
995,500,500.0,0.01688932971279747,492.74,500.0,,500.0,500.0,0,0
996,500,500.0,0.01688932971279747,492.74,500.0,,500.0,500.0,0,0
997,500,500.0,0.01688932971279747,492.74,500.0,,500.0,500.0,0,0
998,500,500.0,0.01688932971279747,493.63,500.0,,500.0,500.0,0,0
999,500,500.0,0.01688932971279747,493.63,500.0,42|49|56|63|70|77|84|91|98|105|112|119|126|133|140|147|154|161|168|175|182|189|196|203|210|217|224|231|238|245,500.0,500.0,0,0
