episode,episode_steps,episode_reward,epsilon,running_avg_100,generalization_avg,generalization_seeds,best_running_avg_100,best_generalization_avg,saved_best_running_model,saved_best_generalization_model
0,20,20.0,0.8532832342697085,,,,0,0,0,0
1,14,14.0,0.846513905919502,,,,0,0,0,0
2,12,12.0,0.8407546695463735,,,,0,0,0,0
3,15,15.0,0.8336110642566036,,,,0,0,0,0
4,14,14.0,0.8269988431000604,,,,0,0,0,0
5,23,23.0,0.8162503516160449,,,,0,0,0,0
6,25,25.0,0.8047266879158258,,,,0,0,0,0
7,16,16.0,0.7974376660253206,,,,0,0,0,0
8,12,12.0,0.7920145669629854,,,,0,0,0,0
9,15,15.0,0.7852878975508044,,,,0,0,0,0
10,13,13.0,0.7795046799984099,,,,0,0,0,0
11,15,15.0,0.7728850235062611,,,,0,0,0,0
12,13,13.0,0.7671938097315967,,,,0,0,0,0
13,10,10.0,0.762844697012759,,,,0,0,0,0
14,20,20.0,0.7542208431618822,,,,0,0,0,0
15,13,13.0,0.7486680791605328,,,,0,0,0,0
16,14,14.0,0.7427342353259091,,,,0,0,0,0
17,16,16.0,0.7360107050728287,,,,0,0,0,0
18,68,68.0,0.7081132058177434,,,,0,0,0,0
19,13,13.0,0.7029024655120826,,,,0,0,0,0
20,12,12.0,0.6981268652830798,,,,0,0,0,0
21,13,13.0,0.6929902030541284,,,,0,0,0,0
22,12,12.0,0.6882824947674113,,,,0,0,0,0
23,24,24.0,0.6789635906948884,,,,0,0,0,0
24,11,11.0,0.6747350482961822,,,,0,0,0,0
25,13,13.0,0.6697719051663557,,,,0,0,0,0
26,10,10.0,0.6659791695978143,,,,0,0,0,0
27,12,12.0,0.6614564676638116,,,,0,0,0,0
28,25,25.0,0.6521334189505087,,,,0,0,0,0
29,14,14.0,0.6469705266452151,,,,0,0,0,0
30,21,21.0,0.6393033956198034,,,,0,0,0,0
31,16,16.0,0.6335233556217793,,,,0,0,0,0
32,37,37.0,0.620358149406773,,,,0,0,0,0
33,13,13.0,0.6157983708601157,,,,0,0,0,0
34,12,12.0,0.611619371678759,,,,0,0,0,0
35,13,13.0,0.6071244168625397,,,,0,0,0,0
36,24,24.0,0.5989134555721014,,,,0,0,0,0
37,13,13.0,0.5945127524815014,,,,0,0,0,0
38,11,11.0,0.5908145875634481,,,,0,0,0,0
39,15,15.0,0.5858090366047685,,,,0,0,0,0
40,16,16.0,0.5805169691164387,,,,0,0,0,0
41,11,11.0,0.5769067020627283,,,,0,0,0,0
42,8,8.0,0.5742953027116354,,,,0,0,0,0
43,12,12.0,0.5704005700051998,,,,0,0,0,0
44,15,15.0,0.5655696460143482,,,,0,0,0,0
45,14,14.0,0.5610980750747128,,,,0,0,0,0
46,10,10.0,0.5579259764786063,,,,0,0,0,0
47,10,10.0,0.5547719937588547,,,,0,0,0,0
48,14,14.0,0.5503866557484224,,,,0,0,0,0
49,12,12.0,0.546655680255503,,9.366666666666667,42|49|56|63|70|77|84|91|98|105|112|119|126|133|140|147|154|161|168|175|182|189|196|203|210|217|224|231|238|245,0,9.366666666666667,0,1
50,10,10.0,0.5435660622730617,,9.366666666666667,,0,9.366666666666667,0,0
51,10,10.0,0.5404940891196375,,9.366666666666667,,0,9.366666666666667,0,0
52,12,12.0,0.5368308706665935,,9.366666666666667,,0,9.366666666666667,0,0
53,14,14.0,0.532588815247676,,9.366666666666667,,0,9.366666666666667,0,0
54,22,22.0,0.5259910717114745,,9.366666666666667,,0,9.366666666666667,0,0
55,8,8.0,0.523612429121428,,9.366666666666667,,0,9.366666666666667,0,0
56,11,11.0,0.5203595402441665,,9.366666666666667,,0,9.366666666666667,0,0
57,11,11.0,0.5171270805188715,,9.366666666666667,,0,9.366666666666667,0,0
58,15,15.0,0.5127518722100541,,9.366666666666667,,0,9.366666666666667,0,0
59,21,21.0,0.5066893856301231,,9.366666666666667,,0,9.366666666666667,0,0
60,10,10.0,0.5038280154243068,,9.366666666666667,,0,9.366666666666667,0,0
61,19,19.0,0.4984363551825851,,9.366666666666667,,0,9.366666666666667,0,0
62,13,13.0,0.4947809852121966,,9.366666666666667,,0,9.366666666666667,0,0
63,16,16.0,0.4903192704471907,,9.366666666666667,,0,9.366666666666667,0,0
64,13,13.0,0.4867241125258104,,9.366666666666667,,0,9.366666666666667,0,0
65,10,10.0,0.4839767641285824,,9.366666666666667,,0,9.366666666666667,0,0
66,20,20.0,0.4785290481030787,,9.366666666666667,,0,9.366666666666667,0,0
67,9,9.0,0.4760978609212508,,9.366666666666667,,0,9.366666666666667,0,0
68,11,11.0,0.47314337828257097,,9.366666666666667,,0,9.366666666666667,0,0
69,11,11.0,0.47020745071204295,,9.366666666666667,,0,9.366666666666667,0,0
70,11,11.0,0.46728996167807874,,9.366666666666667,,0,9.366666666666667,0,0
71,12,12.0,0.4641281393912903,,9.366666666666667,,0,9.366666666666667,0,0
72,16,16.0,0.45994603814778295,,9.366666666666667,,0,9.366666666666667,0,0
73,12,12.0,0.4568345165097701,,9.366666666666667,,0,9.366666666666667,0,0
74,11,11.0,0.45400101365405093,,9.366666666666667,,0,9.366666666666667,0,0
75,15,15.0,0.45016580261015493,,9.366666666666667,,0,9.366666666666667,0,0
76,14,14.0,0.44661587752672777,,9.366666666666667,,0,9.366666666666667,0,0
77,14,14.0,0.4430943030913075,,9.366666666666667,,0,9.366666666666667,0,0
78,15,15.0,0.43935239096758316,,9.366666666666667,,0,9.366666666666667,0,0
79,9,9.0,0.4371226257426398,,9.366666666666667,,0,9.366666666666667,0,0
80,11,11.0,0.43441291968024054,,9.366666666666667,,0,9.366666666666667,0,0
81,11,11.0,0.43172023141310617,,9.366666666666667,,0,9.366666666666667,0,0
82,11,11.0,0.4290444540641998,,9.366666666666667,,0,9.366666666666667,0,0
83,15,15.0,0.4254227281079971,,9.366666666666667,,0,9.366666666666667,0,0
84,14,14.0,0.4220704078132155,,9.366666666666667,,0,9.366666666666667,0,0
85,10,10.0,0.4196922971571776,,9.366666666666667,,0,9.366666666666667,0,0
86,14,14.0,0.4163857416115093,,9.366666666666667,,0,9.366666666666667,0,0
87,10,10.0,0.41404009612227155,,9.366666666666667,,0,9.366666666666667,0,0
88,12,12.0,0.41124299751127064,,9.366666666666667,,0,9.366666666666667,0,0
89,11,11.0,0.4086958235481608,,9.366666666666667,,0,9.366666666666667,0,0
90,13,13.0,0.40570614347321343,,9.366666666666667,,0,9.366666666666667,0,0
91,11,11.0,0.4031937426723075,,9.366666666666667,,0,9.366666666666667,0,0
92,12,12.0,0.4004709338620013,,9.366666666666667,,0,9.366666666666667,0,0
93,16,16.0,0.3968695100378367,,9.366666666666667,,0,9.366666666666667,0,0
94,15,15.0,0.39352301716102805,,9.366666666666667,,0,9.366666666666667,0,0
95,10,10.0,0.3913079408444474,,9.366666666666667,,0,9.366666666666667,0,0
96,14,14.0,0.38822807033460716,,9.366666666666667,,0,9.366666666666667,0,0
97,11,11.0,0.38582543725885393,,9.366666666666667,,0,9.366666666666667,0,0
98,14,14.0,0.3827893514840992,,9.366666666666667,,0,9.366666666666667,0,0
99,9,9.0,0.38085039815922966,14.43,11.1,42|49|56|63|70|77|84|91|98|105|112|119|126|133|140|147|154|161|168|175|182|189|196|203|210|217|224|231|238|245,14.43,11.1,1,1
100,21,21.0,0.37636485308997847,14.44,11.1,,14.44,11.1,1,0
101,12,12.0,0.3738258030764998,14.42,11.1,,14.44,11.1,0,0
102,14,14.0,0.3708855495790242,14.44,11.1,,14.44,11.1,0,0
103,14,14.0,0.367968777729752,14.43,11.1,,14.44,11.1,0,0
104,12,12.0,0.3654872348561621,14.41,11.1,,14.44,11.1,0,0
105,11,11.0,0.3632274212868124,14.29,11.1,,14.44,11.1,0,0
106,13,13.0,0.3605750230999481,14.17,11.1,,14.44,11.1,0,0
107,13,13.0,0.3579423002441691,14.14,11.1,,14.44,11.1,0,0
108,19,19.0,0.35412956417438474,14.21,11.1,,14.44,11.1,0,0
109,34,34.0,0.34740947165218616,14.4,11.1,,14.44,11.1,0,0
110,13,13.0,0.3448744100694915,14.4,11.1,,14.44,11.1,0,0
111,15,15.0,0.34197269718875556,14.4,11.1,,14.44,11.1,0,0
112,20,20.0,0.33814232197293087,14.47,11.1,,14.47,11.1,1,0
113,20,20.0,0.33435557242421865,14.57,11.1,,14.57,11.1,1,0
114,18,18.0,0.3309843869954153,14.55,11.1,,14.57,11.1,0,0
115,13,13.0,0.32857116570816625,14.55,11.1,,14.57,11.1,0,0
116,18,18.0,0.3252593070049851,14.59,11.1,,14.59,11.1,1,0
117,13,13.0,0.32288855401863437,14.56,11.1,,14.59,11.1,0,0
118,57,57.0,0.31269958355238736,14.45,11.1,,14.59,11.1,0,0
119,22,22.0,0.308855112352963,14.54,11.1,,14.59,11.1,0,0
120,25,25.0,0.30454479287089625,14.67,11.1,,14.67,11.1,1,0
121,16,16.0,0.3018184018656417,14.7,11.1,,14.7,11.1,1,0
122,35,35.0,0.29594081352947554,14.93,11.1,,14.93,11.1,1,0
123,19,19.0,0.29279912085793613,14.88,11.1,,14.93,11.1,0,0
124,19,19.0,0.2896914307924351,14.96,11.1,,14.96,11.1,1,0
125,36,36.0,0.2838951170241213,15.19,11.1,,15.19,11.1,1,0
126,20,20.0,0.2807262104729051,15.29,11.1,,15.29,11.1,1,0
127,18,18.0,0.2779050649354791,15.35,11.1,,15.35,11.1,1,0
128,27,27.0,0.2737275060926473,15.37,11.1,,15.37,11.1,1,0
129,20,20.0,0.27067440250715447,15.43,11.1,,15.43,11.1,1,0
130,17,17.0,0.2681066203603228,15.39,11.1,,15.43,11.1,0,0
131,18,18.0,0.26541490537590345,15.41,11.1,,15.43,11.1,0,0
132,47,47.0,0.2585159765020115,15.51,11.1,,15.51,11.1,1,0
133,34,34.0,0.2536397638707781,15.72,11.1,,15.72,11.1,1,0
134,27,27.0,0.2498345552259087,15.87,11.1,,15.87,11.1,1,0
135,30,30.0,0.24567498959572792,16.04,11.1,,16.04,11.1,1,0
136,31,31.0,0.2414511996765246,16.11,11.1,,16.11,11.1,1,0
137,22,22.0,0.23849884221479029,16.2,11.1,,16.2,11.1,1,0
138,31,31.0,0.2344013394238642,16.4,11.1,,16.4,11.1,1,0
139,20,20.0,0.23179613719508826,16.45,11.1,,16.45,11.1,1,0
140,37,37.0,0.22705448252019464,16.66,11.1,,16.66,11.1,1,0
141,54,54.0,0.2203120964714644,17.09,11.1,,17.09,11.1,1,0
142,61,61.0,0.21294235756886026,17.62,11.1,,17.62,11.1,1,0
143,13,13.0,0.21140476499469635,17.63,11.1,,17.63,11.1,1,0
144,76,76.0,0.20264129696925226,18.24,11.1,,18.24,11.1,1,0
145,60,60.0,0.19598723800712395,18.7,11.1,,18.7,11.1,1,0
146,76,76.0,0.1878804689836281,19.36,11.1,,19.36,11.1,1,0
147,115,115.0,0.17626539727266882,20.41,11.1,,20.41,11.1,1,0
148,180,180.0,0.1595536566717284,22.07,11.1,,22.07,11.1,1,0
149,138,138.0,0.147858666935569,23.33,186.83333333333334,42|49|56|63|70|77|84|91|98|105|112|119|126|133|140|147|154|161|168|175|182|189|196|203|210|217|224|231|238|245,23.33,186.83333333333334,1,1
150,212,212.0,0.1316001327377098,25.35,186.83333333333334,,25.35,186.83333333333334,1,0
151,148,148.0,0.12136489631664868,26.73,186.83333333333334,,26.73,186.83333333333334,1,0
152,173,173.0,0.11045030104603967,28.34,186.83333333333334,,28.34,186.83333333333334,1,0
153,173,173.0,0.10056531258300869,29.93,186.83333333333334,,29.93,186.83333333333334,1,0
154,149,149.0,0.0928024153183042,31.2,186.83333333333334,,31.2,186.83333333333334,1,0
155,158,158.0,0.0852631338987274,32.7,186.83333333333334,,32.7,186.83333333333334,1,0
156,142,142.0,0.07904554217504665,34.01,186.83333333333334,,34.01,186.83333333333334,1,0
157,59,59.0,0.07660723286871873,34.49,186.83333333333334,,34.49,186.83333333333334,1,0
158,203,203.0,0.06882019618172673,36.37,186.83333333333334,,36.37,186.83333333333334,1,0
159,217,217.0,0.06143884140470877,38.33,186.83333333333334,,38.33,186.83333333333334,1,0
160,105,105.0,0.058183436749758094,39.28,186.83333333333334,,39.28,186.83333333333334,1,0
161,67,67.0,0.05620619249483937,39.76,186.83333333333334,,39.76,186.83333333333334,1,0
162,55,55.0,0.05463884038312002,40.18,186.83333333333334,,40.18,186.83333333333334,1,0
163,55,55.0,0.05312009123113043,40.57,186.83333333333334,,40.57,186.83333333333334,1,0
164,63,63.0,0.05143821497455141,41.07,186.83333333333334,,41.07,186.83333333333334,1,0
165,92,92.0,0.049088631413196485,41.89,186.83333333333334,,41.89,186.83333333333334,1,0
166,83,83.0,0.04707255336918917,42.52,186.83333333333334,,42.52,186.83333333333334,1,0
167,53,53.0,0.0458344218033541,42.96,186.83333333333334,,42.96,186.83333333333334,1,0
168,98,98.0,0.04364172943382292,43.83,186.83333333333334,,43.83,186.83333333333334,1,0
169,74,74.0,0.042065688544374084,44.46,186.83333333333334,,44.46,186.83333333333334,1,0
170,82,82.0,0.04039553826900197,45.17,186.83333333333334,,45.17,186.83333333333334,1,0
171,68,68.0,0.039068807248344946,45.73,186.83333333333334,,45.73,186.83333333333334,1,0
172,119,119.0,0.036867804182708776,46.76,186.83333333333334,,46.76,186.83333333333334,1,0
173,118,118.0,0.03482851425646028,47.82,186.83333333333334,,47.82,186.83333333333334,1,0
174,69,69.0,0.033698367670682995,48.4,186.83333333333334,,48.4,186.83333333333334,1,0
175,81,81.0,0.03242742450977994,49.06,186.83333333333334,,49.06,186.83333333333334,1,0
176,83,83.0,0.03118484344893538,49.75,186.83333333333334,,49.75,186.83333333333334,1,0
177,88,88.0,0.029930352920104104,50.49,186.83333333333334,,50.49,186.83333333333334,1,0
178,119,119.0,0.028331437452740756,51.53,186.83333333333334,,51.53,186.83333333333334,1,0
179,54,54.0,0.027641054877178557,51.98,186.83333333333334,,51.98,186.83333333333334,1,0
180,60,60.0,0.026898594342389108,52.47,186.83333333333334,,52.47,186.83333333333334,1,0
181,23,23.0,0.02662068115656934,52.59,186.83333333333334,,52.59,186.83333333333334,1,0
182,30,30.0,0.026263644137419745,52.78,186.83333333333334,,52.78,186.83333333333334,1,0
183,33,33.0,0.02587792441523086,52.96,186.83333333333334,,52.96,186.83333333333334,1,0
184,108,108.0,0.024665349764309133,53.9,186.83333333333334,,53.9,186.83333333333334,1,0
185,27,27.0,0.024373745512541567,54.07,186.83333333333334,,54.07,186.83333333333334,1,0
186,113,113.0,0.023201095481476315,55.06,186.83333333333334,,55.06,186.83333333333334,1,0
187,36,36.0,0.022843169285991463,55.32,186.83333333333334,,55.32,186.83333333333334,1,0
188,54,54.0,0.022319928966102576,55.74,186.83333333333334,,55.74,186.83333333333334,1,0
189,44,44.0,0.021905389199957707,56.07,186.83333333333334,,56.07,186.83333333333334,1,0
190,79,79.0,0.02118681957988531,56.73,186.83333333333334,,56.73,186.83333333333334,1,0
191,76,76.0,0.020525554651425516,57.38,186.83333333333334,,57.38,186.83333333333334,1,0
192,37,37.0,0.020213892666437066,57.63,186.83333333333334,,57.63,186.83333333333334,1,0
193,67,67.0,0.019666068588818607,58.14,186.83333333333334,,58.14,186.83333333333334,1,0
194,75,75.0,0.019077260176908417,58.74,186.83333333333334,,58.74,186.83333333333334,1,0
195,126,126.0,0.018143261883796745,59.9,186.83333333333334,,59.9,186.83333333333334,1,0
196,91,91.0,0.0175094156631329,60.67,186.83333333333334,,60.67,186.83333333333334,1,0
197,63,63.0,0.01708955543946588,61.19,186.83333333333334,,61.19,186.83333333333334,1,0
198,83,83.0,0.016559035366928265,61.88,186.83333333333334,,61.88,186.83333333333334,1,0
199,61,61.0,0.016184902632690647,62.4,102.7,42|49|56|63|70|77|84|91|98|105|112|119|126|133|140|147|154|161|168|175|182|189|196|203|210|217|224|231|238|245,62.4,186.83333333333334,1,0
200,122,122.0,0.015474732270794971,63.41,102.7,,63.41,186.83333333333334,1,0
201,103,103.0,0.014912608861436681,64.32,102.7,,64.32,186.83333333333334,1,0
202,102,102.0,0.014387683110464946,65.2,102.7,,65.2,186.83333333333334,1,0
203,102,102.0,0.0138925445805235,66.08,102.7,,66.08,186.83333333333334,1,0
204,107,107.0,0.013403302804435909,67.03,102.7,,67.03,186.83333333333334,1,0
205,76,76.0,0.013073571441781126,67.68,102.7,,67.68,186.83333333333334,1,0
206,87,87.0,0.012713321010196989,68.42,102.7,,68.42,186.83333333333334,1,0
207,93,93.0,0.012347567668556644,69.22,102.7,,69.22,186.83333333333334,1,0
208,89,89.0,0.012015324554012684,69.92,102.7,,69.92,186.83333333333334,1,0
209,87,87.0,0.011706512455865733,70.45,102.7,,70.45,186.83333333333334,1,0
210,77,77.0,0.011445741256048768,71.09,102.7,,71.09,186.83333333333334,1,0
211,85,85.0,0.011170921571855123,71.79,102.7,,71.79,186.83333333333334,1,0
212,87,87.0,0.01090315347076936,72.46,102.7,,72.46,186.83333333333334,1,0
213,84,84.0,0.010656975703000062,73.1,102.7,,73.1,186.83333333333334,1,0
214,74,74.0,0.010449703207519073,73.66,102.7,,73.66,186.83333333333334,1,0
215,21,21.0,0.010392465218664276,73.74,102.7,,73.74,186.83333333333334,1,0
216,77,77.0,0.010188385302275102,74.33,102.7,,74.33,186.83333333333334,1,0
217,83,83.0,0.009978252240855832,75.03,102.7,,75.03,186.83333333333334,1,0
218,75,75.0,0.009796775969499818,75.21,102.7,,75.21,186.83333333333334,1,0
219,79,79.0,0.009613866328650241,75.78,102.7,,75.78,186.83333333333334,1,0
220,83,83.0,0.009430405326190723,76.36,102.7,,76.36,186.83333333333334,1,0
221,86,86.0,0.009249292641018644,77.06,102.7,,77.06,186.83333333333334,1,0
222,75,75.0,0.009098466070639015,77.46,102.7,,77.46,186.83333333333334,1,0
223,78,78.0,0.008948329824457422,78.05,102.7,,78.05,186.83333333333334,1,0
224,80,80.0,0.008801155312419673,78.66,102.7,,78.66,186.83333333333334,1,0
225,79,79.0,0.008662289868071797,79.09,102.7,,79.09,186.83333333333334,1,0
226,80,80.0,0.008527925705192634,79.69,102.7,,79.69,186.83333333333334,1,0
227,76,76.0,0.008405857690737276,80.27,102.7,,80.27,186.83333333333334,1,0
228,77,77.0,0.008287484990372802,80.77,102.7,,80.77,186.83333333333334,1,0
229,82,82.0,0.008167035539564932,81.39,102.7,,81.39,186.83333333333334,1,0
230,78,78.0,0.008057593839610556,82.0,102.7,,82.0,186.83333333333334,1,0
231,87,87.0,0.00794115563312826,82.69,102.7,,82.69,186.83333333333334,1,0
232,80,80.0,0.00783908759228941,83.02,102.7,,83.02,186.83333333333334,1,0
233,83,83.0,0.0077380207408847615,83.51,102.7,,83.51,186.83333333333334,1,0
234,98,98.0,0.007624712328979795,84.22,102.7,,84.22,186.83333333333334,1,0
235,87,87.0,0.007529315246019791,84.79,102.7,,84.79,186.83333333333334,1,0
236,80,80.0,0.007445691548492735,85.28,102.7,,85.28,186.83333333333334,1,0
237,82,82.0,0.007363862505336465,85.88,102.7,,85.88,186.83333333333334,1,0
238,78,78.0,0.007289511733883411,86.35,102.7,,86.35,186.83333333333334,1,0
239,83,83.0,0.007213958956636796,86.98,102.7,,86.98,186.83333333333334,1,0
240,104,104.0,0.007124221842931785,87.65,102.7,,87.65,186.83333333333334,1,0
241,102,102.0,0.007041252702319218,88.13,102.7,,88.13,186.83333333333334,1,0
242,105,105.0,0.0069607583992647715,88.57,102.7,,88.57,186.83333333333334,1,0
243,104,104.0,0.0068856627205437565,89.48,102.7,,89.48,186.83333333333334,1,0
244,113,113.0,0.006808982439064443,89.85,102.7,,89.85,186.83333333333334,1,0
245,113,113.0,0.006737107673998256,90.38,102.7,,90.38,186.83333333333334,1,0
246,115,115.0,0.006668583699548902,90.77,102.7,,90.77,186.83333333333334,1,0
247,124,124.0,0.006599582743726704,90.86,102.7,,90.86,186.83333333333334,1,0
248,119,119.0,0.006537816434940362,90.25,102.7,,90.86,186.83333333333334,0,0
249,120,120.0,0.006479651224742882,90.07,121.53333333333333,42|49|56|63|70|77|84|91|98|105|112|119|126|133|140|147|154|161|168|175|182|189|196|203|210|217|224|231|238|245,90.86,186.83333333333334,0,0
250,124,124.0,0.006423602770165244,89.19,121.53333333333333,,90.86,186.83333333333334,0,0
251,108,108.0,0.006377926544539066,88.79,121.53333333333333,,90.86,186.83333333333334,0,0
252,120,120.0,0.006330381206180853,88.26,121.53333333333333,,90.86,186.83333333333334,0,0
253,121,121.0,0.00628563659786587,87.74,121.53333333333333,,90.86,186.83333333333334,0,0
254,116,116.0,0.006245556296036489,87.41,121.53333333333333,,90.86,186.83333333333334,0,0
255,104,104.0,0.00621181749742474,86.87,121.53333333333333,,90.86,186.83333333333334,0,0
256,89,89.0,0.0061844984221360606,86.34,121.53333333333333,,90.86,186.83333333333334,0,0
257,109,109.0,0.0061528828499455,86.84,121.53333333333333,,90.86,186.83333333333334,0,0
258,155,155.0,0.006111191585702553,86.36,121.53333333333333,,90.86,186.83333333333334,0,0
259,86,86.0,0.006089607168225696,85.05,121.53333333333333,,90.86,186.83333333333334,0,0
260,124,124.0,0.0060602986699877966,85.24,121.53333333333333,,90.86,186.83333333333334,0,0
261,500,500.0,0.0059611406862144,89.57,121.53333333333333,,90.86,186.83333333333334,0,0
262,500,500.0,0.005886674471346082,94.02,121.53333333333333,,94.02,186.83333333333334,1,0
263,500,500.0,0.005830751418599398,98.47,121.53333333333333,,98.47,186.83333333333334,1,0
264,500,500.0,0.005788754013010316,102.84,121.53333333333333,,102.84,186.83333333333334,1,0
265,500,500.0,0.005757214567476052,106.92,121.53333333333333,,106.92,186.83333333333334,1,0
266,500,500.0,0.005733528899024489,111.09,121.53333333333333,,111.09,186.83333333333334,1,0
267,500,500.0,0.005715741303824445,115.56,121.53333333333333,,115.56,186.83333333333334,1,0
268,500,500.0,0.005702383076521394,119.58,121.53333333333333,,119.58,186.83333333333334,1,0
269,172,172.0,0.005698603663643334,120.56,121.53333333333333,,120.56,186.83333333333334,1,0
270,404,404.0,0.005691062578253797,123.78,121.53333333333333,,123.78,186.83333333333334,1,0
271,429,429.0,0.005684752505032969,127.39,121.53333333333333,,127.39,186.83333333333334,1,0
272,500,500.0,0.005679110935827301,131.2,121.53333333333333,,131.2,186.83333333333334,1,0
273,500,500.0,0.005674874198767138,135.02,121.53333333333333,,135.02,186.83333333333334,1,0
274,500,500.0,0.005671692470375165,139.33,121.53333333333333,,139.33,186.83333333333334,1,0
275,500,500.0,0.005669303038268208,143.52,121.53333333333333,,143.52,186.83333333333334,1,0
276,500,500.0,0.005667508609237697,147.69,121.53333333333333,,147.69,186.83333333333334,1,0
277,289,289.0,0.005666683065376232,149.7,121.53333333333333,,149.7,186.83333333333334,1,0
278,312,312.0,0.005665932595090582,151.63,121.53333333333333,,151.63,186.83333333333334,1,0
279,335,335.0,0.005665262948541174,154.44,121.53333333333333,,154.44,186.83333333333334,1,0
280,500,500.0,0.0056644745601550925,158.84,121.53333333333333,,158.84,186.83333333333334,1,0
281,500,500.0,0.005663882491854351,163.61,121.53333333333333,,163.61,186.83333333333334,1,0
282,500,500.0,0.005663437857104612,168.31,121.53333333333333,,168.31,186.83333333333334,1,0
283,500,500.0,0.005663103942824066,172.98,121.53333333333333,,172.98,186.83333333333334,1,0
284,500,500.0,0.005662853178018083,176.9,121.53333333333333,,176.9,186.83333333333334,1,0
285,500,500.0,0.005662664857267567,181.63,121.53333333333333,,181.63,186.83333333333334,1,0
286,500,500.0,0.005662523431101581,185.5,121.53333333333333,,185.5,186.83333333333334,1,0
287,500,500.0,0.005662417222091841,190.14,121.53333333333333,,190.14,186.83333333333334,1,0
288,500,500.0,0.005662337460658225,194.6,121.53333333333333,,194.6,186.83333333333334,1,0
289,500,500.0,0.005662277560972613,199.16,121.53333333333333,,199.16,186.83333333333334,1,0
290,500,500.0,0.00566223257717313,203.37,121.53333333333333,,203.37,186.83333333333334,1,0
291,500,500.0,0.005662198794988878,207.61,121.53333333333333,,207.61,186.83333333333334,1,0
292,500,500.0,0.005662173425056013,212.24,121.53333333333333,,212.24,186.83333333333334,1,0
293,500,500.0,0.005662154372602545,216.57,121.53333333333333,,216.57,186.83333333333334,1,0
294,500,500.0,0.005662140064484936,220.82,121.53333333333333,,220.82,186.83333333333334,1,0
295,500,500.0,0.005662129319295091,224.56,121.53333333333333,,224.56,186.83333333333334,1,0
296,500,500.0,0.005662121249812581,228.65,121.53333333333333,,228.65,186.83333333333334,1,0
297,500,500.0,0.005662115189747667,233.02,121.53333333333333,,233.02,186.83333333333334,1,0
298,500,500.0,0.005662110638726368,237.19,121.53333333333333,,237.19,186.83333333333334,1,0
299,500,500.0,0.0056621072209750494,241.58,500.0,42|49|56|63|70|77|84|91|98|105|112|119|126|133|140|147|154|161|168|175|182|189|196|203|210|217|224|231|238|245,241.58,500.0,1,1
300,500,500.0,0.00566210465429313,245.36,500.0,,245.36,500.0,1,0
301,500,500.0,0.005662102726752049,249.33,500.0,,249.33,500.0,1,0
302,500,500.0,0.005662101279196512,253.31,500.0,,253.31,500.0,1,0
303,500,500.0,0.005662100192103194,257.29,500.0,,257.29,500.0,1,0
304,15,15.0,0.0056621001640581115,256.37,500.0,,257.29,500.0,0,0
305,16,16.0,0.005662100134407735,255.77,500.0,,257.29,500.0,0,0
306,18,18.0,0.0056621001013742326,255.08,500.0,,257.29,500.0,0,0
307,500,500.0,0.005662099307575659,259.15,500.0,,259.15,500.0,1,0
308,14,14.0,0.005662099288456834,258.4,500.0,,259.15,500.0,0,0
309,20,20.0,0.0056620992614087925,257.73,500.0,,259.15,500.0,0,0
310,14,14.0,0.005662099242658669,257.1,500.0,,259.15,500.0,0,0
311,19,19.0,0.005662099217451357,256.44,500.0,,259.15,500.0,0,0
312,13,13.0,0.005662099200361621,255.7,500.0,,259.15,500.0,0,0
313,14,14.0,0.005662099182099036,255.0,500.0,,259.15,500.0,0,0
314,242,242.0,0.00566209888849794,256.68,500.0,,259.15,500.0,0,0
315,11,11.0,0.005662098876095049,256.58,500.0,,259.15,500.0,0,0
316,126,126.0,0.005662098739461976,257.07,500.0,,259.15,500.0,0,0
317,17,17.0,0.005662098721770788,256.41,500.0,,259.15,500.0,0,0
318,100,100.0,0.0056620986211205915,256.66,500.0,,259.15,500.0,0,0
319,19,19.0,0.0056620986026402,256.06,500.0,,259.15,500.0,0,0
320,17,17.0,0.005662098586274718,255.4,500.0,,259.15,500.0,0,0
321,15,15.0,0.005662098571966321,254.69,500.0,,259.15,500.0,0,0
322,43,43.0,0.0056620985316236695,254.37,500.0,,259.15,500.0,0,0
323,16,16.0,0.005662098516864267,253.75,500.0,,259.15,500.0,0,0
324,15,15.0,0.005662098503149626,253.1,500.0,,259.15,500.0,0,0
325,61,61.0,0.005662098448574873,252.92,500.0,,259.15,500.0,0,0
326,13,13.0,0.005662098437188617,252.25,500.0,,259.15,500.0,0,0
327,56,56.0,0.005662098389097838,252.05,500.0,,259.15,500.0,0,0
328,52,52.0,0.005662098345802336,251.8,500.0,,259.15,500.0,0,0
329,18,18.0,0.005662098331113343,251.16,500.0,,259.15,500.0,0,0
330,13,13.0,0.00566209832059841,250.51,500.0,,259.15,500.0,0,0
331,15,15.0,0.00566209830856268,249.79,500.0,,259.15,500.0,0,0
332,93,93.0,0.005662098236205379,249.92,500.0,,259.15,500.0,0,0
333,13,13.0,0.005662098226394467,249.22,500.0,,259.15,500.0,0,0
334,39,39.0,0.0056620981973962365,248.63,500.0,,259.15,500.0,0,0
335,18,18.0,0.005662098184229344,247.94,500.0,,259.15,500.0,0,0
336,81,81.0,0.005662098126629627,247.95,500.0,,259.15,500.0,0,0
337,18,18.0,0.005662098114188539,247.31,500.0,,259.15,500.0,0,0
338,35,35.0,0.0056620980903616305,246.88,500.0,,259.15,500.0,0,0
339,18,18.0,0.005662098078292518,246.23,500.0,,259.15,500.0,0,0
340,35,35.0,0.0056620980551780106,245.54,500.0,,259.15,500.0,0,0
341,38,38.0,0.005662098030601364,244.9,500.0,,259.15,500.0,0,0
342,38,38.0,0.005662098006553827,244.23,500.0,,259.15,500.0,0,0
343,40,40.0,0.005662097981799724,243.59,500.0,,259.15,500.0,0,0
344,36,36.0,0.0056620979600007565,242.82,500.0,,259.15,500.0,0,0
345,41,41.0,0.0056620979357154735,242.1,500.0,,259.15,500.0,0,0
346,55,55.0,0.005662097904020483,241.5,500.0,,259.15,500.0,0,0
347,39,39.0,0.00566209788214322,240.65,500.0,,259.15,500.0,0,0
348,100,100.0,0.005662097828230469,240.46,500.0,,259.15,500.0,0,0
349,38,38.0,0.005662097808539755,239.64,31.3,42|49|56|63|70|77|84|91|98|105|112|119|126|133|140|147|154|161|168|175|182|189|196|203|210|217|224|231|238|245,259.15,500.0,0,0
350,45,45.0,0.005662097785769323,238.85,31.3,,259.15,500.0,0,0
351,34,34.0,0.005662097768950044,238.11,31.3,,259.15,500.0,0,0
352,40,40.0,0.005662097749577447,237.31,31.3,,259.15,500.0,0,0
353,31,31.0,0.005662097734865993,236.41,31.3,,259.15,500.0,0,0
354,36,36.0,0.005662097718106314,235.61,31.3,,259.15,500.0,0,0
355,24,24.0,0.00566209770712364,234.81,31.3,,259.15,500.0,0,0
356,26,26.0,0.005662097695394873,234.18,31.3,,259.15,500.0,0,0
357,34,34.0,0.005662097680318438,233.43,31.3,,259.15,500.0,0,0
358,40,40.0,0.005662097662953265,232.28,31.3,,259.15,500.0,0,0
359,33,33.0,0.005662097648923476,231.75,31.3,,259.15,500.0,0,0
360,36,36.0,0.0056620976339176645,230.87,31.3,,259.15,500.0,0,0
361,41,41.0,0.00566209761720034,226.28,31.3,,259.15,500.0,0,0
362,42,42.0,0.005662097600477496,221.7,31.3,,259.15,500.0,0,0
363,41,41.0,0.005662097584536274,217.11,31.3,,259.15,500.0,0,0
364,38,38.0,0.005662097570092029,212.49,31.3,,259.15,500.0,0,0
365,40,40.0,0.0056620975552233825,207.89,31.3,,259.15,500.0,0,0
366,52,52.0,0.0056620975363964555,203.41,31.3,,259.15,500.0,0,0
367,22,22.0,0.005662097528598471,198.63,31.3,,259.15,500.0,0,0
368,33,33.0,0.005662097517084188,193.96,31.3,,259.15,500.0,0,0
369,31,31.0,0.005662097506464191,192.55,31.3,,259.15,500.0,0,0
370,25,25.0,0.005662097498035968,188.76,31.3,,259.15,500.0,0,0
371,47,47.0,0.0056620974825139295,184.94,31.3,,259.15,500.0,0,0
372,42,42.0,0.005662097468992308,180.36,31.3,,259.15,500.0,0,0
373,38,38.0,0.005662097457035598,175.74,31.3,,259.15,500.0,0,0
374,34,34.0,0.005662097446555852,171.08,31.3,,259.15,500.0,0,0
375,31,31.0,0.005662097437177026,166.39,31.3,,259.15,500.0,0,0
376,64,64.0,0.0056620974183331455,162.03,31.3,,259.15,500.0,0,0
377,57,57.0,0.0056620974021220774,159.71,31.3,,259.15,500.0,0,0
378,27,27.0,0.005662097394625921,156.86,31.3,,259.15,500.0,0,0
379,20,20.0,0.0056620973891474725,153.71,31.3,,259.15,500.0,0,0
380,32,32.0,0.005662097380511443,149.03,31.3,,259.15,500.0,0,0
381,41,41.0,0.005662097369675343,144.44,31.3,,259.15,500.0,0,0
382,38,38.0,0.0056620973598568184,139.82,31.3,,259.15,500.0,0,0
383,31,31.0,0.005662097352003737,135.13,31.3,,259.15,500.0,0,0
384,36,36.0,0.0056620973430573,130.49,31.3,,259.15,500.0,0,0
385,34,34.0,0.005662097334775591,125.83,31.3,,259.15,500.0,0,0
386,37,37.0,0.00566209732594451,121.2,31.3,,259.15,500.0,0,0
387,36,36.0,0.005662097317529874,116.56,31.3,,259.15,500.0,0,0
388,29,29.0,0.0056620973108764665,111.85,31.3,,259.15,500.0,0,0
389,39,39.0,0.005662097302101252,107.24,31.3,,259.15,500.0,0,0
390,28,28.0,0.005662097295920886,102.52,31.3,,259.15,500.0,0,0
391,41,41.0,0.005662097287048021,97.93,31.3,,259.15,500.0,0,0
392,20,20.0,0.00566209728279482,93.13,31.3,,259.15,500.0,0,0
393,77,77.0,0.00566209726686739,88.9,31.3,,259.15,500.0,0,0
394,29,29.0,0.0056620972610485045,84.19,31.3,,259.15,500.0,0,0
395,47,47.0,0.005662097251820757,79.66,31.3,,259.15,500.0,0,0
396,21,21.0,0.0056620972477773295,74.87,31.3,,259.15,500.0,0,0
397,36,36.0,0.005662097240957887,70.23,31.3,,259.15,500.0,0,0
398,39,39.0,0.005662097233727114,65.62,31.3,,259.15,500.0,0,0
399,36,36.0,0.0056620972271944,60.98,28.266666666666666,42|49|56|63|70|77|84|91|98|105|112|119|126|133|140|147|154|161|168|175|182|189|196|203|210|217|224|231|238|245,259.15,500.0,0,0
400,35,35.0,0.005662097220970987,56.33,28.266666666666666,,259.15,500.0,0,0
401,32,32.0,0.005662097215389156,51.65,28.266666666666666,,259.15,500.0,0,0
402,34,34.0,0.00566209720956949,46.99,28.266666666666666,,259.15,500.0,0,0
403,35,35.0,0.005662097203695865,42.34,28.266666666666666,,259.15,500.0,0,0
404,47,47.0,0.00566209719599138,42.66,28.266666666666666,,259.15,500.0,0,0
405,35,35.0,0.00566209719038723,42.85,28.266666666666666,,259.15,500.0,0,0
406,45,45.0,0.005662097183345011,43.12,28.266666666666666,,259.15,500.0,0,0
407,40,40.0,0.005662097177235827,38.52,28.266666666666666,,259.15,500.0,0,0
408,16,16.0,0.005662097174831075,38.54,28.266666666666666,,259.15,500.0,0,0
409,16,16.0,0.005662097172448257,38.5,28.266666666666666,,259.15,500.0,0,0
410,16,16.0,0.005662097170087176,38.52,28.266666666666666,,259.15,500.0,0,0
411,10,10.0,0.005662097168622449,38.43,28.266666666666666,,259.15,500.0,0,0
412,21,21.0,0.005662097165573695,38.51,28.266666666666666,,259.15,500.0,0,0
413,13,13.0,0.005662097163704665,38.5,28.266666666666666,,259.15,500.0,0,0
414,15,15.0,0.005662097161565314,36.23,28.266666666666666,,259.15,500.0,0,0
415,12,12.0,0.005662097159867016,36.24,28.266666666666666,,259.15,500.0,0,0
416,10,10.0,0.0056620971584606565,35.08,28.266666666666666,,259.15,500.0,0,0
417,13,13.0,0.005662097156644391,35.04,28.266666666666666,,259.15,500.0,0,0
418,13,13.0,0.0056620971548415975,34.17,28.266666666666666,,259.15,500.0,0,0
419,13,13.0,0.005662097153052178,34.11,28.266666666666666,,259.15,500.0,0,0
420,10,10.0,0.005662097151684738,34.04,28.266666666666666,,259.15,500.0,0,0
421,12,12.0,0.005662097150054116,34.01,28.266666666666666,,259.15,500.0,0,0
422,9,9.0,0.005662097148838483,33.67,28.266666666666666,,259.15,500.0,0,0
423,10,10.0,0.005662097147495108,33.61,28.266666666666666,,259.15,500.0,0,0
424,12,12.0,0.005662097145893181,33.58,28.266666666666666,,259.15,500.0,0,0
425,10,10.0,0.0056620971445666265,33.07,28.266666666666666,,259.15,500.0,0,0
426,11,11.0,0.005662097143116166,33.05,28.266666666666666,,259.15,500.0,0,0
427,12,12.0,0.005662097141544232,32.61,28.266666666666666,,259.15,500.0,0,0
428,11,11.0,0.005662097140112753,32.2,28.266666666666666,,259.15,500.0,0,0
429,11,11.0,0.005662097138690263,32.13,28.266666666666666,,259.15,500.0,0,0
430,11,11.0,0.005662097137276707,32.11,28.266666666666666,,259.15,500.0,0,0
431,12,12.0,0.005662097135744769,32.08,28.266666666666666,,259.15,500.0,0,0
432,10,10.0,0.005662097134476173,31.25,28.266666666666666,,259.15,500.0,0,0
433,11,11.0,0.005662097133089083,31.23,28.266666666666666,,259.15,500.0,0,0
434,10,10.0,0.005662097131835653,30.94,28.266666666666666,,259.15,500.0,0,0
435,11,11.0,0.005662097130465146,30.87,28.266666666666666,,259.15,500.0,0,0
436,14,14.0,0.005662097128733307,30.2,28.266666666666666,,259.15,500.0,0,0
437,10,10.0,0.005662097127504753,30.12,28.266666666666666,,259.15,500.0,0,0
438,11,11.0,0.0056620971261614455,29.88,28.266666666666666,,259.15,500.0,0,0
439,12,12.0,0.0056620971247056395,29.82,28.266666666666666,,259.15,500.0,0,0
440,11,11.0,0.005662097123379911,29.58,28.266666666666666,,259.15,500.0,0,0
441,11,11.0,0.005662097122062509,29.31,28.266666666666666,,259.15,500.0,0,0
442,14,14.0,0.005662097120397776,29.07,28.266666666666666,,259.15,500.0,0,0
443,9,9.0,0.0056620971193346165,28.76,28.266666666666666,,259.15,500.0,0,0
444,12,12.0,0.005662097117925569,28.52,28.266666666666666,,259.15,500.0,0,0
445,11,11.0,0.005662097116642422,28.22,28.266666666666666,,259.15,500.0,0,0
446,11,11.0,0.005662097115367333,27.78,28.266666666666666,,259.15,500.0,0,0
447,14,14.0,0.005662097113756069,27.53,28.266666666666666,,259.15,500.0,0,0
448,11,11.0,0.005662097112499108,26.64,28.266666666666666,,259.15,500.0,0,0
449,11,11.0,0.005662097111250041,26.37,10.833333333333334,42|49|56|63|70|77|84|91|98|105|112|119|126|133|140|147|154|161|168|175|182|189|196|203|210|217|224|231|238|245,259.15,500.0,0,0
450,11,11.0,0.0056620971100088185,26.03,10.833333333333334,,259.15,500.0,0,0
451,10,10.0,0.0056620971088872,25.79,10.833333333333334,,259.15,500.0,0,0
452,10,10.0,0.005662097107771987,25.49,10.833333333333334,,259.15,500.0,0,0
453,14,14.0,0.005662097106221381,25.32,10.833333333333334,,259.15,500.0,0,0
454,12,12.0,0.00566209710490215,25.08,10.833333333333334,,259.15,500.0,0,0
455,8,8.0,0.005662097104027686,24.92,10.833333333333334,,259.15,500.0,0,0
456,10,10.0,0.005662097102940226,24.76,10.833333333333334,,259.15,500.0,0,0
457,9,9.0,0.005662097101966823,24.51,10.833333333333334,,259.15,500.0,0,0
458,12,12.0,0.005662097100676733,24.23,10.833333333333334,,259.15,500.0,0,0
459,10,10.0,0.00566209709960841,24.0,10.833333333333334,,259.15,500.0,0,0
460,10,10.0,0.005662097098546188,23.74,10.833333333333334,,259.15,500.0,0,0
461,11,11.0,0.00566209709738475,23.44,10.833333333333334,,259.15,500.0,0,0
462,11,11.0,0.0056620970962306056,23.13,10.833333333333334,,259.15,500.0,0,0
463,12,12.0,0.005662097094979804,22.84,10.833333333333334,,259.15,500.0,0,0
464,10,10.0,0.005662097093944017,22.56,10.833333333333334,,259.15,500.0,0,0
465,10,10.0,0.005662097092914145,22.26,10.833333333333334,,259.15,500.0,0,0
466,9,9.0,0.005662097091992289,21.83,10.833333333333334,,259.15,500.0,0,0
467,10,10.0,0.005662097090973563,21.71,10.833333333333334,,259.15,500.0,0,0
468,9,9.0,0.005662097090061685,21.47,10.833333333333334,,259.15,500.0,0,0
469,11,11.0,0.0056620970889535325,21.27,10.833333333333334,,259.15,500.0,0,0
470,10,10.0,0.005662097087952161,21.12,10.833333333333334,,259.15,500.0,0,0
471,11,11.0,0.005662097086857256,20.76,10.833333333333334,,259.15,500.0,0,0
472,9,9.0,0.005662097085966542,20.43,10.833333333333334,,259.15,500.0,0,0
473,10,10.0,0.005662097084982229,20.15,10.833333333333334,,259.15,500.0,0,0
474,10,10.0,0.005662097084003537,19.91,10.833333333333334,,259.15,500.0,0,0
475,10,10.0,0.0056620970830304354,19.7,10.833333333333334,,259.15,500.0,0,0
476,9,9.0,0.005662097082159396,19.15,10.833333333333334,,259.15,500.0,0,0
477,11,11.0,0.005662097081100872,18.69,10.833333333333334,,259.15,500.0,0,0
478,10,10.0,0.005662097080144347,18.52,10.833333333333334,,259.15,500.0,0,0
479,11,11.0,0.005662097079098478,18.43,10.833333333333334,,259.15,500.0,0,0
480,10,10.0,0.005662097078153389,18.21,10.833333333333334,,259.15,500.0,0,0
481,12,12.0,0.005662097077026403,17.92,10.833333333333334,,259.15,500.0,0,0
482,10,10.0,0.005662097076093148,17.64,10.833333333333334,,259.15,500.0,0,0
483,13,13.0,0.005662097074887879,17.46,10.833333333333334,,259.15,500.0,0,0
484,9,9.0,0.005662097074058704,17.19,10.833333333333334,,259.15,500.0,0,0
485,12,12.0,0.005662097072959765,16.97,10.833333333333334,,259.15,500.0,0,0
486,12,12.0,0.005662097071868351,16.72,10.833333333333334,,259.15,500.0,0,0
487,10,10.0,0.005662097070964553,16.46,10.833333333333334,,259.15,500.0,0,0
488,12,12.0,0.005662097069886807,16.29,10.833333333333334,,259.15,500.0,0,0
489,14,14.0,0.005662097068638762,16.04,10.833333333333334,,259.15,500.0,0,0
490,11,11.0,0.005662097067665152,15.87,10.833333333333334,,259.15,500.0,0,0
491,11,11.0,0.005662097066697656,15.57,10.833333333333334,,259.15,500.0,0,0
492,12,12.0,0.005662097065649134,15.49,10.833333333333334,,259.15,500.0,0,0
493,10,10.0,0.005662097064780854,14.82,10.833333333333334,,259.15,500.0,0,0
494,13,13.0,0.005662097063659499,14.66,10.833333333333334,,259.15,500.0,0,0
495,15,15.0,0.00566209706237596,14.34,10.833333333333334,,259.15,500.0,0,0
496,10,10.0,0.005662097061526374,14.23,10.833333333333334,,259.15,500.0,0,0
497,13,13.0,0.00566209706042916,14.0,10.833333333333334,,259.15,500.0,0,0
498,13,13.0,0.005662097059340086,13.74,10.833333333333334,,259.15,500.0,0,0
499,17,17.0,0.0056620970579280925,13.55,12.433333333333334,42|49|56|63|70|77|84|91|98|105|112|119|126|133|140|147|154|161|168|175|182|189|196|203|210|217|224|231|238|245,259.15,500.0,0,0
500,14,14.0,0.005662097056775553,13.34,12.433333333333334,,259.15,500.0,0,0
501,13,13.0,0.005662097055713581,13.15,12.433333333333334,,259.15,500.0,0,0
502,10,10.0,0.0056620970549020435,12.91,12.433333333333334,,259.15,500.0,0,0
503,15,15.0,0.005662097053693418,12.71,12.433333333333334,,259.15,500.0,0,0
504,15,15.0,0.005662097052495132,12.39,12.433333333333334,,259.15,500.0,0,0
505,11,11.0,0.005662097051622909,12.15,12.433333333333334,,259.15,500.0,0,0
506,12,12.0,0.005662097050677638,11.82,12.433333333333334,,259.15,500.0,0,0
507,13,13.0,0.0056620970496609,11.55,12.433333333333334,,259.15,500.0,0,0
508,16,16.0,0.005662097048419878,11.55,12.433333333333334,,259.15,500.0,0,0
509,13,13.0,0.005662097047419888,11.52,12.433333333333334,,259.15,500.0,0,0
510,14,14.0,0.00566209704635127,11.5,12.433333333333334,,259.15,500.0,0,0
511,13,13.0,0.005662097045366624,11.53,12.433333333333334,,259.15,500.0,0,0
512,14,14.0,0.005662097044314404,11.46,12.433333333333334,,259.15,500.0,0,0
513,15,15.0,0.005662097043196348,11.48,12.433333333333334,,259.15,500.0,0,0
514,15,15.0,0.005662097042087857,11.48,12.433333333333334,,259.15,500.0,0,0
515,15,15.0,0.005662097040988848,11.51,12.433333333333334,,259.15,500.0,0,0
516,14,14.0,0.00566209703997159,11.55,12.433333333333334,,259.15,500.0,0,0
517,16,16.0,0.005662097038818953,11.58,12.433333333333334,,259.15,500.0,0,0
518,19,19.0,0.005662097037463845,11.64,12.433333333333334,,259.15,500.0,0,0
519,13,13.0,0.005662097036545126,11.64,12.433333333333334,,259.15,500.0,0,0
520,17,17.0,0.005662097035354,11.71,12.433333333333334,,259.15,500.0,0,0
521,16,16.0,0.005662097034243484,11.75,12.433333333333334,,259.15,500.0,0,0
522,16,16.0,0.005662097033143099,11.82,12.433333333333334,,259.15,500.0,0,0
523,20,20.0,0.005662097031781722,11.92,12.433333333333334,,259.15,500.0,0,0
524,18,18.0,0.005662097030569745,11.98,12.433333333333334,,259.15,500.0,0,0
525,21,21.0,0.005662097029171473,12.09,12.433333333333334,,259.15,500.0,0,0
526,18,18.0,0.005662097027986267,12.16,12.433333333333334,,259.15,500.0,0,0
527,15,15.0,0.005662097027007888,12.19,12.433333333333334,,259.15,500.0,0,0
528,19,19.0,0.005662097025780611,12.27,12.433333333333334,,259.15,500.0,0,0
529,19,19.0,0.0056620970245666175,12.35,12.433333333333334,,259.15,500.0,0,0
530,18,18.0,0.005662097023428641,12.42,12.433333333333334,,259.15,500.0,0,0
531,19,19.0,0.005662097022240103,12.49,12.433333333333334,,259.15,500.0,0,0
532,17,17.0,0.005662097021187582,12.56,12.433333333333334,,259.15,500.0,0,0
533,21,21.0,0.0056620970199014785,12.66,12.433333333333334,,259.15,500.0,0,0
534,16,16.0,0.00566209701893192,12.72,12.433333333333334,,259.15,500.0,0,0
535,17,17.0,0.005662097017911453,12.78,12.433333333333334,,259.15,500.0,0,0
536,18,18.0,0.005662097016841733,12.82,12.433333333333334,,259.15,500.0,0,0
537,17,17.0,0.0056620970158415196,12.89,12.433333333333334,,259.15,500.0,0,0
538,18,18.0,0.00566209701479303,12.96,12.433333333333334,,259.15,500.0,0,0
539,20,20.0,0.005662097013640649,13.04,12.433333333333334,,259.15,500.0,0,0
540,18,18.0,0.005662097012614733,13.11,12.433333333333334,,259.15,500.0,0,0
541,20,20.0,0.0056620970114871615,13.2,12.433333333333334,,259.15,500.0,0,0
542,44,44.0,0.005662097009051504,13.5,12.433333333333334,,259.15,500.0,0,0
543,26,26.0,0.00566209700764084,13.67,12.433333333333334,,259.15,500.0,0,0
544,26,26.0,0.005662097006251027,13.81,12.433333333333334,,259.15,500.0,0,0
545,90,90.0,0.005662097001596849,14.6,12.433333333333334,,259.15,500.0,0,0
546,19,19.0,0.005662097000644597,14.68,12.433333333333334,,259.15,500.0,0,0
547,24,24.0,0.00566209699945647,14.78,12.433333333333334,,259.15,500.0,0,0
548,92,92.0,0.005662096995050316,15.59,12.433333333333334,,259.15,500.0,0,0
549,103,103.0,0.005662096990385119,16.51,89.0,42|49|56|63|70|77|84|91|98|105|112|119|126|133|140|147|154|161|168|175|182|189|196|203|210|217|224|231|238|245,259.15,500.0,0,0
550,101,101.0,0.0056620969860701215,17.41,89.0,,259.15,500.0,0,0
551,98,98.0,0.0056620969821152495,18.29,89.0,,259.15,500.0,0,0
552,103,103.0,0.0056620969781910465,19.22,89.0,,259.15,500.0,0,0
553,101,101.0,0.0056620969745614196,20.09,89.0,,259.15,500.0,0,0
554,106,106.0,0.005662096970971304,21.03,89.0,,259.15,500.0,0,0
555,103,103.0,0.00566209696768549,21.98,89.0,,259.15,500.0,0,0
556,112,112.0,0.005662096964325823,23.0,89.0,,259.15,500.0,0,0
557,125,125.0,0.0056620969608220904,24.16,89.0,,259.15,500.0,0,0
558,136,136.0,0.005662096957284424,25.4,89.0,,259.15,500.0,0,0
559,138,138.0,0.005662096953965606,26.68,89.0,,259.15,500.0,0,0
560,145,145.0,0.005662096950749816,28.03,89.0,,259.15,500.0,0,0
561,131,131.0,0.005662096948065446,29.23,89.0,,259.15,500.0,0,0
562,142,142.0,0.005662096945374377,30.54,89.0,,259.15,500.0,0,0
563,141,141.0,0.005662096942910281,31.83,89.0,,259.15,500.0,0,0
564,500,500.0,0.0056620969356148115,36.73,89.0,,259.15,500.0,0,0
565,500,500.0,0.0056620969301360196,41.63,89.0,,259.15,500.0,0,0
566,500,500.0,0.005662096926021525,46.54,89.0,,259.15,500.0,0,0
567,500,500.0,0.005662096922931599,51.44,89.0,,259.15,500.0,0,0
568,500,500.0,0.00566209692061111,56.35,89.0,,259.15,500.0,0,0
569,500,500.0,0.005662096918868455,61.24,89.0,,259.15,500.0,0,0
570,500,500.0,0.005662096917559748,66.14,89.0,,259.15,500.0,0,0
571,500,500.0,0.0056620969165769265,71.03,89.0,,259.15,500.0,0,0
572,500,500.0,0.005662096915838842,75.94,89.0,,259.15,500.0,0,0
573,500,500.0,0.005662096915284551,80.84,89.0,,259.15,500.0,0,0
574,500,500.0,0.005662096914868287,85.74,89.0,,259.15,500.0,0,0
575,500,500.0,0.005662096914555679,90.64,89.0,,259.15,500.0,0,0
576,500,500.0,0.005662096914320914,95.55,89.0,,259.15,500.0,0,0
577,500,500.0,0.00566209691414461,100.44,89.0,,259.15,500.0,0,0
578,500,500.0,0.005662096914012207,105.34,89.0,,259.15,500.0,0,0
579,500,500.0,0.0056620969139127755,110.23,89.0,,259.15,500.0,0,0
580,500,500.0,0.0056620969138381026,115.13,89.0,,259.15,500.0,0,0
581,500,500.0,0.005662096913782025,120.01,89.0,,259.15,500.0,0,0
582,500,500.0,0.005662096913739912,124.91,89.0,,259.15,500.0,0,0
583,500,500.0,0.0056620969137082845,129.78,89.0,,259.15,500.0,0,0
584,500,500.0,0.0056620969136845336,134.69,89.0,,259.15,500.0,0,0
585,500,500.0,0.005662096913666697,139.57,89.0,,259.15,500.0,0,0
586,500,500.0,0.005662096913653302,144.45,89.0,,259.15,500.0,0,0
587,500,500.0,0.005662096913643242,149.35,89.0,,259.15,500.0,0,0
588,500,500.0,0.005662096913635687,154.23,89.0,,259.15,500.0,0,0
589,500,500.0,0.005662096913630014,159.09,89.0,,259.15,500.0,0,0
590,500,500.0,0.005662096913625753,163.98,89.0,,259.15,500.0,0,0
591,500,500.0,0.005662096913622554,168.87,89.0,,259.15,500.0,0,0
592,500,500.0,0.005662096913620151,173.75,89.0,,259.15,500.0,0,0
593,500,500.0,0.005662096913618346,178.65,89.0,,259.15,500.0,0,0
594,500,500.0,0.005662096913616991,183.52,89.0,,259.15,500.0,0,0
595,500,500.0,0.005662096913615974,188.37,89.0,,259.15,500.0,0,0
596,500,500.0,0.005662096913615209,193.27,89.0,,259.15,500.0,0,0
597,500,500.0,0.0056620969136146355,198.14,89.0,,259.15,500.0,0,0
598,500,500.0,0.005662096913614204,203.01,89.0,,259.15,500.0,0,0
599,500,500.0,0.005662096913613881,207.84,500.0,42|49|56|63|70|77|84|91|98|105|112|119|126|133|140|147|154|161|168|175|182|189|196|203|210|217|224|231|238|245,259.15,500.0,0,0
600,500,500.0,0.005662096913613637,212.7,500.0,,259.15,500.0,0,0
601,500,500.0,0.005662096913613455,217.57,500.0,,259.15,500.0,0,0
602,500,500.0,0.005662096913613318,222.47,500.0,,259.15,500.0,0,0
603,500,500.0,0.005662096913613215,227.32,500.0,,259.15,500.0,0,0
604,500,500.0,0.0056620969136131375,232.17,500.0,,259.15,500.0,0,0
605,500,500.0,0.005662096913613079,237.06,500.0,,259.15,500.0,0,0
606,500,500.0,0.005662096913613036,241.94,500.0,,259.15,500.0,0,0
607,500,500.0,0.005662096913613003,246.81,500.0,,259.15,500.0,0,0
608,500,500.0,0.005662096913612979,251.65,500.0,,259.15,500.0,0,0
609,500,500.0,0.00566209691361296,256.52,500.0,,259.15,500.0,0,0
610,500,500.0,0.005662096913612946,261.38,500.0,,261.38,500.0,1,0
611,500,500.0,0.0056620969136129354,266.25,500.0,,266.25,500.0,1,0
612,500,500.0,0.005662096913612928,271.11,500.0,,271.11,500.0,1,0
613,500,500.0,0.005662096913612922,275.96,500.0,,275.96,500.0,1,0
614,500,500.0,0.005662096913612917,280.81,500.0,,280.81,500.0,1,0
615,500,500.0,0.005662096913612915,285.66,500.0,,285.66,500.0,1,0
616,500,500.0,0.005662096913612912,290.52,500.0,,290.52,500.0,1,0
617,500,500.0,0.005662096913612909,295.36,500.0,,295.36,500.0,1,0
618,500,500.0,0.0056620969136129086,300.17,500.0,,300.17,500.0,1,0
619,500,500.0,0.005662096913612908,305.04,500.0,,305.04,500.0,1,0
620,500,500.0,0.005662096913612907,309.87,500.0,,309.87,500.0,1,0
621,500,500.0,0.005662096913612906,314.71,500.0,,314.71,500.0,1,0
622,500,500.0,0.005662096913612906,319.55,500.0,,319.55,500.0,1,0
623,500,500.0,0.005662096913612905,324.35,500.0,,324.35,500.0,1,0
624,500,500.0,0.005662096913612905,329.17,500.0,,329.17,500.0,1,0
625,500,500.0,0.005662096913612905,333.96,500.0,,333.96,500.0,1,0
626,500,500.0,0.005662096913612904,338.78,500.0,,338.78,500.0,1,0
627,500,500.0,0.005662096913612904,343.63,500.0,,343.63,500.0,1,0
628,500,500.0,0.005662096913612904,348.44,500.0,,348.44,500.0,1,0
629,500,500.0,0.005662096913612904,353.25,500.0,,353.25,500.0,1,0
630,500,500.0,0.005662096913612904,358.07,500.0,,358.07,500.0,1,0
631,500,500.0,0.005662096913612904,362.88,500.0,,362.88,500.0,1,0
632,500,500.0,0.005662096913612904,367.71,500.0,,367.71,500.0,1,0
633,500,500.0,0.005662096913612904,372.5,500.0,,372.5,500.0,1,0
634,500,500.0,0.005662096913612904,377.34,500.0,,377.34,500.0,1,0
635,500,500.0,0.005662096913612904,382.17,500.0,,382.17,500.0,1,0
636,500,500.0,0.005662096913612904,386.99,500.0,,386.99,500.0,1,0
637,500,500.0,0.005662096913612904,391.82,500.0,,391.82,500.0,1,0
638,500,500.0,0.005662096913612904,396.64,500.0,,396.64,500.0,1,0
639,500,500.0,0.005662096913612904,401.44,500.0,,401.44,500.0,1,0
640,500,500.0,0.005662096913612904,406.26,500.0,,406.26,500.0,1,0
641,500,500.0,0.005662096913612904,411.06,500.0,,411.06,500.0,1,0
642,500,500.0,0.005662096913612904,415.62,500.0,,415.62,500.0,1,0
643,500,500.0,0.005662096913612904,420.36,500.0,,420.36,500.0,1,0
644,500,500.0,0.005662096913612904,425.1,500.0,,425.1,500.0,1,0
645,500,500.0,0.005662096913612904,429.2,500.0,,429.2,500.0,1,0
646,500,500.0,0.005662096913612904,434.01,500.0,,434.01,500.0,1,0
647,500,500.0,0.005662096913612904,438.77,500.0,,438.77,500.0,1,0
648,187,187.0,0.005662096913612904,439.72,500.0,,439.72,500.0,1,0
649,500,500.0,0.005662096913612904,443.69,500.0,42|49|56|63|70|77|84|91|98|105|112|119|126|133|140|147|154|161|168|175|182|189|196|203|210|217|224|231|238|245,443.69,500.0,1,0
650,500,500.0,0.005662096913612904,447.68,500.0,,447.68,500.0,1,0
651,386,386.0,0.005662096913612904,450.56,500.0,,450.56,500.0,1,0
652,500,500.0,0.005662096913612904,454.53,500.0,,454.53,500.0,1,0
653,500,500.0,0.005662096913612904,458.52,500.0,,458.52,500.0,1,0
654,301,301.0,0.005662096913612904,460.47,500.0,,460.47,500.0,1,0
655,500,500.0,0.005662096913612904,464.44,500.0,,464.44,500.0,1,0
656,33,33.0,0.005662096913612904,463.65,500.0,,464.44,500.0,0,0
657,36,36.0,0.005662096913612904,462.76,500.0,,464.44,500.0,0,0
658,57,57.0,0.005662096913612904,461.97,500.0,,464.44,500.0,0,0
659,42,42.0,0.005662096913612904,461.01,500.0,,464.44,500.0,0,0
660,168,168.0,0.005662096913612904,461.24,500.0,,464.44,500.0,0,0
661,35,35.0,0.005662096913612904,460.28,500.0,,464.44,500.0,0,0
662,98,98.0,0.005662096913612904,459.84,500.0,,464.44,500.0,0,0
663,169,169.0,0.005662096913612904,460.12,500.0,,464.44,500.0,0,0
664,142,142.0,0.005662096913612904,456.54,500.0,,464.44,500.0,0,0
665,390,390.0,0.005662096913612904,455.44,500.0,,464.44,500.0,0,0
666,33,33.0,0.005662096913612904,450.77,500.0,,464.44,500.0,0,0
667,38,38.0,0.005662096913612904,446.15,500.0,,464.44,500.0,0,0
668,26,26.0,0.005662096913612904,441.41,500.0,,464.44,500.0,0,0
669,264,264.0,0.005662096913612904,439.05,500.0,,464.44,500.0,0,0
670,46,46.0,0.005662096913612904,434.51,500.0,,464.44,500.0,0,0
671,252,252.0,0.005662096913612904,432.03,500.0,,464.44,500.0,0,0
672,448,448.0,0.005662096913612904,431.51,500.0,,464.44,500.0,0,0
673,275,275.0,0.005662096913612904,429.26,500.0,,464.44,500.0,0,0
674,155,155.0,0.005662096913612904,425.81,500.0,,464.44,500.0,0,0
675,44,44.0,0.005662096913612904,421.25,500.0,,464.44,500.0,0,0
676,36,36.0,0.005662096913612904,416.61,500.0,,464.44,500.0,0,0
677,93,93.0,0.005662096913612904,412.54,500.0,,464.44,500.0,0,0
678,87,87.0,0.005662096913612904,408.41,500.0,,464.44,500.0,0,0
679,250,250.0,0.005662096913612904,405.91,500.0,,464.44,500.0,0,0
680,35,35.0,0.005662096913612904,401.26,500.0,,464.44,500.0,0,0
681,39,39.0,0.005662096913612904,396.65,500.0,,464.44,500.0,0,0
682,61,61.0,0.005662096913612904,392.26,500.0,,464.44,500.0,0,0
683,206,206.0,0.005662096913612904,389.32,500.0,,464.44,500.0,0,0
684,35,35.0,0.005662096913612904,384.67,500.0,,464.44,500.0,0,0
685,43,43.0,0.005662096913612904,380.1,500.0,,464.44,500.0,0,0
686,312,312.0,0.005662096913612904,378.22,500.0,,464.44,500.0,0,0
687,17,17.0,0.005662096913612904,373.39,500.0,,464.44,500.0,0,0
688,51,51.0,0.005662096913612904,368.9,500.0,,464.44,500.0,0,0
689,13,13.0,0.005662096913612904,364.03,500.0,,464.44,500.0,0,0
690,14,14.0,0.005662096913612904,359.17,500.0,,464.44,500.0,0,0
691,36,36.0,0.005662096913612904,354.53,500.0,,464.44,500.0,0,0
692,500,500.0,0.005662096913612904,354.53,500.0,,464.44,500.0,0,0
693,234,234.0,0.005662096913612904,351.87,500.0,,464.44,500.0,0,0
694,14,14.0,0.005662096913612904,347.01,500.0,,464.44,500.0,0,0
695,14,14.0,0.005662096913612904,342.15,500.0,,464.44,500.0,0,0
696,421,421.0,0.005662096913612904,341.36,500.0,,464.44,500.0,0,0
697,42,42.0,0.005662096913612904,336.78,500.0,,464.44,500.0,0,0
698,500,500.0,0.005662096913612904,336.78,500.0,,464.44,500.0,0,0
699,14,14.0,0.005662096913612904,331.92,329.03333333333336,42|49|56|63|70|77|84|91|98|105|112|119|126|133|140|147|154|161|168|175|182|189|196|203|210|217|224|231|238|245,464.44,500.0,0,0
700,17,17.0,0.005662096913612904,327.09,329.03333333333336,,464.44,500.0,0,0
701,500,500.0,0.005662096913612904,327.09,329.03333333333336,,464.44,500.0,0,0
702,15,15.0,0.005662096913612904,322.24,329.03333333333336,,464.44,500.0,0,0
703,45,45.0,0.005662096913612904,317.69,329.03333333333336,,464.44,500.0,0,0
704,15,15.0,0.005662096913612904,312.84,329.03333333333336,,464.44,500.0,0,0
705,500,500.0,0.005662096913612904,312.84,329.03333333333336,,464.44,500.0,0,0
706,500,500.0,0.005662096913612904,312.84,329.03333333333336,,464.44,500.0,0,0
707,13,13.0,0.005662096913612904,307.97,329.03333333333336,,464.44,500.0,0,0
708,16,16.0,0.005662096913612904,303.13,329.03333333333336,,464.44,500.0,0,0
709,13,13.0,0.005662096913612904,298.26,329.03333333333336,,464.44,500.0,0,0
710,60,60.0,0.005662096913612904,293.86,329.03333333333336,,464.44,500.0,0,0
711,12,12.0,0.005662096913612904,288.98,329.03333333333336,,464.44,500.0,0,0
712,14,14.0,0.005662096913612904,284.12,329.03333333333336,,464.44,500.0,0,0
713,14,14.0,0.005662096913612904,279.26,329.03333333333336,,464.44,500.0,0,0
714,13,13.0,0.005662096913612904,274.39,329.03333333333336,,464.44,500.0,0,0
715,60,60.0,0.005662096913612904,269.99,329.03333333333336,,464.44,500.0,0,0
716,13,13.0,0.005662096913612904,265.12,329.03333333333336,,464.44,500.0,0,0
717,15,15.0,0.005662096913612904,260.27,329.03333333333336,,464.44,500.0,0,0
718,19,19.0,0.005662096913612904,255.46,329.03333333333336,,464.44,500.0,0,0
719,14,14.0,0.005662096913612904,250.6,329.03333333333336,,464.44,500.0,0,0
720,14,14.0,0.005662096913612904,245.74,329.03333333333336,,464.44,500.0,0,0
721,14,14.0,0.005662096913612904,240.88,329.03333333333336,,464.44,500.0,0,0
722,13,13.0,0.005662096913612904,236.01,329.03333333333336,,464.44,500.0,0,0
723,15,15.0,0.005662096913612904,231.16,329.03333333333336,,464.44,500.0,0,0
724,16,16.0,0.005662096913612904,226.32,329.03333333333336,,464.44,500.0,0,0
725,13,13.0,0.005662096913612904,221.45,329.03333333333336,,464.44,500.0,0,0
726,15,15.0,0.005662096913612904,216.6,329.03333333333336,,464.44,500.0,0,0
727,13,13.0,0.005662096913612904,211.73,329.03333333333336,,464.44,500.0,0,0
728,12,12.0,0.005662096913612904,206.85,329.03333333333336,,464.44,500.0,0,0
729,14,14.0,0.005662096913612904,201.99,329.03333333333336,,464.44,500.0,0,0
730,65,65.0,0.005662096913612904,197.64,329.03333333333336,,464.44,500.0,0,0
731,14,14.0,0.005662096913612904,192.78,329.03333333333336,,464.44,500.0,0,0
732,15,15.0,0.005662096913612904,187.93,329.03333333333336,,464.44,500.0,0,0
733,15,15.0,0.005662096913612904,183.08,329.03333333333336,,464.44,500.0,0,0
734,19,19.0,0.005662096913612904,178.27,329.03333333333336,,464.44,500.0,0,0
735,14,14.0,0.005662096913612904,173.41,329.03333333333336,,464.44,500.0,0,0
736,17,17.0,0.005662096913612904,168.58,329.03333333333336,,464.44,500.0,0,0
737,12,12.0,0.005662096913612904,163.7,329.03333333333336,,464.44,500.0,0,0
738,16,16.0,0.005662096913612904,158.86,329.03333333333336,,464.44,500.0,0,0
739,15,15.0,0.005662096913612904,154.01,329.03333333333336,,464.44,500.0,0,0
740,15,15.0,0.005662096913612904,149.16,329.03333333333336,,464.44,500.0,0,0
741,16,16.0,0.005662096913612904,144.32,329.03333333333336,,464.44,500.0,0,0
742,15,15.0,0.005662096913612904,139.47,329.03333333333336,,464.44,500.0,0,0
743,15,15.0,0.005662096913612904,134.62,329.03333333333336,,464.44,500.0,0,0
744,17,17.0,0.005662096913612904,129.79,329.03333333333336,,464.44,500.0,0,0
745,15,15.0,0.005662096913612904,124.94,329.03333333333336,,464.44,500.0,0,0
746,82,82.0,0.005662096913612904,120.76,329.03333333333336,,464.44,500.0,0,0
747,15,15.0,0.005662096913612904,115.91,329.03333333333336,,464.44,500.0,0,0
748,14,14.0,0.005662096913612904,114.18,329.03333333333336,,464.44,500.0,0,0
749,19,19.0,0.005662096913612904,109.37,13.6,42|49|56|63|70|77|84|91|98|105|112|119|126|133|140|147|154|161|168|175|182|189|196|203|210|217|224|231|238|245,464.44,500.0,0,0
750,24,24.0,0.005662096913612904,104.61,13.6,,464.44,500.0,0,0
751,90,90.0,0.005662096913612904,101.65,13.6,,464.44,500.0,0,0
752,15,15.0,0.005662096913612904,96.8,13.6,,464.44,500.0,0,0
753,17,17.0,0.005662096913612904,91.97,13.6,,464.44,500.0,0,0
754,16,16.0,0.005662096913612904,89.12,13.6,,464.44,500.0,0,0
755,246,246.0,0.005662096913612904,86.58,13.6,,464.44,500.0,0,0
756,14,14.0,0.005662096913612904,86.39,13.6,,464.44,500.0,0,0
757,13,13.0,0.005662096913612904,86.16,13.6,,464.44,500.0,0,0
758,15,15.0,0.005662096913612904,85.74,13.6,,464.44,500.0,0,0
759,16,16.0,0.005662096913612904,85.48,13.6,,464.44,500.0,0,0
760,19,19.0,0.005662096913612904,83.99,13.6,,464.44,500.0,0,0
761,13,13.0,0.005662096913612904,83.77,13.6,,464.44,500.0,0,0
762,15,15.0,0.005662096913612904,82.94,13.6,,464.44,500.0,0,0
763,15,15.0,0.005662096913612904,81.4,13.6,,464.44,500.0,0,0
764,13,13.0,0.005662096913612904,80.11,13.6,,464.44,500.0,0,0
765,17,17.0,0.005662096913612904,76.38,13.6,,464.44,500.0,0,0
766,15,15.0,0.005662096913612904,76.2,13.6,,464.44,500.0,0,0
767,15,15.0,0.005662096913612904,75.97,13.6,,464.44,500.0,0,0
768,18,18.0,0.005662096913612904,75.89,13.6,,464.44,500.0,0,0
769,16,16.0,0.005662096913612904,73.41,13.6,,464.44,500.0,0,0
770,13,13.0,0.005662096913612904,73.08,13.6,,464.44,500.0,0,0
771,14,14.0,0.005662096913612904,70.7,13.6,,464.44,500.0,0,0
772,14,14.0,0.005662096913612904,66.36,13.6,,464.44,500.0,0,0
773,18,18.0,0.005662096913612904,63.79,13.6,,464.44,500.0,0,0
774,15,15.0,0.005662096913612904,62.39,13.6,,464.44,500.0,0,0
775,18,18.0,0.005662096913612904,62.13,13.6,,464.44,500.0,0,0
776,12,12.0,0.005662096913612904,61.89,13.6,,464.44,500.0,0,0
777,81,81.0,0.005662096913612904,61.77,13.6,,464.44,500.0,0,0
778,12,12.0,0.005662096913612904,61.02,13.6,,464.44,500.0,0,0
779,15,15.0,0.005662096913612904,58.67,13.6,,464.44,500.0,0,0
780,16,16.0,0.005662096913612904,58.48,13.6,,464.44,500.0,0,0
781,18,18.0,0.005662096913612904,58.27,13.6,,464.44,500.0,0,0
782,14,14.0,0.005662096913612904,57.8,13.6,,464.44,500.0,0,0
783,18,18.0,0.005662096913612904,55.92,13.6,,464.44,500.0,0,0
784,13,13.0,0.005662096913612904,55.7,13.6,,464.44,500.0,0,0
785,14,14.0,0.005662096913612904,55.41,13.6,,464.44,500.0,0,0
786,103,103.0,0.005662096913612904,53.32,13.6,,464.44,500.0,0,0
787,14,14.0,0.005662096913612904,53.29,13.6,,464.44,500.0,0,0
788,15,15.0,0.005662096913612904,52.93,13.6,,464.44,500.0,0,0
789,15,15.0,0.005662096913612904,52.95,13.6,,464.44,500.0,0,0
790,90,90.0,0.005662096913612904,53.71,13.6,,464.44,500.0,0,0
791,16,16.0,0.005662096913612904,53.51,13.6,,464.44,500.0,0,0
792,92,92.0,0.005662096913612904,49.43,13.6,,464.44,500.0,0,0
793,106,106.0,0.005662096913612904,48.15,13.6,,464.44,500.0,0,0
794,22,22.0,0.005662096913612904,48.23,13.6,,464.44,500.0,0,0
795,18,18.0,0.005662096913612904,48.27,13.6,,464.44,500.0,0,0
796,21,21.0,0.005662096913612904,44.27,13.6,,464.44,500.0,0,0
797,15,15.0,0.005662096913612904,44.0,13.6,,464.44,500.0,0,0
798,17,17.0,0.005662096913612904,39.17,13.6,,464.44,500.0,0,0
799,20,20.0,0.005662096913612904,39.23,31.833333333333332,42|49|56|63|70|77|84|91|98|105|112|119|126|133|140|147|154|161|168|175|182|189|196|203|210|217|224|231|238|245,464.44,500.0,0,0
800,19,19.0,0.005662096913612904,39.25,31.833333333333332,,464.44,500.0,0,0
801,24,24.0,0.005662096913612904,34.49,31.833333333333332,,464.44,500.0,0,0
802,16,16.0,0.005662096913612904,34.5,31.833333333333332,,464.44,500.0,0,0
803,107,107.0,0.005662096913612904,35.12,31.833333333333332,,464.44,500.0,0,0
804,19,19.0,0.005662096913612904,35.16,31.833333333333332,,464.44,500.0,0,0
805,21,21.0,0.005662096913612904,30.37,31.833333333333332,,464.44,500.0,0,0
806,16,16.0,0.005662096913612904,25.53,31.833333333333332,,464.44,500.0,0,0
807,16,16.0,0.005662096913612904,25.56,31.833333333333332,,464.44,500.0,0,0
808,24,24.0,0.005662096913612904,25.64,31.833333333333332,,464.44,500.0,0,0
809,15,15.0,0.005662096913612904,25.66,31.833333333333332,,464.44,500.0,0,0
810,24,24.0,0.005662096913612904,25.3,31.833333333333332,,464.44,500.0,0,0
811,16,16.0,0.005662096913612904,25.34,31.833333333333332,,464.44,500.0,0,0
812,16,16.0,0.005662096913612904,25.36,31.833333333333332,,464.44,500.0,0,0
813,16,16.0,0.005662096913612904,25.38,31.833333333333332,,464.44,500.0,0,0
814,19,19.0,0.005662096913612904,25.44,31.833333333333332,,464.44,500.0,0,0
815,16,16.0,0.005662096913612904,25.0,31.833333333333332,,464.44,500.0,0,0
816,14,14.0,0.005662096913612904,25.01,31.833333333333332,,464.44,500.0,0,0
817,15,15.0,0.005662096913612904,25.01,31.833333333333332,,464.44,500.0,0,0
818,17,17.0,0.005662096913612904,24.99,31.833333333333332,,464.44,500.0,0,0
819,25,25.0,0.005662096913612904,25.1,31.833333333333332,,464.44,500.0,0,0
820,17,17.0,0.005662096913612904,25.13,31.833333333333332,,464.44,500.0,0,0
821,19,19.0,0.005662096913612904,25.18,31.833333333333332,,464.44,500.0,0,0
822,112,112.0,0.005662096913612904,26.17,31.833333333333332,,464.44,500.0,0,0
823,19,19.0,0.005662096913612904,26.21,31.833333333333332,,464.44,500.0,0,0
824,17,17.0,0.005662096913612904,26.22,31.833333333333332,,464.44,500.0,0,0
825,18,18.0,0.005662096913612904,26.27,31.833333333333332,,464.44,500.0,0,0
826,17,17.0,0.005662096913612904,26.29,31.833333333333332,,464.44,500.0,0,0
827,21,21.0,0.005662096913612904,26.37,31.833333333333332,,464.44,500.0,0,0
828,16,16.0,0.005662096913612904,26.41,31.833333333333332,,464.44,500.0,0,0
829,17,17.0,0.005662096913612904,26.44,31.833333333333332,,464.44,500.0,0,0
830,14,14.0,0.005662096913612904,25.93,31.833333333333332,,464.44,500.0,0,0
831,17,17.0,0.005662096913612904,25.96,31.833333333333332,,464.44,500.0,0,0
832,15,15.0,0.005662096913612904,25.96,31.833333333333332,,464.44,500.0,0,0
833,19,19.0,0.005662096913612904,26.0,31.833333333333332,,464.44,500.0,0,0
834,13,13.0,0.005662096913612904,25.94,31.833333333333332,,464.44,500.0,0,0
835,22,22.0,0.005662096913612904,26.02,31.833333333333332,,464.44,500.0,0,0
836,54,54.0,0.005662096913612904,26.39,31.833333333333332,,464.44,500.0,0,0
837,95,95.0,0.005662096913612904,27.22,31.833333333333332,,464.44,500.0,0,0
838,19,19.0,0.005662096913612904,27.25,31.833333333333332,,464.44,500.0,0,0
839,21,21.0,0.005662096913612904,27.31,31.833333333333332,,464.44,500.0,0,0
840,19,19.0,0.005662096913612904,27.35,31.833333333333332,,464.44,500.0,0,0
841,98,98.0,0.005662096913612904,28.17,31.833333333333332,,464.44,500.0,0,0
842,16,16.0,0.005662096913612904,28.18,31.833333333333332,,464.44,500.0,0,0
843,15,15.0,0.005662096913612904,28.18,31.833333333333332,,464.44,500.0,0,0
844,19,19.0,0.005662096913612904,28.2,31.833333333333332,,464.44,500.0,0,0
845,14,14.0,0.005662096913612904,28.19,31.833333333333332,,464.44,500.0,0,0
846,95,95.0,0.005662096913612904,28.32,31.833333333333332,,464.44,500.0,0,0
847,15,15.0,0.005662096913612904,28.32,31.833333333333332,,464.44,500.0,0,0
848,16,16.0,0.005662096913612904,28.34,31.833333333333332,,464.44,500.0,0,0
849,15,15.0,0.005662096913612904,28.3,56.56666666666667,42|49|56|63|70|77|84|91|98|105|112|119|126|133|140|147|154|161|168|175|182|189|196|203|210|217|224|231|238|245,464.44,500.0,0,0
850,18,18.0,0.005662096913612904,28.24,56.56666666666667,,464.44,500.0,0,0
851,14,14.0,0.005662096913612904,27.48,56.56666666666667,,464.44,500.0,0,0
852,14,14.0,0.005662096913612904,27.47,56.56666666666667,,464.44,500.0,0,0
853,18,18.0,0.005662096913612904,27.48,56.56666666666667,,464.44,500.0,0,0
854,15,15.0,0.005662096913612904,27.47,56.56666666666667,,464.44,500.0,0,0
855,12,12.0,0.005662096913612904,25.13,56.56666666666667,,464.44,500.0,0,0
856,13,13.0,0.005662096913612904,25.12,56.56666666666667,,464.44,500.0,0,0
857,13,13.0,0.005662096913612904,25.12,56.56666666666667,,464.44,500.0,0,0
858,20,20.0,0.005662096913612904,25.17,56.56666666666667,,464.44,500.0,0,0
859,17,17.0,0.005662096913612904,25.18,56.56666666666667,,464.44,500.0,0,0
860,20,20.0,0.005662096913612904,25.19,56.56666666666667,,464.44,500.0,0,0
861,17,17.0,0.005662096913612904,25.23,56.56666666666667,,464.44,500.0,0,0
862,21,21.0,0.005662096913612904,25.29,56.56666666666667,,464.44,500.0,0,0
863,20,20.0,0.005662096913612904,25.34,56.56666666666667,,464.44,500.0,0,0
864,16,16.0,0.005662096913612904,25.37,56.56666666666667,,464.44,500.0,0,0
865,15,15.0,0.005662096913612904,25.35,56.56666666666667,,464.44,500.0,0,0
866,20,20.0,0.005662096913612904,25.4,56.56666666666667,,464.44,500.0,0,0
867,22,22.0,0.005662096913612904,25.47,56.56666666666667,,464.44,500.0,0,0
868,21,21.0,0.005662096913612904,25.5,56.56666666666667,,464.44,500.0,0,0
869,19,19.0,0.005662096913612904,25.53,56.56666666666667,,464.44,500.0,0,0
870,18,18.0,0.005662096913612904,25.58,56.56666666666667,,464.44,500.0,0,0
871,18,18.0,0.005662096913612904,25.62,56.56666666666667,,464.44,500.0,0,0
872,12,12.0,0.005662096913612904,25.6,56.56666666666667,,464.44,500.0,0,0
873,17,17.0,0.005662096913612904,25.59,56.56666666666667,,464.44,500.0,0,0
874,22,22.0,0.005662096913612904,25.66,56.56666666666667,,464.44,500.0,0,0
875,30,30.0,0.005662096913612904,25.78,56.56666666666667,,464.44,500.0,0,0
876,12,12.0,0.005662096913612904,25.78,56.56666666666667,,464.44,500.0,0,0
877,17,17.0,0.005662096913612904,25.14,56.56666666666667,,464.44,500.0,0,0
878,25,25.0,0.005662096913612904,25.27,56.56666666666667,,464.44,500.0,0,0
879,18,18.0,0.005662096913612904,25.3,56.56666666666667,,464.44,500.0,0,0
880,23,23.0,0.005662096913612904,25.37,56.56666666666667,,464.44,500.0,0,0
881,17,17.0,0.005662096913612904,25.36,56.56666666666667,,464.44,500.0,0,0
882,15,15.0,0.005662096913612904,25.37,56.56666666666667,,464.44,500.0,0,0
883,20,20.0,0.005662096913612904,25.39,56.56666666666667,,464.44,500.0,0,0
884,18,18.0,0.005662096913612904,25.44,56.56666666666667,,464.44,500.0,0,0
885,14,14.0,0.005662096913612904,25.44,56.56666666666667,,464.44,500.0,0,0
886,19,19.0,0.005662096913612904,24.6,56.56666666666667,,464.44,500.0,0,0
887,15,15.0,0.005662096913612904,24.61,56.56666666666667,,464.44,500.0,0,0
888,25,25.0,0.005662096913612904,24.71,56.56666666666667,,464.44,500.0,0,0
889,19,19.0,0.005662096913612904,24.75,56.56666666666667,,464.44,500.0,0,0
890,15,15.0,0.005662096913612904,24.0,56.56666666666667,,464.44,500.0,0,0
891,19,19.0,0.005662096913612904,24.03,56.56666666666667,,464.44,500.0,0,0
892,38,38.0,0.005662096913612904,23.49,56.56666666666667,,464.44,500.0,0,0
893,16,16.0,0.005662096913612904,22.59,56.56666666666667,,464.44,500.0,0,0
894,38,38.0,0.005662096913612904,22.75,56.56666666666667,,464.44,500.0,0,0
895,29,29.0,0.005662096913612904,22.86,56.56666666666667,,464.44,500.0,0,0
896,16,16.0,0.005662096913612904,22.81,56.56666666666667,,464.44,500.0,0,0
897,22,22.0,0.005662096913612904,22.88,56.56666666666667,,464.44,500.0,0,0
898,27,27.0,0.005662096913612904,22.98,56.56666666666667,,464.44,500.0,0,0
899,20,20.0,0.005662096913612904,22.98,12.6,42|49|56|63|70|77|84|91|98|105|112|119|126|133|140|147|154|161|168|175|182|189|196|203|210|217|224|231|238|245,464.44,500.0,0,0
900,22,22.0,0.005662096913612904,23.01,12.6,,464.44,500.0,0,0
901,12,12.0,0.005662096913612904,22.89,12.6,,464.44,500.0,0,0
902,15,15.0,0.005662096913612904,22.88,12.6,,464.44,500.0,0,0
903,16,16.0,0.005662096913612904,21.97,12.6,,464.44,500.0,0,0
904,17,17.0,0.005662096913612904,21.95,12.6,,464.44,500.0,0,0
905,30,30.0,0.005662096913612904,22.04,12.6,,464.44,500.0,0,0
906,21,21.0,0.005662096913612904,22.09,12.6,,464.44,500.0,0,0
907,13,13.0,0.005662096913612904,22.06,12.6,,464.44,500.0,0,0
908,25,25.0,0.005662096913612904,22.07,12.6,,464.44,500.0,0,0
909,19,19.0,0.005662096913612904,22.11,12.6,,464.44,500.0,0,0
910,27,27.0,0.005662096913612904,22.14,12.6,,464.44,500.0,0,0
911,21,21.0,0.005662096913612904,22.19,12.6,,464.44,500.0,0,0
912,19,19.0,0.005662096913612904,22.22,12.6,,464.44,500.0,0,0
913,21,21.0,0.005662096913612904,22.27,12.6,,464.44,500.0,0,0
914,21,21.0,0.005662096913612904,22.29,12.6,,464.44,500.0,0,0
915,25,25.0,0.005662096913612904,22.38,12.6,,464.44,500.0,0,0
916,18,18.0,0.005662096913612904,22.42,12.6,,464.44,500.0,0,0
917,19,19.0,0.005662096913612904,22.46,12.6,,464.44,500.0,0,0
918,21,21.0,0.005662096913612904,22.5,12.6,,464.44,500.0,0,0
919,29,29.0,0.005662096913612904,22.54,12.6,,464.44,500.0,0,0
920,21,21.0,0.005662096913612904,22.58,12.6,,464.44,500.0,0,0
921,20,20.0,0.005662096913612904,22.59,12.6,,464.44,500.0,0,0
922,26,26.0,0.005662096913612904,21.73,12.6,,464.44,500.0,0,0
923,16,16.0,0.005662096913612904,21.7,12.6,,464.44,500.0,0,0
924,16,16.0,0.005662096913612904,21.69,12.6,,464.44,500.0,0,0
925,20,20.0,0.005662096913612904,21.71,12.6,,464.44,500.0,0,0
926,24,24.0,0.005662096913612904,21.78,12.6,,464.44,500.0,0,0
927,20,20.0,0.005662096913612904,21.77,12.6,,464.44,500.0,0,0
928,19,19.0,0.005662096913612904,21.8,12.6,,464.44,500.0,0,0
929,22,22.0,0.005662096913612904,21.85,12.6,,464.44,500.0,0,0
930,76,76.0,0.005662096913612904,22.47,12.6,,464.44,500.0,0,0
931,34,34.0,0.005662096913612904,22.64,12.6,,464.44,500.0,0,0
932,16,16.0,0.005662096913612904,22.65,12.6,,464.44,500.0,0,0
933,22,22.0,0.005662096913612904,22.68,12.6,,464.44,500.0,0,0
934,18,18.0,0.005662096913612904,22.73,12.6,,464.44,500.0,0,0
935,21,21.0,0.005662096913612904,22.72,12.6,,464.44,500.0,0,0
936,20,20.0,0.005662096913612904,22.38,12.6,,464.44,500.0,0,0
937,17,17.0,0.005662096913612904,21.6,12.6,,464.44,500.0,0,0
938,14,14.0,0.005662096913612904,21.55,12.6,,464.44,500.0,0,0
939,19,19.0,0.005662096913612904,21.53,12.6,,464.44,500.0,0,0
940,60,60.0,0.005662096913612904,21.94,12.6,,464.44,500.0,0,0
941,19,19.0,0.005662096913612904,21.15,12.6,,464.44,500.0,0,0
942,49,49.0,0.005662096913612904,21.48,12.6,,464.44,500.0,0,0
943,17,17.0,0.005662096913612904,21.5,12.6,,464.44,500.0,0,0
944,33,33.0,0.005662096913612904,21.64,12.6,,464.44,500.0,0,0
945,29,29.0,0.005662096913612904,21.79,12.6,,464.44,500.0,0,0
946,122,122.0,0.005662096913612904,22.06,12.6,,464.44,500.0,0,0
947,16,16.0,0.005662096913612904,22.07,12.6,,464.44,500.0,0,0
948,33,33.0,0.005662096913612904,22.24,12.6,,464.44,500.0,0,0
949,19,19.0,0.005662096913612904,22.28,12.2,42|49|56|63|70|77|84|91|98|105|112|119|126|133|140|147|154|161|168|175|182|189|196|203|210|217|224|231|238|245,464.44,500.0,0,0
950,16,16.0,0.005662096913612904,22.26,12.2,,464.44,500.0,0,0
951,14,14.0,0.005662096913612904,22.26,12.2,,464.44,500.0,0,0
952,38,38.0,0.005662096913612904,22.5,12.2,,464.44,500.0,0,0
953,15,15.0,0.005662096913612904,22.47,12.2,,464.44,500.0,0,0
954,21,21.0,0.005662096913612904,22.53,12.2,,464.44,500.0,0,0
955,13,13.0,0.005662096913612904,22.54,12.2,,464.44,500.0,0,0
956,20,20.0,0.005662096913612904,22.61,12.2,,464.44,500.0,0,0
957,29,29.0,0.005662096913612904,22.77,12.2,,464.44,500.0,0,0
958,21,21.0,0.005662096913612904,22.78,12.2,,464.44,500.0,0,0
959,22,22.0,0.005662096913612904,22.83,12.2,,464.44,500.0,0,0
960,22,22.0,0.005662096913612904,22.85,12.2,,464.44,500.0,0,0
961,16,16.0,0.005662096913612904,22.84,12.2,,464.44,500.0,0,0
962,20,20.0,0.005662096913612904,22.83,12.2,,464.44,500.0,0,0
963,17,17.0,0.005662096913612904,22.8,12.2,,464.44,500.0,0,0
964,20,20.0,0.005662096913612904,22.84,12.2,,464.44,500.0,0,0
965,41,41.0,0.005662096913612904,23.1,12.2,,464.44,500.0,0,0
966,24,24.0,0.005662096913612904,23.14,12.2,,464.44,500.0,0,0
967,20,20.0,0.005662096913612904,23.12,12.2,,464.44,500.0,0,0
968,16,16.0,0.005662096913612904,23.07,12.2,,464.44,500.0,0,0
969,23,23.0,0.005662096913612904,23.11,12.2,,464.44,500.0,0,0
970,19,19.0,0.005662096913612904,23.12,12.2,,464.44,500.0,0,0
971,25,25.0,0.005662096913612904,23.19,12.2,,464.44,500.0,0,0
972,19,19.0,0.005662096913612904,23.26,12.2,,464.44,500.0,0,0
973,18,18.0,0.005662096913612904,23.27,12.2,,464.44,500.0,0,0
974,47,47.0,0.005662096913612904,23.52,12.2,,464.44,500.0,0,0
975,22,22.0,0.005662096913612904,23.44,12.2,,464.44,500.0,0,0
976,21,21.0,0.005662096913612904,23.53,12.2,,464.44,500.0,0,0
977,19,19.0,0.005662096913612904,23.55,12.2,,464.44,500.0,0,0
978,21,21.0,0.005662096913612904,23.51,12.2,,464.44,500.0,0,0
979,32,32.0,0.005662096913612904,23.65,12.2,,464.44,500.0,0,0
980,23,23.0,0.005662096913612904,23.65,12.2,,464.44,500.0,0,0
981,26,26.0,0.005662096913612904,23.74,12.2,,464.44,500.0,0,0
982,32,32.0,0.005662096913612904,23.91,12.2,,464.44,500.0,0,0
983,32,32.0,0.005662096913612904,24.03,12.2,,464.44,500.0,0,0
984,13,13.0,0.005662096913612904,23.98,12.2,,464.44,500.0,0,0
985,18,18.0,0.005662096913612904,24.02,12.2,,464.44,500.0,0,0
986,24,24.0,0.005662096913612904,24.07,12.2,,464.44,500.0,0,0
987,27,27.0,0.005662096913612904,24.19,12.2,,464.44,500.0,0,0
988,77,77.0,0.005662096913612904,24.71,12.2,,464.44,500.0,0,0
989,22,22.0,0.005662096913612904,24.74,12.2,,464.44,500.0,0,0
990,18,18.0,0.005662096913612904,24.77,12.2,,464.44,500.0,0,0
991,26,26.0,0.005662096913612904,24.84,12.2,,464.44,500.0,0,0
992,29,29.0,0.005662096913612904,24.75,12.2,,464.44,500.0,0,0
993,79,79.0,0.005662096913612904,25.38,12.2,,464.44,500.0,0,0
994,34,34.0,0.005662096913612904,25.34,12.2,,464.44,500.0,0,0
995,43,43.0,0.005662096913612904,25.48,12.2,,464.44,500.0,0,0
996,33,33.0,0.005662096913612904,25.65,12.2,,464.44,500.0,0,0
997,33,33.0,0.005662096913612904,25.76,12.2,,464.44,500.0,0,0
998,17,17.0,0.005662096913612904,25.66,12.2,,464.44,500.0,0,0
999,35,35.0,0.005662096913612904,25.81,17.466666666666665,42|49|56|63|70|77|84|91|98|105|112|119|126|133|140|147|154|161|168|175|182|189|196|203|210|217|224|231|238|245,464.44,500.0,0,0
