episode,episode_steps,running_avg_100,avg_loss
0,15,15.0000,0.0
1,22,18.5000,0.0
2,16,17.6667,0.0
3,28,20.2500,0.5137685073746575
4,29,22.0000,0.45458667031649885
5,23,22.1667,0.4057752269765605
6,23,22.2857,0.37182681068130163
7,16,21.5000,0.3444009777158499
8,30,22.4444,0.31709772646427153
9,34,23.6000,0.28195612570818734
10,10,22.3636,0.2549756348133087
11,16,21.8333,0.24317270051687956
12,12,21.0769,0.2198446566859881
13,11,20.3571,0.21012137152931906
14,35,21.3333,0.18648346534797122
15,16,21.0000,0.16065445449203253
16,17,20.7647,0.1393849236123702
17,16,20.5000,0.11900264862924814
18,11,20.0000,0.10985203155062416
19,10,19.5000,0.09906632825732231
20,16,19.3333,0.0869799111969769
21,54,20.9091,0.08179120195132715
22,14,20.6087,0.07537180956985269
23,14,20.3333,0.07181219064763614
24,12,20.0000,0.07538030575960875
25,13,19.7308,0.06802856950805737
26,24,19.8889,0.06541390592853229
27,15,19.7143,0.06016833186149597
28,23,19.8276,0.0589595516414746
29,14,19.6333,0.05222200495856149
30,9,19.2903,0.059635007547007665
31,10,19.0000,0.05646298490464687
32,14,18.8485,0.06211016673062529
33,16,18.7647,0.06151424045674503
34,20,18.8000,0.053914512414485215
35,11,18.5833,0.06044322184541009
36,15,18.4865,0.054003889113664626
37,9,18.2368,0.08039924916293886
38,14,18.1282,0.055554467253386974
39,12,17.9750,0.04921703444172939
40,13,17.8537,0.0603950098156929
41,11,17.6905,0.07439910078590567
42,15,17.6279,0.06321629956364631
43,19,17.6591,0.06804225152652514
44,9,17.4667,0.07294849016600186
45,10,17.3043,0.06518954075872899
46,13,17.2128,0.06741785587599644
47,9,17.0417,0.09570661145779821
48,16,17.0204,0.06310160679277033
49,11,16.9000,0.08741347254677252
50,15,16.8627,0.11055212467908859
51,11,16.7500,0.10954177311875603
52,12,16.6604,0.08229910520215829
53,16,16.6481,0.08944667805917561
54,17,16.6545,0.09757487267694052
55,10,16.5357,0.07961468119174242
56,13,16.4737,0.11411914344017322
57,17,16.4828,0.08214304530445267
58,16,16.4746,0.11274350294843316
59,14,16.4333,0.11530407571366855
60,12,16.3607,0.1165742917607228
61,20,16.4194,0.10890514105558395
62,16,16.4127,0.11189652560278773
63,11,16.3281,0.1124201626940207
64,12,16.2615,0.10394409826646249
65,10,16.1667,0.16558777466416358
66,14,16.1343,0.14630325511097908
67,12,16.0735,0.1004739305159698
68,10,15.9855,0.097912195045501
69,13,15.9429,0.11185870033044082
70,11,15.8732,0.17038643563335593
71,15,15.8611,0.13666332388917604
72,10,15.7808,0.13695087432861328
73,10,15.7027,0.09026813730597497
74,11,15.6400,0.11166081238876689
75,12,15.5921,0.13079560299714407
76,16,15.5974,0.1393421224784106
77,11,15.5385,0.168319047851996
78,11,15.4810,0.14016303758729587
79,20,15.5375,0.14030860122293234
80,13,15.5062,0.14142155418029198
81,14,15.4878,0.16365661099553108
82,13,15.4578,0.1494440330335727
83,13,15.4286,0.13149370138461774
84,9,15.3529,0.14207429687182108
85,13,15.3256,0.11119477651440181
86,13,15.2989,0.11850909229654533
87,16,15.3068,0.171440951526165
88,11,15.2584,0.152293535457416
89,13,15.2333,0.17140216666918534
90,9,15.1648,0.15956375830703312
91,12,15.1304,0.18249665386974812
92,16,15.1398,0.1581554093863815
93,12,15.1064,0.17878445206830898
94,15,15.1053,0.19080029825369518
95,12,15.0729,0.17357260112961134
96,18,15.1031,0.15673737972974777
97,12,15.0714,0.17504468001425266
98,11,15.0303,0.18648196147246796
99,11,14.9900,0.17843234742229636
100,11,14.9500,0.18363453989679163
101,18,14.9100,0.16937687103119162
102,16,14.9100,0.15205479273572564
103,14,14.7700,0.176004414579698
104,15,14.6300,0.16772645662228267
105,18,14.5800,0.18512852365771928
106,12,14.4700,0.20530602475628257
107,17,14.4800,0.19018354266881943
108,16,14.3400,0.17473541828803718
109,10,14.1000,0.15642145946621894
110,12,14.1200,0.20558629433314005
111,11,14.0700,0.2301517684351314
112,13,14.0800,0.17877882890976393
113,16,14.1300,0.2101618442684412
114,15,13.9300,0.18450399885574978
115,14,13.9100,0.18778149144990103
116,9,13.8300,0.18836675211787224
117,14,13.8100,0.17631889134645462
118,13,13.8300,0.2325885588159928
119,15,13.8800,0.22016021062930424
120,13,13.8500,0.22328528446646836
121,12,13.4300,0.19902784998218218
122,11,13.4000,0.29136514392766083
123,12,13.3800,0.20873143896460533
124,15,13.4100,0.20638847922285397
125,14,13.4200,0.23501391602413996
126,19,13.3700,0.24181750730464333
127,15,13.3700,0.1812196932733059
128,14,13.2800,0.18759783024766616
129,11,13.2500,0.26572548665783624
130,16,13.3200,0.22037751926109195
131,15,13.3700,0.26860966980457307
132,9,13.3200,0.2670325818989012
133,18,13.3400,0.21400052474604714
134,26,13.4000,0.23307251851432598
135,13,13.4200,0.29955659806728363
136,18,13.4500,0.2586131335960494
137,14,13.5000,0.22452085039445333
138,12,13.4800,0.25225828650097054
139,15,13.5100,0.27182254791259763
140,15,13.5300,0.269742584725221
141,12,13.5400,0.28472035999099415
142,12,13.5100,0.28449302228788537
143,18,13.5000,0.2516365473469098
144,17,13.5800,0.2583466549130047
145,17,13.6500,0.266383123529308
146,13,13.6500,0.30010628471007716
147,20,13.7600,0.21975747421383857
148,11,13.7100,0.3270841335708445
149,15,13.7500,0.24372742995619773
150,19,13.7900,0.29092450047794144
151,15,13.8300,0.2550442464649677
152,17,13.8800,0.25796228208962607
153,15,13.8700,0.30210186590751015
154,11,13.8100,0.28517795489592984
155,11,13.8200,0.2739767703143033
156,11,13.8000,0.3405180410905318
157,12,13.7500,0.38904253765940666
158,15,13.7400,0.30998183488845826
159,13,13.7300,0.30329684168100357
160,17,13.7800,0.28189239168868346
161,18,13.7600,0.2673899978399277
162,13,13.7300,0.3310881148164089
163,24,13.8600,0.28030742922176916
164,16,13.9000,0.2872780147008598
165,18,13.9800,0.28371341423028046
166,24,14.0800,0.28775913718466956
167,15,14.1100,0.2650082603096962
168,14,14.1500,0.34000152349472046
169,17,14.1900,0.3129626578267883
170,16,14.2400,0.3445684937760234
171,17,14.2600,0.358002170920372
172,17,14.3300,0.34492893889546394
173,18,14.4100,0.31814534299903446
174,22,14.5200,0.3129561831328002
175,26,14.6600,0.32723120857889837
176,27,14.7700,0.3501470985787886
177,33,14.9900,0.30642468346790835
178,18,15.0600,0.3237588695353932
179,26,15.1200,0.355977863073349
180,17,15.1600,0.3807620704174042
181,24,15.2600,0.3432871005497873
182,23,15.3600,0.3470481258371602
183,21,15.4400,0.35393144332227255
184,15,15.5000,0.3447299624482791
185,25,15.6200,0.38793374359607696
186,26,15.7500,0.37249901718818224
187,21,15.8000,0.3765994267804282
188,19,15.8800,0.3449758989246268
189,21,15.9600,0.3501419701746532
190,25,16.1200,0.3580815553665161
191,20,16.2000,0.4554142996668816
192,19,16.2300,0.388147287462887
193,20,16.3100,0.3503980949521065
194,27,16.4300,0.3896052412412785
195,17,16.4800,0.3770866648239248
196,25,16.5500,0.39926167249679567
197,16,16.5900,0.3710523755289614
198,19,16.6700,0.4115213602781296
199,24,16.8000,0.36024677924190956
200,25,16.9400,0.3897226846218109
201,30,17.0600,0.3823583702246348
202,19,17.0900,0.41286955616976084
203,25,17.2000,0.3865212255716324
204,22,17.2700,0.36777713149785995
205,31,17.4000,0.42938558757305145
206,69,17.9700,0.4102189481474351
207,40,18.2000,0.3900632593780756
208,90,18.9400,0.38200435125165516
209,29,19.1300,0.45755796648305036
210,32,19.3300,0.40721027995459735
211,33,19.5500,0.43754538035754004
212,53,19.9500,0.434238944413527
213,95,20.7400,0.3831499262075675
214,89,21.4800,0.40660567736525216
215,64,21.9800,0.4019290003925562
216,62,22.5100,0.4486880217108034
217,80,23.1700,0.3890606168657541
218,60,23.6400,0.4202690739184618
219,101,24.5000,0.4098696730071955
220,152,25.8900,0.44920754866478474
221,142,27.1900,0.41872411536079057
222,82,27.9000,0.4918377861925742
223,40,28.1800,0.424489326775074
224,111,29.1400,0.42087500354459695
225,128,30.2800,0.414061751391273
226,98,31.0700,0.4299876127696159
227,111,32.0300,0.43368499699208113
228,125,33.1400,0.43695189130306245
229,119,34.2200,0.48074378129564416
230,90,34.9600,0.45137271152602304
231,179,36.6000,0.41996544774351174
232,267,39.1800,0.45914070377970456
233,124,40.2400,0.45161931090537577
234,113,41.1100,0.4927175428091952
235,121,42.1900,0.4539495748429259
236,237,44.3800,0.49862748966061116
237,183,46.0700,0.4760132238187425
238,131,47.2600,0.4822237002485581
239,198,49.0900,0.5388016180332863
240,205,50.9900,0.5008242145180702
241,136,52.2300,0.5064917070900693
242,138,53.4900,0.4951412677494944
243,148,54.7900,0.5419591454335967
244,143,56.0500,0.5660429532815526
245,133,57.2100,0.6517795084562517
246,124,58.3200,0.5393010671100309
247,193,60.0500,0.5578049115952433
248,161,61.5500,0.6097068246106924
249,191,63.3100,0.5799871781421582
250,160,64.7200,0.5938976282253862
251,150,66.0700,0.6057596646746
252,189,67.7900,0.6300843947384723
253,123,68.8700,0.6475777866515687
254,172,70.4800,0.6207438381172197
255,145,71.8200,0.5941683950609175
256,131,73.0200,0.6148681129890544
257,138,74.2800,0.6604714718633804
258,125,75.3800,0.6502907766699791
259,147,76.7200,0.6698142888696015
260,121,77.7600,0.6952329549538202
261,135,78.9300,0.7244311035783203
262,119,79.9900,0.7088001723549947
263,125,81.0000,0.6409288879036903
264,109,81.9300,0.654439290319014
265,113,82.8800,0.5810346904054152
266,104,83.6800,0.6471977289766073
267,107,84.6000,0.6498502332751996
268,126,85.7200,0.6983607860193366
269,90,86.4500,0.682288508862257
270,102,87.3100,0.6232054862467682
271,123,88.3700,0.7039322388487134
272,98,89.1800,0.6235220541759413
273,115,90.1500,0.7163485943623211
274,97,90.9000,0.6812581809372017
275,107,91.7100,0.6192234143893295
276,100,92.4400,0.5817746513336897
277,98,93.0900,0.6845098035219981
278,94,93.8500,0.6273853503009106
279,104,94.6300,0.5498140816791699
280,104,95.5000,0.6060781933797094
281,107,96.3300,0.5958862022679543
282,96,97.0600,0.5518046390886108
283,96,97.8100,0.4535701247708251
284,103,98.6900,0.48264983101087866
285,93,99.3700,0.4627943183946353
286,83,99.9400,0.46287393327578
287,106,100.7900,0.4551609980188451
288,100,101.6000,0.4085029076039791
289,84,102.2300,0.43908717137362274
290,88,102.8600,0.4529585102573037
291,89,103.5500,0.46686710676785265
292,88,104.2400,0.39184584917331283
293,91,104.9500,0.43592185019464286
294,82,105.5000,0.4274684721376838
295,90,106.2300,0.3790831713212861
296,90,106.8800,0.4604623667895794
297,94,107.6600,0.333569929875592
298,97,108.4400,0.4030562282837543
299,101,109.2100,0.4587313882490196
300,92,109.8800,0.4020978998716759
301,86,110.4400,0.39087514284738273
302,95,111.2000,0.4420717567205429
303,86,111.8100,0.35649524265250493
304,99,112.5800,0.4111047223059818
305,88,113.1500,0.3888153972273523
306,116,113.6200,0.4578207261089621
307,92,114.1400,0.4696210120683131
308,90,114.1400,0.5093970506555504
309,96,114.8100,0.36274254973977804
310,103,115.5200,0.4509798429400018
311,90,116.0900,0.4907101298371951
312,96,116.5200,0.4009999955693881
313,95,116.5200,0.5060489299265962
314,98,116.6100,0.4438373552141141
315,98,116.9500,0.44836648150670283
316,101,117.3400,0.4437736088391578
317,103,117.5700,0.5158829376535509
318,102,117.9900,0.44791678923602196
319,102,118.0000,0.42674073306661026
320,108,117.5600,0.46786396412385833
321,143,117.5700,0.4439666604141255
322,116,117.9100,0.3682936853889761
323,115,118.6600,0.41773588164992953
324,124,118.7900,0.4350286168196509
325,129,118.8000,0.5287986609131791
326,148,119.3000,0.5264607186655741
327,174,119.9300,0.5296314915363816
328,159,120.2700,0.5542777456202597
329,130,120.3800,0.5414022323030692
330,112,120.6000,0.5345661527078066
331,119,120.0000,0.5236934005212384
332,100,118.3300,0.5313802793622017
333,67,117.7600,0.5751556980965743
334,56,117.1900,0.5589606892317533
335,61,116.5900,0.49478285747473355
336,57,114.7900,0.6054029618961769
337,111,114.0700,0.556979053863534
338,60,113.3600,0.638126952201128
339,62,112.0000,0.5424318227075762
340,59,110.5400,0.5432611266940327
341,70,109.8800,0.5682562080877168
342,89,109.3900,0.5844903548112076
343,57,108.4800,0.6330433856499823
344,59,107.6400,0.6067173074362642
345,56,106.8700,0.5508595901940551
346,56,106.1900,0.5211917247091021
347,76,105.0200,0.6242990601611765
348,88,104.2900,0.5575755365531553
349,61,102.9900,0.60154284988759
350,60,101.9900,0.6194202495117982
351,96,101.4500,0.6721208590703706
352,101,100.5700,0.5522506734227189
353,59,99.9300,0.7279861965927027
354,98,99.1900,0.5236482909139322
355,91,98.6500,0.6559109407794345
356,102,98.3600,0.7190994426023727
357,119,98.1700,0.5926680349502242
358,92,97.8400,0.68870749923846
359,97,97.3400,0.6790774685820353
360,132,97.4500,0.6659655353110848
361,123,97.3300,0.6389677327095977
362,109,97.2300,0.6422814885410694
363,120,97.1800,0.62499422095716
364,111,97.2000,0.6426191065494005
365,129,97.3600,0.659656433287517
366,112,97.4400,0.6890985952424151
367,124,97.6100,0.7647311749958223
368,108,97.4300,0.6879069605083378
369,98,97.5100,0.5319840555288353
370,109,97.5800,0.7000266342261515
371,145,97.8000,0.7223393780404124
372,115,97.9700,0.7668443048777788
373,102,97.8400,0.7657315200742554
374,72,97.5900,0.7324351537972689
375,102,97.5400,0.7376805399270618
376,97,97.5100,0.6512701405385106
377,127,97.8000,0.7598094676188597
378,105,97.9100,0.6050403751078106
379,137,98.2400,0.6755617167392787
380,122,98.4200,0.759296261018417
381,99,98.3400,0.7641164586700574
382,76,98.1400,0.7210764539869208
383,105,98.2300,0.6470629450820741
384,113,98.3300,0.7026067720314043
385,104,98.4400,0.6573555452319292
386,111,98.7200,0.7805312526924116
387,109,98.7500,0.7096604338479698
388,56,98.3100,0.6792429358299289
389,40,97.8700,0.7405882518738508
390,100,97.9900,0.7629221919178962
391,61,97.7100,0.7020704778002911
392,12,96.9500,0.8488374650478363
393,25,96.2900,0.6622241497039795
394,12,95.5900,0.823474608361721
395,36,95.0500,0.7927106817563375
396,21,94.3600,0.6528231224843434
397,98,94.4000,0.701364708950325
398,95,94.3800,0.565746534811823
399,14,93.5100,0.7286241129040718
400,99,93.5800,0.8797109172199712
401,94,93.6600,0.8711250920562034
402,125,93.9600,0.7340694595575332
403,110,94.2000,0.8126179145141081
404,13,93.3400,0.9060196269016999
405,14,92.6000,0.7649425693920681
406,13,91.5700,0.6686346989411575
407,11,90.7600,1.1380530514500358
408,24,90.1000,0.7935682435830435
409,14,89.2800,1.0301357858947344
410,18,88.4300,0.9868951406743791
411,13,87.6600,0.4683852218664609
412,15,86.8500,0.9216153701146443
413,20,86.1000,0.8334088243544102
414,13,85.2500,1.025480139714021
415,11,84.3800,0.8619764609770342
416,33,83.7000,0.7342302546356664
417,14,82.8100,0.7857105668101992
418,23,82.0200,1.1023959867332294
419,12,81.1200,0.903456357618173
420,95,80.9900,0.9338872630345194
421,11,79.6700,0.5561299567872827
422,12,78.6300,1.0179761437078316
423,14,77.6200,1.0727409699133463
424,19,76.5700,0.7921423857149325
425,16,75.4400,0.9824555423110723
426,96,74.9200,0.9691898468881845
427,13,73.3100,1.157415048434184
428,12,71.8400,0.824984572827816
429,10,70.6400,1.224979791045189
430,12,69.6400,0.7709078614910444
431,13,68.5800,0.7292434252225436
432,11,67.6900,0.9739807627417825
433,95,67.9700,1.1132523354731108
434,14,67.5500,0.8477856633918626
435,12,67.0600,0.8341278533140818
436,80,67.2900,1.0295854456722737
437,10,66.2800,1.1791434645652772
438,11,65.7900,0.7633056721904061
439,12,65.2900,0.7684045061469078
440,18,64.8800,0.91220666302575
441,14,64.3200,1.311564632824489
442,13,63.5600,0.9649936854839325
443,11,63.1000,1.2619477334347637
444,35,62.8600,1.4098370083740779
445,23,62.5300,1.377029326946839
446,13,62.1000,1.5313659722988422
447,12,61.4600,1.452339194715023
448,13,60.7100,1.3437743668372815
449,18,60.2800,1.4033119976520538
450,12,59.8000,1.6233135536313057
451,31,59.1500,1.1031119227409363
452,11,58.2500,0.9853968809951436
453,11,57.7700,1.184094781225378
454,11,56.9000,1.192916450175372
455,13,56.1200,1.1798001986283522
456,13,55.2300,1.4045793528740222
457,13,54.1700,1.2270546647218556
458,107,54.3200,1.1563088496990293
459,14,53.4900,1.6855407506227493
460,11,52.2800,1.9476623047481885
461,12,51.1700,1.4651956657568614
462,34,50.4200,1.2792057833250832
463,13,49.3500,1.0218339883364165
464,9,48.3300,0.8508865435918173
465,10,47.1400,1.207787999510765
466,11,46.1300,1.4390692114830017
467,11,45.0000,1.7455557801506736
468,12,44.0400,1.568476306895415
469,13,43.1900,1.3050710535966432
470,11,42.2100,0.78461707722057
471,13,40.8900,1.1279182044359355
472,10,39.8400,1.4763820052146912
473,14,38.9600,0.7645486806120191
474,11,38.3500,1.055426605723121
475,11,37.4400,1.5764051648703488
476,11,36.5800,1.4822865589098497
477,12,35.4300,1.4974179218212764
478,12,34.5000,1.0410326719284058
479,13,33.2600,1.6495508597447321
480,13,32.1700,1.5512407009418194
481,12,31.3000,1.0305044154326122
482,13,30.6700,1.4091876859848316
483,10,29.7200,1.4468046396970748
484,13,28.7200,1.4872884246019216
485,12,27.8000,1.2655677646398544
486,10,26.7900,1.8911955505609512
487,14,25.8400,1.2862595000437327
488,10,25.3800,1.2916633278131484
489,10,25.0800,1.6394089341163636
490,11,24.1900,1.4669966806064954
491,11,23.6900,1.6886269585652784
492,11,23.6800,1.5253045829859646
493,11,23.5400,1.523405137387189
494,11,23.5300,2.0347819165749983
495,11,23.2800,1.3554318574341861
496,9,23.1600,1.2136154638396368
497,10,22.2800,1.2220401555299758
498,13,21.4600,1.337893559382512
499,12,21.4400,2.0960673267642655
500,12,20.5700,1.5261884083350499
501,13,19.7600,1.129575096643888
502,11,18.6200,0.932323079217564
503,13,17.6500,1.63780883871592
504,12,17.6400,1.5910687645276387
505,11,17.6100,1.6545295769518071
506,10,17.5800,1.7732443749904632
507,14,17.6100,1.0473989972046442
508,13,17.5000,1.6454637004778936
509,10,17.4600,1.2698100924491882
510,10,17.3800,1.5565448462963105
511,13,17.3800,1.5823352107634912
512,11,17.3400,1.463364224542271
513,13,17.2700,1.6188406806725721
514,10,17.2400,1.9563468366861343
515,13,17.2600,1.9814022871164174
516,12,17.0500,1.9119256014625232
517,10,17.0100,2.0624690651893616
518,12,16.9000,1.6658327877521515
519,12,16.9000,1.7698523104190826
520,12,16.0700,1.803323599199454
521,15,16.1100,1.5945144991079967
522,33,16.3200,1.643842875957489
523,12,16.3000,1.875666191180547
524,11,16.2200,2.2880677607926456
525,12,16.1800,1.233029345671336
526,11,15.3300,1.2995617091655731
527,12,15.3200,2.1186461051305137
528,13,15.3300,1.804095949117954
529,12,15.3500,1.934171013534069
530,11,15.3400,1.7187183445150203
531,13,15.3400,2.724390155993975
532,12,15.3500,2.132327934106191
533,11,14.5100,1.2338448898358778
534,13,14.5000,1.8652953184567964
535,11,14.4900,2.195065652782267
536,13,13.8200,2.0409971452676334
537,13,13.8500,1.9394883100803082
538,14,13.8800,2.125891183103834
539,35,14.1100,1.8080286145210267
540,14,14.0700,2.1059921234846115
541,12,14.0500,1.3919120753804843
542,12,14.0400,2.045696663359801
543,14,14.0700,1.8915849242891585
544,14,13.8600,1.4815980068274908
545,14,13.7700,1.7699963450431824
546,11,13.7500,1.528865093534643
547,13,13.7600,2.4002045805637655
548,13,13.7600,2.0992414424052606
549,15,13.7300,2.286268283923467
550,14,13.7500,1.8538764033998762
551,12,13.5600,1.7413312072555225
552,17,13.6200,1.815150129444459
553,13,13.6400,2.1697408786186805
554,14,13.6700,2.097567800964628
555,13,13.6700,1.7257322875353007
556,15,13.6900,1.921963592370351
557,15,13.7100,1.894102962811788
558,16,12.8000,1.7672445606440306
559,13,12.7900,1.8342483983590052
560,14,12.8200,2.4637643354279652
561,12,12.8200,1.778946618239085
562,13,12.6100,2.274753281703362
563,14,12.6200,1.8763100590024675
564,44,12.9700,2.1830985735763204
565,11,12.9800,1.9877776422283866
566,11,12.9800,2.8268345269289883
567,14,13.0100,2.1040201698030745
568,13,13.0200,1.9275360520069416
569,12,13.0100,2.3201252097884812
570,14,13.0400,2.493358443890299
571,13,13.0400,2.2086130518179674
572,12,13.0600,2.0242904822031655
573,15,13.0700,2.0222583154837293
574,13,13.0900,1.8487077263685374
575,13,13.1100,1.724074111534999
576,14,13.1400,2.1199610701629092
577,13,13.1500,2.138806237624242
578,13,13.1600,2.261701565522414
579,26,13.2900,1.8177113223534365
580,14,13.3000,2.2981011973960057
581,14,13.3200,1.5927263115133559
582,13,13.3200,2.3693238015358267
583,14,13.3600,2.3640952152865276
584,15,13.3800,1.9600567758083343
585,15,13.4100,2.3215429921944937
586,12,13.4300,2.2405847484866777
587,20,13.4900,2.265777587890625
588,12,13.5100,2.726285586754481
589,13,13.5400,1.9755469858646393
590,19,13.6200,2.4318457104657827
591,12,13.6300,3.1947440753380456
592,14,13.6600,1.7829673971448625
593,24,13.7900,3.1244861160715423
594,17,13.8500,2.9708529360154095
595,15,13.8900,1.8649913350741067
596,28,14.0800,2.4501867155943597
597,15,14.1300,3.2796420733133953
598,13,14.1300,1.9526464778643389
599,58,14.5900,2.517367455209124
600,45,14.9200,2.3580449137422774
601,17,14.9600,2.445798581137377
602,52,15.3700,2.423037716975579
603,54,15.7800,2.6009471157082804
604,57,16.2300,2.4153056390452803
605,14,16.2600,2.341297296541078
606,18,16.3400,2.2538822293281555
607,18,16.3800,2.551534894439909
608,15,16.4000,2.6289446194966635
609,56,16.8600,2.5807868811701025
610,57,17.3300,2.338948373208966
611,50,17.7000,2.583135436177254
612,14,17.7300,2.4080833941698074
613,54,18.1400,2.736826475571703
614,56,18.6000,2.5061527160661563
615,46,18.9300,2.392295230341994
616,49,19.3000,2.7956694212495066
617,60,19.8000,2.4364010418454805
618,62,20.3000,2.562653991483873
619,52,20.7000,2.3209121169952245
620,54,21.1200,2.461309869532232
621,52,21.4900,2.3613282780234632
622,56,21.7200,2.453673569219453
623,65,22.2500,2.3549345640035777
624,63,22.7700,3.1187227978592826
625,64,23.2900,2.842791927512735
626,60,23.7800,2.5343807439009347
627,62,24.2800,2.511175123433913
628,94,25.0900,2.3130612465295384
629,57,25.5400,2.4410770232217356
630,57,26.0000,2.750947993575481
631,62,26.4900,2.945166216742608
632,59,26.9600,2.767324172339197
633,90,27.7500,2.626951895157496
634,67,28.2900,3.0379271169206987
635,87,29.0500,2.6122494644817267
636,76,29.6800,2.858084631201468
637,111,30.6600,2.6350790415261245
638,98,31.5000,2.5898524680916144
639,90,32.0500,2.929343139794138
640,78,32.6900,2.6624196087702727
641,92,33.4900,2.4589831207109536
642,103,34.4000,2.629668293647396
643,76,35.0200,2.8446219120370713
644,119,36.0700,2.7968957221307673
645,383,39.7600,2.8468010195241584
646,60,40.2500,3.2209329346815747
647,66,40.7800,2.956969020944653
648,178,42.4300,2.867589724532674
649,104,43.3200,2.8074658762377043
650,77,43.9500,2.7944854343092285
651,76,44.5900,2.7832219455587235
652,197,46.3900,2.7521075188811057
653,82,47.0800,2.893310207419279
654,140,48.3400,2.8158292979002
655,94,49.1500,2.800982117652893
656,103,50.0300,2.7011237590058337
657,78,50.6600,2.8345636404477634
658,86,51.3600,2.8113396566274553
659,150,52.7300,2.729639386534691
660,108,53.6700,2.761036062958064
661,84,54.3900,3.27271153600443
662,68,54.9400,2.977989439140348
663,86,55.6600,2.70906123207059
664,98,56.2000,3.160745543484785
665,82,56.9100,3.2172953479173705
666,80,57.6000,2.8874803952872754
667,84,58.3000,3.076109012677556
668,100,59.1700,3.1292384788393974
669,87,59.9200,3.2677705308486678
670,168,61.4600,2.964145859792119
671,106,62.3900,2.9575215327852176
672,138,63.6500,2.918084789013517
673,113,64.6300,3.182119644057434
674,105,65.5500,2.9314934287752425
675,307,68.4900,3.1419914059025458
676,141,69.7600,2.9459985380477094
677,100,70.6300,3.039497930705547
678,126,71.7600,3.2488351431157856
679,73,72.2300,2.918835354177919
680,91,73.0000,2.9463396206661896
681,94,73.8000,3.195202409587008
682,107,74.7400,3.2432797378468736
683,127,75.8700,2.729429957200223
684,90,76.6200,3.2656426625119317
685,73,77.2000,3.0247406771738237
686,73,77.8100,3.048722364722866
687,117,78.7800,3.3341476807736945
688,85,79.5100,2.9217638576731964
689,120,80.5800,3.052689516792695
690,117,81.5600,2.7963960354144755
691,84,82.2800,2.8974240642218363
692,496,87.1000,2.4855026387639585
693,311,89.9700,2.4443211196128196
694,302,92.8200,2.163984683077067
695,238,95.0500,1.827495970270213
696,205,96.8200,1.7306800579152457
697,213,98.8000,1.7846076915241742
698,256,101.2300,1.5327291591092944
699,96,101.6100,1.3367051345606644
700,316,104.3200,1.3785375235012816
701,262,106.7700,1.2127328080530384
702,261,108.8600,1.2154940652207853
703,261,110.9300,1.2334431673603496
704,230,112.6600,1.1099961972754935
705,367,116.1900,1.1179964926489692
706,140,117.4100,1.0264795414039067
707,149,118.7200,1.0717552270265234
708,105,119.6200,1.0848183958303361
709,138,120.4400,1.1901721734067667
710,106,120.9300,1.1401515139161416
711,120,121.6300,0.9524837429324786
712,500,126.4900,1.083532491326332
713,217,128.1200,1.1143381493981532
714,132,128.8800,1.0018609619953416
715,130,129.7200,1.037808835047942
716,71,129.9400,1.0950893323186417
717,500,134.3400,1.0528315865397453
718,296,136.6800,1.0221156200041641
719,500,141.1600,0.8906966490745545
720,132,141.9400,0.8595700009979985
721,395,145.3700,0.8012377615216412
722,500,149.8100,0.8566029288768768
723,106,150.2200,0.7275838390836176
724,218,151.7700,0.8343418669809989
725,500,156.1300,0.76638846296072
726,225,157.7800,0.7361048995123969
727,190,159.0600,0.6034778856917431
728,258,160.7000,0.7648330703377724
729,171,161.8400,0.7145806206771504
730,144,162.7100,0.6246278971019719
731,141,163.5000,0.6433547084213148
732,87,163.7800,0.6133270058138617
733,138,164.2600,0.6403066103441127
734,61,164.2000,0.6025118764306678
735,59,163.9200,0.7257669067988961
736,79,163.9500,0.6803871457335315
737,55,163.3900,0.6959126862612638
738,66,163.0700,0.8467251599738093
739,106,163.2300,0.8175919491727397
740,62,163.0700,0.7528940251758022
741,74,162.8900,0.7833099047074447
742,72,162.5800,0.8136637392971251
743,62,162.4400,0.6856736819590291
744,53,161.7800,0.8743330656357531
745,70,158.6500,0.7892317197152546
746,56,158.6100,0.9449428681816373
747,58,158.5300,0.7865441909124111
748,59,157.3400,0.7512764370037337
749,51,156.8100,0.6642338136831919
750,59,156.6300,0.8218795364185915
751,57,156.4400,0.8301379278040769
752,72,155.1900,0.8759543589419789
753,66,155.0300,0.8872245581764163
754,54,154.1700,0.9482936505918149
755,54,153.7700,0.7442826672836587
756,59,153.3300,1.1771013196242057
757,61,153.1600,0.9732278634290226
758,50,152.8000,0.8952608227729797
759,66,151.9600,0.8945676670833067
760,82,151.7000,0.9932452959985267
761,65,151.5100,1.2610343790971317
762,83,151.6600,1.013715435223407
763,50,151.3000,0.8336436653137207
764,68,151.0000,0.984362728017218
765,79,150.9700,1.064401384395889
766,55,150.7200,1.0565148635344073
767,57,150.4500,0.9888862774037478
768,64,150.0900,1.0978026278316975
769,61,149.8300,0.9221436034460537
770,84,148.9900,1.1449025195269358
771,74,148.6700,1.043505637226878
772,56,147.8500,1.1112948299518652
773,57,147.2900,1.1554073079636222
774,108,147.3200,1.1639865509889744
775,89,145.1400,0.9756093316533593
776,98,144.7100,1.1743408748689963
777,100,144.7100,1.092776219844818
778,80,144.2500,1.2012060910463334
779,114,144.6600,1.239354540904363
780,96,144.7100,1.1450830660760403
781,84,144.6100,1.2272482709515662
782,71,144.2500,1.403437250097033
783,101,143.9900,1.1629571495669904
784,81,143.9000,1.0524244275357988
785,59,143.7600,1.1523696189209567
786,71,143.7400,1.2885545987478444
787,126,143.8300,1.3123239766037653
788,100,143.9800,1.3138570395112037
789,152,144.3000,1.2871148007872857
790,85,143.9800,0.9996312334257014
791,70,143.8400,1.0677235377686365
792,111,139.9900,1.2103356047793552
793,83,137.7100,1.261317293327975
794,98,135.6700,1.3540063691990716
795,132,134.6100,1.2710951979864726
796,120,133.7600,1.321724819391966
797,68,132.3100,1.407472092877416
798,95,130.7000,1.3639632130924024
799,111,130.8500,1.2572230054988518
800,75,128.4400,1.3628876694043477
801,67,126.4900,1.3170672112436437
802,63,124.5100,1.3106194020263733
803,106,122.9600,1.4874681577367603
804,140,122.0600,1.52784241097314
805,66,119.0500,1.3778632481892903
806,131,118.9600,1.2807245256791588
807,54,118.0100,1.6287794455333993
808,130,118.2600,1.4770282903542886
809,388,120.7600,1.3567982843702602
810,396,123.6600,1.4092983258794052
811,281,125.2700,1.3927875777368444
812,301,123.2800,1.4035465109387901
813,253,123.6400,1.3804135066954044
814,110,123.4200,1.3314495100216432
815,290,125.0200,1.27890629542285
816,76,125.0700,1.5693824138296277
817,291,122.9800,1.4095961008080093
818,251,122.5300,1.4420399798814993
819,209,119.6200,1.3095115542982183
820,225,120.5500,1.488024199406306
821,203,118.6300,1.4656009621220856
822,237,116.0000,1.4611271243809647
823,232,117.2600,1.4973420553423207
824,234,117.4200,1.4167366711757121
825,223,114.6500,1.290325825123509
826,252,114.9200,1.414660161095006
827,259,115.6100,1.33471561306692
828,256,115.5900,1.2702733398182318
829,258,116.4600,1.2582163845383845
830,261,117.6300,1.227376663707682
831,266,118.8800,1.2492740301037193
832,346,121.4700,1.2390620865229238
833,399,124.0800,1.2240917103780542
834,431,127.7800,1.1294135513549062
835,500,132.1900,1.1199419759511948
836,51,131.9100,0.9733947386928633
837,500,136.3600,1.0368507878184319
838,500,140.7000,0.9259564471244812
839,76,140.4000,0.9246414444948498
840,304,142.8200,0.9242904106841275
841,500,147.0800,0.9904755333065987
842,500,151.3600,0.9269708701968193
843,500,155.7400,0.8555498950481415
844,47,155.6800,0.809756651837775
845,58,155.5600,0.8604501434441271
846,360,158.6000,0.881098543604215
847,42,158.4400,0.8572512183870588
848,80,158.6500,0.8996735505759716
849,224,160.3800,0.908544708176383
850,105,160.8400,0.9057807956423078
851,173,162.0000,0.9429431793662165
852,500,166.2800,0.9472326357960701
853,40,166.0200,0.8963451951742172
854,81,166.2900,0.9274923845573708
855,500,170.7500,0.888974179983139
856,74,170.9000,0.7974995096793046
857,387,174.1600,0.8783176528236971
858,42,174.0800,0.9139081360328765
859,445,177.8700,0.8045191111859311
860,500,182.0500,0.8103869380354881
861,500,186.4000,0.7480748657584191
862,76,186.3300,0.728748363491736
863,455,190.3800,0.735768558887335
864,47,190.1700,0.7612364545781561
865,500,194.3800,0.755861487209797
866,373,197.5600,0.7546805927165392
867,340,200.3900,0.7770971674252959
868,366,203.4100,0.7185379167397817
869,70,203.5000,0.8844060710498265
870,325,205.9100,0.7684780692137204
871,277,207.9400,0.7852921545075165
872,273,210.1100,0.8295257091522217
873,241,211.9500,0.8238433805986064
874,230,213.1700,0.8346221485863561
875,222,214.5000,0.8577517022689184
876,220,215.7200,0.877640259672295
877,243,217.1500,0.8603125245237546
878,235,218.7000,0.8290099420446031
879,170,219.2600,0.8919349537176244
880,150,219.8000,0.8820932066440582
881,155,220.5100,0.9079661707724295
882,155,221.3500,0.9453503606780883
883,238,222.7200,0.9614129293115199
884,129,223.2000,1.1306296605472417
885,149,224.1000,1.0077811345558039
886,212,225.5100,0.9362294536154225
887,125,225.5000,1.009383044719696
888,229,226.7900,1.0652463122486548
889,152,226.7900,1.0138152494634454
890,171,227.6500,1.04777265623299
891,192,228.8700,1.0712024010717869
892,500,232.7600,1.0649107202291488
893,500,236.9300,1.042612981557846
894,500,240.9500,1.1015024424791335
895,500,244.6300,1.1371475073099135
896,500,248.4300,1.030765217781067
897,500,252.7500,0.9762773124575614
898,500,256.8000,0.975436095893383
899,500,260.6900,0.9614515217542648
900,500,264.9400,0.9581624475717545
901,500,269.2700,0.8379484229683876
902,500,273.6400,0.839878707587719
903,500,277.5800,0.8108774898052216
904,500,281.1800,0.7434078711867332
905,91,281.4300,0.7119341057080489
906,500,285.1200,0.7265077813863754
907,227,286.8500,0.6951406461551851
908,500,290.5500,0.74721827429533
909,500,291.6700,0.7234839913249016
910,500,292.7100,0.6333368774652481
911,500,294.9000,0.6277602014541626
912,211,294.0000,0.5695090262810766
913,500,296.4700,0.5647694553732872
914,433,299.7000,0.47863434719708997
915,500,301.8000,0.5524600889086724
916,428,305.3200,0.5438064353836474
917,42,302.8300,0.49445058902104694
918,147,301.7900,0.5907057300716841
919,28,299.9800,0.6279974856546947
920,282,300.5500,0.6427209936346568
921,473,303.2500,0.6948671749227899
922,56,301.4400,0.8190854308860642
923,108,300.2000,0.6896036697758569
924,28,298.1400,0.651571623980999
925,51,296.4200,0.9255952975329231
926,112,295.0200,0.9203604350664786
927,43,292.8600,1.2374673887740735
928,81,291.1100,0.8139271971620159
929,500,293.5300,0.8804831607937813
930,500,295.9200,0.9983951369524002
931,500,298.2600,0.9721480014324189
932,500,299.8000,1.0439382787942886
933,500,300.8100,1.0821310254335403
934,500,301.5000,0.9991135139465332
935,500,301.5000,1.0265972970724107
936,500,305.9900,1.0482342051863671
937,500,305.9900,1.0926842222213744
938,500,305.9900,1.118376266181469
939,500,310.2300,1.0409274058938027
940,500,312.1900,1.0615518934726715
941,500,312.1900,0.9997105607986451
942,500,312.1900,0.9108715853691101
943,500,312.1900,0.9328672025799751
944,500,316.7200,1.0236506895422937
945,500,321.1400,1.0833424224853516
946,500,322.5400,1.0243048067092895
947,500,327.1200,0.928507741689682
948,500,331.3200,0.816872092962265
949,500,334.0800,0.63337341183424
950,500,338.0300,0.587597287774086
951,500,341.3000,0.5875459054112434
952,500,341.3000,0.5768713136911392
953,500,345.9000,0.5376770929694176
954,500,350.0900,0.5171330147385598
955,500,350.0900,0.5282447522282601
956,500,354.3500,0.5545574839115143
957,500,355.4800,0.5417814683318138
958,500,360.0600,0.5234648023843765
959,500,360.6100,0.46682333046197894
960,500,360.6100,0.49650763869285586
961,500,360.6100,0.5808272450566292
962,500,364.8500,0.6016110445261001
963,500,365.3000,0.5900746195912361
964,17,365.0000,0.6070873632150537
965,16,360.1600,0.607497101649642
966,33,356.7600,0.6313140076218229
967,15,353.5100,0.6703578412532807
968,15,350.0000,0.5934207777182261
969,15,349.4500,0.5834616859753926
970,500,351.2000,0.7292615305185318
971,15,348.5800,0.8488664428393046
972,500,350.8500,0.7233905962109566
973,15,348.5900,0.6423481345176697
974,16,346.4500,0.6606473252177238
975,500,349.2300,0.7953039717674255
976,31,347.3400,1.0589316775721889
977,500,349.9100,0.8941454830765724
978,500,352.5600,0.8362043072581291
979,500,355.8600,0.8843904659152031
980,500,359.3600,0.9376497038006782
981,350,361.3100,0.939226268018995
982,139,361.1500,0.9634821826605489
983,102,359.7900,1.1303655864561306
984,91,359.4100,1.26143514586019
985,95,358.8700,1.2097497199711047
986,91,357.6600,1.2111387920903636
987,93,357.3400,1.3085216578616892
988,91,355.9600,1.27439076428885
989,79,355.2300,1.2637723352335677
990,79,354.3100,1.3984944888308077
991,74,353.1300,1.4584084016245764
992,79,348.9200,1.2933070078680786
993,96,344.8800,1.609709544107318
994,93,340.8100,1.4840336326629884
995,92,336.7300,1.3429308604934942
996,89,332.6200,1.8456756278370203
997,81,328.4300,1.5077030386453794
998,100,324.4300,1.5185420393943787
999,93,320.3600,1.5695610828297113
1000,95,316.3100,1.721616229885503
1001,127,312.5800,1.7170369235549385
1002,500,312.5800,1.6391186723709106
1003,500,312.5800,1.6457256618738174
1004,500,312.5800,1.5732736928462983
1005,500,316.6700,1.5114130891561508
1006,500,316.6700,1.5453482216596603
1007,500,319.4000,1.4555336705446242
1008,500,319.4000,1.4240413159132004
1009,500,319.4000,1.4881094979047775
1010,500,319.4000,1.3496132065057755
1011,500,319.4000,1.2856268360614778
1012,500,322.2900,1.2130711508989334
1013,500,322.2900,1.1017236459255217
1014,500,322.9600,1.1005421164035798
1015,500,322.9600,1.1491929228305817
1016,500,323.6800,1.1703299065828323
1017,500,328.2600,1.1989453976154327
1018,461,331.4000,1.202641929954355
1019,279,333.9100,1.2231991919138099
1020,238,333.4700,1.2061417623728263
1021,169,330.4300,1.2145312481377957
1022,179,331.6600,1.2299997986361968
1023,153,332.1100,1.3561896405188867
1024,176,333.5900,1.2212979343127122
1025,125,334.3300,1.3531225061416625
1026,153,334.7400,1.4733945442960152
1027,117,335.4800,1.505321021263416
1028,161,336.2800,1.3978291564846632
1029,97,332.2500,1.425848287405427
1030,149,328.7400,1.453276417799444
1031,104,324.7800,1.6388786561214006
1032,106,320.8400,1.4108937399567298
1033,127,317.1100,1.6693817283224872
1034,167,313.7800,1.6732664704322815
1035,163,310.4100,1.6981583819067552
1036,187,307.2800,1.8671891781735548
1037,189,304.1700,1.8430483041616974
1038,217,301.3400,1.7446170476724476
1039,246,298.8000,1.996588128369029
1040,415,297.9500,1.9928977223763984
1041,500,297.9500,1.984990286231041
1042,500,297.9500,1.9131160036325454
1043,500,297.9500,1.9368970468044282
1044,500,297.9500,1.8419918051958084
1045,500,297.9500,1.8043480595350265
1046,500,297.9500,1.817399937272072
1047,500,297.9500,1.7550091356039048
1048,500,297.9500,1.7855275852680206
1049,500,297.9500,1.774765419960022
1050,500,297.9500,1.7816100118160247
1051,500,297.9500,1.7811005845069885
1052,500,297.9500,1.8599443461894989
1053,500,297.9500,1.8538543663024902
1054,500,297.9500,1.7553632078170776
1055,500,297.9500,1.7012535140514373
1056,183,294.7800,1.5071249412057177
1057,500,294.7800,1.5646437559127808
1058,500,294.7800,1.3522068257331847
1059,355,293.3300,1.2495077311153142
1060,289,291.2200,1.2556648666883423
1061,500,291.2200,1.3286975500583649
1062,500,291.2200,1.2913598251342773
1063,395,290.1700,1.259932804107666
1064,500,295.0000,1.212907034277916
1065,500,299.8400,1.1266558660268784
1066,500,304.5100,1.0626744799613952
1067,500,309.3600,0.9594002468585968
1068,500,314.2100,0.8933863071203232
1069,500,319.0600,0.8921776470541954
1070,500,319.0600,0.841025389969349
1071,500,323.9100,0.8310475416779518
1072,500,323.9100,0.8035845401287078
1073,500,328.7600,0.767490013897419
1074,500,333.6000,0.7364763858914375
1075,500,333.6000,0.7155005685091018
1076,500,338.2900,0.6980791975259781
1077,500,338.2900,0.6946341261267662
1078,500,338.2900,0.6769470177292823
1079,500,338.2900,0.6711771728396416
1080,500,338.2900,0.6626869956851006
1081,500,339.7900,0.5827587876915932
1082,500,343.4000,0.5510724584460258
1083,500,347.3800,0.5219476765096187
1084,500,351.4700,0.47973209059238436
1085,500,355.5200,0.5160635685622692
1086,500,359.6100,0.5675928925573825
1087,500,363.6800,0.6012942661046982
1088,500,367.7700,0.6281374559402466
1089,500,371.9800,0.6696488931179047
1090,500,376.1900,0.6289698146581649
1091,500,380.4500,0.5744334164857864
1092,500,384.6600,0.5388858457803726
1093,452,388.2200,0.5756504919412917
1094,420,391.4900,0.6455121216319856
1095,466,395.2300,0.7158268117725594
1096,500,399.3400,0.7923524398207664
1097,500,403.5300,0.796428401529789
1098,500,407.5300,0.7635989148616791
1099,500,411.6000,0.744808150947094
1100,500,415.6500,0.7168106880187989
1101,500,419.3800,0.6814910395741463
1102,500,419.3800,0.6742581124305725
1103,500,419.3800,0.6564433047175408
1104,500,419.3800,0.6325989050269127
1105,500,419.3800,0.6270049171447754
1106,500,419.3800,0.6422529181241989
1107,500,419.3800,0.6286326792836189
1108,500,419.3800,0.6324944334030151
1109,500,419.3800,0.6277417936325074
1110,500,419.3800,0.6406837499141693
1111,500,419.3800,0.617576628446579
1112,500,419.3800,0.6276196538805962
1113,500,419.3800,0.6320725587010384
1114,500,419.3800,0.5766757010221482
1115,500,419.3800,0.5324473046660423
1116,500,419.3800,0.5213252044320107
1117,500,419.3800,0.5208595095872879
1118,500,419.7700,0.5092399537563324
1119,500,421.9800,0.5139641274213791
1120,500,424.6000,0.5269244768619538
1121,500,427.9100,0.5076013731956482
1122,500,431.1200,0.5083824335336685
1123,500,434.5900,0.493502503991127
1124,500,437.8300,0.4854250065088272
1125,500,441.5800,0.4999811969697475
1126,500,445.0500,0.48652302581071855
1127,500,448.8800,0.47639314764738083
1128,500,452.2700,0.48857930523157117
1129,500,456.3000,0.4923261564970016
1130,500,459.8100,0.49420595717430116
1131,500,463.7700,0.4715744650959969
1132,500,467.7100,0.4920794732570648
1133,500,471.4400,0.4911895167827606
1134,500,474.7700,0.5062359733581543
1135,500,478.1400,0.5281019333004952
1136,500,481.2700,0.5422793138027191
1137,500,484.3800,0.5347238643169403
1138,500,487.2100,0.5308939019441604
1139,500,489.7500,0.4921233544945717
1140,500,490.6000,0.4734067131280899
1141,500,490.6000,0.4488413848876953
1142,500,490.6000,0.4335545583367348
1143,500,490.6000,0.41513371339440347
1144,500,490.6000,0.4111179556250572
1145,500,490.6000,0.42617052465677263
1146,500,490.6000,0.44294519075751304
1147,500,490.6000,0.4235312907397747
1148,500,490.6000,0.42511628672480584
1149,500,490.6000,0.4262646532356739
1150,500,490.6000,0.41961224827170374
1151,500,490.6000,0.41023452165722846
1152,500,490.6000,0.3980091109573841
1153,500,490.6000,0.3952824980020523
1154,500,490.6000,0.4002674508988857
1155,500,490.6000,0.39115381532907484
1156,500,493.7700,0.4049479385316372
1157,500,493.7700,0.41229078370332717
1158,500,493.7700,0.40871861019730565
1159,500,495.2200,0.40260700970888136
1160,500,497.3300,0.37377740025520323
1161,500,497.3300,0.3833802604675293
1162,500,497.3300,0.38367236870527266
1163,500,498.3800,0.3802703609466553
1164,500,498.3800,0.3903605175614357
1165,500,498.3800,0.39575876444578173
1166,500,498.3800,0.4210411610305309
1167,500,498.3800,0.41944956254959104
1168,500,498.3800,0.4184105789065361
1169,500,498.3800,0.4273908011615276
1170,500,498.3800,0.43488534745574
1171,500,498.3800,0.45278096008300783
1172,500,498.3800,0.4474745047390461
1173,500,498.3800,0.42955581161379813
1174,500,498.3800,0.4011584523618221
1175,500,498.3800,0.39648422595858573
1176,500,498.3800,0.3758430415391922
1177,500,498.3800,0.3714029756486416
1178,500,498.3800,0.3725509420633316
1179,500,498.3800,0.3890043747127056
1180,500,498.3800,0.41434907737374305
1181,500,498.3800,0.41707130408287046
1182,500,498.3800,0.4261425424814224
1183,500,498.3800,0.41703790438175203
1184,500,498.3800,0.3947760381400585
1185,500,498.3800,0.37810055685043337
1186,500,498.3800,0.36311219629645347
1187,500,498.3800,0.35555666929483415
1188,500,498.3800,0.34910009172558787
1189,500,498.3800,0.3455115840733051
1190,500,498.3800,0.33776444458961485
1191,500,498.3800,0.33087910881638527
1192,500,498.3800,0.333539033561945
1193,500,498.8600,0.3267728581428528
1194,500,499.6600,0.3219817325472832
1195,500,500.0000,0.3117915298342705
1196,500,500.0000,0.3001908020973206
1197,500,500.0000,0.29248361894488334
1198,500,500.0000,0.2984489160776138
1199,500,500.0000,0.29631417933106424
1200,500,500.0000,0.2980292829871178
1201,500,500.0000,0.2877633154094219
1202,500,500.0000,0.290545589864254
1203,500,500.0000,0.29397646912932396
1204,500,500.0000,0.2942421457767487
1205,500,500.0000,0.2831631691753864
1206,500,500.0000,0.2844896340072155
1207,500,500.0000,0.2837605359256268
1208,500,500.0000,0.28541029632091525
1209,500,500.0000,0.28843502286076544
1210,500,500.0000,0.29474831384420397
1211,500,500.0000,0.29977207235991954
1212,500,500.0000,0.3009057125002146
1213,500,500.0000,0.2850742083489895
1214,500,500.0000,0.28391052067279815
1215,500,500.0000,0.26925297583639624
1216,500,500.0000,0.2709061289727688
1217,500,500.0000,0.27138280686736105
1218,500,500.0000,0.27266450817883015
1219,500,500.0000,0.2618463622778654
1220,500,500.0000,0.2602658076137304
1221,500,500.0000,0.26108308029174804
1222,500,500.0000,0.26418694111704827
1223,500,500.0000,0.2597667880654335
1224,500,500.0000,0.25228307841718195
1225,500,500.0000,0.2559669422209263
1226,500,500.0000,0.24607332819700242
1227,500,500.0000,0.24045278073847293
1228,500,500.0000,0.24839976881444453
1229,500,500.0000,0.2531616376340389
1230,500,500.0000,0.24508223761618136
1231,500,500.0000,0.25445706786215305
1232,500,500.0000,0.2619166591465473
1233,500,500.0000,0.2606065165400505
1234,500,500.0000,0.25460043001174926
1235,500,500.0000,0.25946307645738126
1236,500,500.0000,0.25969303104281427
1237,500,500.0000,0.2651045353114605
1238,500,500.0000,0.2639426098763943
1239,500,500.0000,0.2652833290398121
1240,500,500.0000,0.26408595421910286
1241,500,500.0000,0.25386394231021403
1242,500,500.0000,0.25562278607487676
1243,500,500.0000,0.24912424448132514
1244,500,500.0000,0.25403366896510127
1245,500,500.0000,0.2503450659811497
1246,500,500.0000,0.24667561158537865
1247,500,500.0000,0.2264571098983288
1248,500,500.0000,0.2266429829597473
1249,500,500.0000,0.20920083977282047
1250,500,500.0000,0.20255964125692844
1251,500,500.0000,0.20067354615032673
1252,500,500.0000,0.20483739936351777
1253,500,500.0000,0.20155993820726872
1254,500,500.0000,0.19847880028188228
1255,500,500.0000,0.1942304747849703
1256,500,500.0000,0.1982214112430811
1257,500,500.0000,0.19658033852279186
1258,500,500.0000,0.20086094498634338
1259,500,500.0000,0.20658618299663067
1260,500,500.0000,0.20721981140971185
1261,500,500.0000,0.2010365872681141
1262,500,500.0000,0.2070496333837509
1263,500,500.0000,0.19643075612187386
1264,500,500.0000,0.20855964608490468
1265,500,500.0000,0.213384039580822
1266,500,500.0000,0.22673908013105393
1267,500,500.0000,0.23187190130352975
1268,500,500.0000,0.23069964411854743
1269,500,500.0000,0.23228501772880555
1270,500,500.0000,0.24612839955091476
1271,500,500.0000,0.27576540964841845
1272,500,500.0000,0.29485945135354996
1273,500,500.0000,0.3270067164003849
1274,500,500.0000,0.34941443464159966
1275,500,500.0000,0.3414108844101429
1276,500,500.0000,0.3279161682575941
1277,500,500.0000,0.3410145980715752
1278,500,500.0000,0.3380096877515316
1279,500,500.0000,0.3281304625570774
1280,500,500.0000,0.33121838435530665
1281,500,500.0000,0.3256064088344574
1282,500,500.0000,0.32382098118960856
1283,500,500.0000,0.3233314771950245
1284,500,500.0000,0.32407530599832535
1285,500,500.0000,0.3239649583101273
1286,500,500.0000,0.32743946853280065
1287,500,500.0000,0.3173602784872055
1288,500,500.0000,0.3224197863340378
1289,500,500.0000,0.34288040629029276
1290,500,500.0000,0.38584198999404906
1291,500,500.0000,0.40468681311607363
1292,500,500.0000,0.39957441738247873
1293,294,497.9400,0.40051427154111213
1294,500,497.9400,0.42414951518177985
1295,262,495.5600,0.45887282200669516
1296,246,493.0200,0.48742082830124756
1297,500,493.0200,0.48306486988067626
1298,279,490.8100,0.5110401237737321
1299,500,490.8100,0.5097395102977753
1300,500,490.8100,0.5328066530525685
1301,390,489.7100,0.5245899618436128
1302,387,488.5800,0.587766132844511
1303,369,487.2700,0.6056180459858602
1304,500,487.2700,0.631836115270853
1305,500,487.2700,0.6272131877541542
1306,500,487.2700,0.6706859667897225
1307,500,487.2700,0.6339595115184784
1308,500,487.2700,0.6491122055649757
1309,474,487.0100,0.6593429934752139
1310,500,487.0100,0.7245869432091713
1311,500,487.0100,0.6471031398177147
1312,500,487.0100,0.7193452390432358
1313,500,487.0100,0.7124242500066758
1314,500,487.0100,0.7320619666576386
1315,500,487.0100,0.7190018737316132
1316,500,487.0100,0.681740342348814
1317,500,487.0100,0.6012483322024346
1318,500,487.0100,0.5288765305876731
1319,500,487.0100,0.5576091277599334
1320,500,487.0100,0.5099328231215478
1321,500,487.0100,0.526955142378807
1322,500,487.0100,0.5286673639714717
1323,500,487.0100,0.5125057700872421
1324,500,487.0100,0.5450774453282357
1325,500,487.0100,0.5661240913867951
1326,500,487.0100,0.5596925104260445
1327,500,487.0100,0.552139070391655
1328,500,487.0100,0.5340660205483436
1329,500,487.0100,0.5457663532495499
1330,500,487.0100,0.5209250537753105
1331,500,487.0100,0.5307894443869591
1332,500,487.0100,0.5301364997029304
1333,500,487.0100,0.533473030090332
1334,500,487.0100,0.5107217026352883
1335,500,487.0100,0.4982932458519936
1336,500,487.0100,0.5055613697171212
1337,500,487.0100,0.4774577534198761
1338,500,487.0100,0.46901662862300875
1339,500,487.0100,0.47877132523059845
1340,500,487.0100,0.4852302603125572
1341,500,487.0100,0.4789482015967369
1342,500,487.0100,0.4862986580729485
1343,500,487.0100,0.48223663386702537
1344,500,487.0100,0.46939219814538957
1345,500,487.0100,0.4882936837077141
1346,500,487.0100,0.4847501269876957
1347,500,487.0100,0.483804117590189
1348,500,487.0100,0.5078958084583283
1349,500,487.0100,0.5225081543624401
1350,500,487.0100,0.5285977617502212
1351,500,487.0100,0.5038773755133152
1352,500,487.0100,0.49114016675949096
1353,500,487.0100,0.44804416090250015
1354,500,487.0100,0.4237387673854828
1355,500,487.0100,0.3997147761285305
1356,500,487.0100,0.3897173516750336
1357,500,487.0100,0.3825719685256481
1358,500,487.0100,0.3887679564058781
1359,500,487.0100,0.3921388306617737
1360,500,487.0100,0.3961572108268738
1361,500,487.0100,0.3890398457348347
1362,500,487.0100,0.37978990471363067
1363,500,487.0100,0.376735960572958
1364,500,487.0100,0.3844584182500839
1365,500,487.0100,0.367906499505043
1366,500,487.0100,0.3484538073539734
1367,500,487.0100,0.35259537160396576
1368,500,487.0100,0.34737951305508613
1369,500,487.0100,0.3414317508339882
1370,500,487.0100,0.34104172088205814
1371,500,487.0100,0.32101206001639365
1372,500,487.0100,0.32300327095389364
1373,500,487.0100,0.3214862944483757
1374,500,487.0100,0.32435098135471346
1375,500,487.0100,0.3375405878126621
1376,500,487.0100,0.3581916255056858
1377,500,487.0100,0.33925852608680723
1378,500,487.0100,0.345768524736166
1379,500,487.0100,0.33668083396553994
1380,500,487.0100,0.33151204431056974
1381,500,487.0100,0.3344093093574047
1382,500,487.0100,0.34220659226179123
1383,500,487.0100,0.3196980745792389
1384,500,487.0100,0.3081472819447517
1385,500,487.0100,0.30009907674789427
1386,500,487.0100,0.31787579506635666
1387,500,487.0100,0.33932985121011733
1388,500,487.0100,0.33807827475667
1389,500,487.0100,0.3356676663160324
1390,500,487.0100,0.3449966879785061
1391,500,487.0100,0.3564516195058823
1392,500,487.0100,0.35643686944246294
1393,500,489.0700,0.35549824687838555
1394,500,489.0700,0.3609475594162941
1395,500,491.4500,0.35453758215904235
1396,500,493.9900,0.35426588556170463
1397,500,493.9900,0.34709216302633283
1398,500,496.2000,0.3423174968659878
1399,500,496.2000,0.339170313000679
1400,500,496.2000,0.33332264292240144
1401,500,497.3000,0.3393272325396538
1402,500,498.4300,0.331852598875761
1403,500,499.7400,0.33731820318102834
1404,500,499.7400,0.32491206988692284
1405,500,499.7400,0.31972673736512663
1406,500,499.7400,0.3190103116631508
1407,500,499.7400,0.3177780108451843
1408,500,499.7400,0.3148458260148764
1409,500,500.0000,0.3114154724180698
1410,500,500.0000,0.3067723849713802
1411,500,500.0000,0.29841281804442404
1412,500,500.0000,0.29575498473644257
1413,500,500.0000,0.28833327585458757
1414,500,500.0000,0.2902287634909153
1415,500,500.0000,0.2864859418421984
1416,500,500.0000,0.2781647099852562
1417,500,500.0000,0.28038755628466605
1418,500,500.0000,0.27178891375660896
1419,500,500.0000,0.2770236167162657
1420,500,500.0000,0.27786763846874235
1421,500,500.0000,0.27805112791061404
1422,500,500.0000,0.2704295664727688
1423,500,500.0000,0.2732707738280296
1424,500,500.0000,0.2739183022975922
1425,500,500.0000,0.27730697505176066
1426,500,500.0000,0.2670439491122961
1427,500,500.0000,0.2673835020214319
1428,500,500.0000,0.2664427743703127
1429,500,500.0000,0.2649945776462555
1430,500,500.0000,0.2639509012699127
1431,500,500.0000,0.28045411118865016
1432,500,500.0000,0.2720857686698437
1433,500,500.0000,0.2811335546076298
1434,500,500.0000,0.2994033340215683
1435,500,500.0000,0.30385811626911163
1436,500,500.0000,0.31611256320774556
1437,500,500.0000,0.3096329539716244
1438,500,500.0000,0.30531738021969795
1439,120,496.2000,0.3042541991919279
1440,500,496.2000,0.3337701468169689
1441,500,496.2000,0.3241922447085381
1442,500,496.2000,0.3311450656354427
1443,500,496.2000,0.3385732931792736
1444,500,496.2000,0.30099979643523694
1445,500,496.2000,0.3241107459962368
1446,500,496.2000,0.3086528672277927
1447,500,496.2000,0.33599245455861093
1448,487,496.0700,0.33581451617288394
1449,500,496.0700,0.36975288480520246
1450,500,496.0700,0.42379897767305375
1451,500,496.0700,0.4822588415145874
1452,500,496.0700,0.5321542317867279
1453,500,496.0700,0.5508948556184768
1454,500,496.0700,0.5497718425393104
1455,500,496.0700,0.525846957206726
1456,500,496.0700,0.49623762220144274
1457,500,496.0700,0.5114896270036697
1458,500,496.0700,0.5036517440080642
1459,500,496.0700,0.47463324111700056
1460,500,496.0700,0.4625271881222725
1461,500,496.0700,0.4410172515511513
1462,500,496.0700,0.44231433537602427
1463,500,496.0700,0.4539053458571434
1464,500,496.0700,0.4378986628949642
1465,500,496.0700,0.41751400926709176
1466,500,496.0700,0.44024709448218347
1467,500,496.0700,0.42140031909942627
1468,500,496.0700,0.41713721460103986
1469,500,496.0700,0.4245939884483814
1470,500,496.0700,0.47906588280200957
1471,500,496.0700,0.5005079893171788
1472,500,496.0700,0.47292212080955504
1473,500,496.0700,0.44709431543946265
1474,500,496.0700,0.4238852661848068
1475,500,496.0700,0.4369810929000378
1476,500,496.0700,0.43510792377591134
1477,500,496.0700,0.42276805570721626
1478,422,495.2900,0.38402308096394155
1479,354,493.8300,0.42901859470343184
1480,500,493.8300,0.4909579504132271
1481,500,493.8300,0.5065182682573796
1482,500,493.8300,0.5063086173832416
1483,500,493.8300,0.5195726278424263
1484,500,493.8300,0.5240103061199188
1485,500,493.8300,0.529715593546629
1486,500,493.8300,0.46750941836833954
1487,500,493.8300,0.5607960819900036
1488,500,493.8300,0.5848454684019089
1489,500,493.8300,0.5298443241715431
1490,500,493.8300,0.5552137670516968
1491,500,493.8300,0.5299025701582432
1492,500,493.8300,0.49515819585323334
1493,500,493.8300,0.4643225513100624
1494,500,493.8300,0.4734341323375702
1495,500,493.8300,0.446344524204731
1496,500,493.8300,0.47145945209264756
1497,500,493.8300,0.45488617959618566
1498,500,493.8300,0.4380437516272068
1499,500,493.8300,0.4182038960158825
