episode,episode_steps,running_avg_100,avg_loss
0,13,13.0000,0.0
1,83,48.0000,0.0
2,17,37.6667,0.0
3,22,33.7500,0.0
4,13,29.6000,0.0
5,12,26.6667,0.0
6,13,24.7143,0.0
7,12,23.1250,0.0
8,16,22.3333,0.0
9,31,23.2000,0.0
10,18,22.7273,0.0
11,21,22.5833,0.4698240701109171
12,11,21.6923,0.3205588324503465
13,17,21.3571,0.2127928663702572
14,29,21.8667,0.10112567734101723
15,14,21.3750,0.05098132177123001
16,36,22.2353,0.028114793873909447
17,21,22.1667,0.018223685256782033
18,12,21.6316,0.015976528559500974
19,17,21.4000,0.014308427296140614
20,11,20.9048,0.014026828872209246
21,18,20.7727,0.012690254228396548
22,51,22.0870,0.010736491878096964
23,10,21.5833,0.010322831477969885
24,20,21.5200,0.009797602519392967
25,11,21.1154,0.008865188553252003
26,39,21.7778,0.008968196104829892
27,27,21.9643,0.009851340066503596
28,10,21.5517,0.009988052863627672
29,27,21.7333,0.010446502033759046
30,14,21.4839,0.010802724797810827
31,17,21.3438,0.011161707560805714
32,21,21.3333,0.011985150032809802
33,21,21.3235,0.013207252137362957
34,15,21.1429,0.014299592065314452
35,15,20.9722,0.01475758229692777
36,11,20.7027,0.014795551838522608
37,11,20.4474,0.01559313615276055
38,14,20.2821,0.01579793223312923
39,14,20.1250,0.016654058026948144
40,21,20.1463,0.01764506451962959
41,26,20.2857,0.01834768343430299
42,19,20.2558,0.017761224341627798
43,37,20.6364,0.01954250377477021
44,13,20.4667,0.019684564035672408
45,14,20.3261,0.02061286528727838
46,16,20.2340,0.020847446052357554
47,10,20.0208,0.0207080889493227
48,35,20.3265,0.02478278260678053
49,15,20.2200,0.024417613446712495
50,70,21.1961,0.025854016281664373
51,17,21.1154,0.027722208267625642
52,23,21.1509,0.02783981880739979
53,11,20.9630,0.02861475334926085
54,27,21.0727,0.030193565758290113
55,16,20.9821,0.027271523838862777
56,16,20.8947,0.02948006463702768
57,13,20.7586,0.03004890479720556
58,26,20.8475,0.026108947976563986
59,34,21.0667,0.03150316292200895
60,17,21.0000,0.028685555190724486
61,19,20.9677,0.031014757426945788
62,25,21.0317,0.030889475420117378
63,26,21.1094,0.03411446662189869
64,26,21.1846,0.03396551651307023
65,19,21.1515,0.034478224715904185
66,34,21.3433,0.03347027203177705
67,18,21.2941,0.029830280225723982
68,13,21.1739,0.033106887426513895
69,16,21.1000,0.030287736328318715
70,30,21.2254,0.03603269153585036
71,40,21.4861,0.03593757008202374
72,44,21.7945,0.03373256909914992
73,12,21.6622,0.04092632234096527
74,32,21.8000,0.03293458477128297
75,43,22.0789,0.03966585122222124
76,17,22.0130,0.04110909735455232
77,64,22.5513,0.039496098848758265
78,28,22.6203,0.04074526425184948
79,29,22.7000,0.041702190221383655
80,37,22.8765,0.04050925590500638
81,19,22.8293,0.04319198302140361
82,16,22.7470,0.040741303469985723
83,13,22.6310,0.040073515130923346
84,23,22.6353,0.04391584512980088
85,24,22.6512,0.04313117521815002
86,44,22.8966,0.04213124115697362
87,14,22.7955,0.0405944020354322
88,38,22.9663,0.040833427668794206
89,33,23.0778,0.044385832198189965
90,22,23.0659,0.045103267089209774
91,33,23.1739,0.04143223228553931
92,15,23.0860,0.04704466039935748
93,14,22.9894,0.04708071877913816
94,51,23.2842,0.042834045365452766
95,47,23.5312,0.04404162492682325
96,13,23.4227,0.045043628089703046
97,54,23.7347,0.045781627262908
98,34,23.8384,0.043733222136164415
99,84,24.4400,0.044394276260087885
100,43,24.7400,0.044316190359897395
101,16,24.0700,0.04532540508080274
102,36,24.2600,0.039115468919691115
103,14,24.1800,0.04152225809437888
104,101,25.0600,0.04362189364020187
105,87,25.8100,0.044837986943365514
106,112,26.8000,0.043938057364097664
107,91,27.5900,0.04510514476019275
108,86,28.2900,0.04592548644300117
109,37,28.3500,0.05037088918726187
110,39,28.5600,0.04777927338503874
111,136,29.7100,0.04836885205141323
112,66,30.2600,0.05188729340267001
113,99,31.0800,0.05166366430131173
114,113,31.9200,0.05508945885617121
115,136,33.1400,0.05581929188166909
116,99,33.7700,0.05403406242604809
117,157,35.1300,0.05925605022556083
118,143,36.4400,0.06138342053635971
119,129,37.5600,0.06205577436516913
120,130,38.7500,0.061356378991443375
121,199,40.5600,0.06947591568544582
122,151,41.5600,0.06991547628595735
123,158,43.0400,0.07174789939735886
124,136,44.2000,0.0735903350800714
125,188,45.9700,0.07755829542478983
126,14,45.7200,0.0713266416319779
127,158,47.0300,0.07865137823774845
128,143,48.3600,0.0820609406157807
129,292,51.0100,0.08239797069627332
130,128,52.1500,0.0864735622308217
131,146,53.4400,0.08514943278764617
132,155,54.7800,0.09401683764111611
133,134,55.9100,0.09523014986970976
134,142,57.1800,0.09515840728098238
135,154,58.5700,0.09764788865849569
136,194,60.4000,0.09501357303605866
137,163,61.9200,0.09438680123789178
138,180,63.5800,0.09861719459295273
139,249,65.9300,0.10435349449335811
140,180,67.5200,0.10845075013736884
141,212,69.3800,0.1098059871550298
142,179,70.9800,0.10589249014812807
143,160,72.2100,0.10353878020541743
144,155,73.6300,0.11302631764161972
145,222,75.7100,0.11412908042034318
146,162,77.1700,0.1229146213075261
147,175,78.8200,0.12117632480604308
148,171,80.1800,0.11846855365567738
149,183,81.8600,0.12386261567961974
150,209,83.2500,0.12406236498335903
151,118,84.2600,0.12251977369946948
152,193,85.9600,0.12467719579762128
153,172,87.5700,0.1292860670188485
154,152,88.8200,0.12291166022125828
155,177,90.4300,0.13709534529996456
156,208,92.3500,0.13850324146019724
157,144,93.6600,0.1342244216033982
158,152,94.9200,0.13145896919855946
159,166,96.2400,0.1290611288095095
160,146,97.5300,0.12722756762108575
161,179,99.1300,0.12753450616611448
162,152,100.4000,0.1190465256988414
163,164,101.7800,0.12623372342346645
164,156,103.0800,0.1093200782361703
165,18,103.0700,0.10781532505320178
166,142,104.1500,0.10754218626714929
167,128,105.2500,0.10237909202987794
168,160,106.7200,0.10182665364118293
169,180,108.3600,0.09885529818841153
170,159,109.6500,0.09340351063219256
171,159,110.8400,0.09797996518043976
172,156,111.9600,0.09896653081075503
173,140,113.2400,0.09609430866049869
174,175,114.6700,0.08913231182311263
175,139,115.6300,0.09249306693941141
176,23,115.6900,0.0735055356407943
177,137,116.4200,0.09164841044830145
178,132,117.4600,0.09620390361118497
179,126,118.4300,0.09287058266382368
180,133,119.3900,0.0853074887221245
181,134,120.5400,0.09561543084625433
182,148,121.8600,0.09806957297228477
183,166,123.3900,0.09354531896266952
184,141,124.5700,0.09179463699882758
185,127,125.6000,0.09600876556254748
186,117,126.3300,0.09171431143887532
187,133,127.5200,0.09381441986258317
188,83,127.9700,0.09298014815851867
189,187,129.5100,0.10289725793754673
190,130,130.5900,0.09454081380883088
191,135,131.6100,0.10125453988159144
192,127,132.7300,0.08809665910254313
193,126,133.8500,0.1081351719737526
194,121,134.5500,0.09973095035688444
195,129,135.3700,0.0986021025784949
196,118,136.4200,0.10222300228867996
197,118,137.0600,0.10331489504078183
198,111,137.8300,0.10270340537635593
199,118,138.1700,0.10668294194896343
200,113,138.8700,0.09736528311880817
201,117,139.8800,0.10084993965350665
202,128,140.8000,0.10585042413731571
203,120,141.8600,0.10051977192051709
204,129,142.1400,0.10748919924042484
205,130,142.5700,0.10456529639374751
206,110,142.5500,0.09933498613536358
207,107,142.7100,0.10854807691039325
208,34,142.1900,0.11250222123721067
209,120,143.0200,0.09864460333871344
210,207,144.7000,0.11122874186738678
211,112,144.4600,0.11439656022204352
212,132,145.1200,0.10780844337899577
213,112,145.2500,0.11338741586743188
214,122,145.3400,0.10357575428473656
215,137,145.3500,0.11511454077260773
216,157,145.9300,0.12147912869502785
217,128,145.6400,0.11335096493712626
218,119,145.4000,0.11710669418029926
219,170,145.8100,0.11788445701274802
220,116,145.6700,0.12223402519935164
221,121,144.8900,0.11451074536427978
222,119,144.5700,0.13320238800609813
223,135,144.3400,0.11089629867562541
224,116,144.1400,0.12986191535561248
225,139,143.6500,0.13283787241620984
226,208,145.5900,0.12304632807186303
227,175,145.7600,0.13941885041339055
228,258,146.9100,0.1289824294142945
229,180,145.7900,0.13016552905448608
230,203,146.5400,0.1274387082497915
231,224,147.3200,0.12115206752371575
232,192,147.6900,0.13003279574331827
233,151,147.8600,0.1206954170931254
234,183,148.2700,0.11958979513964367
235,203,148.7600,0.11774507076869457
236,230,149.1200,0.12164019142156061
237,155,149.0400,0.11475325765148287
238,162,148.8600,0.11747543781673835
239,183,148.2000,0.11472671263204898
240,138,147.7800,0.13109565280593824
241,134,147.0000,0.12261940458261256
242,118,146.3900,0.11323307956553112
243,148,146.2700,0.12249539301705521
244,135,146.0700,0.12696703428195583
245,116,145.0100,0.1274816000930451
246,160,144.9900,0.12233398865209892
247,165,144.8900,0.12431842882299061
248,148,144.6600,0.1245188408883641
249,150,144.3300,0.11662096006174882
250,32,142.5600,0.11711700784508139
251,147,142.8500,0.11595433392897755
252,142,142.3400,0.11032029672879988
253,144,142.0600,0.11146114576452722
254,123,141.7700,0.12231422388335554
255,132,141.3200,0.11218301177194173
256,149,140.7300,0.10897727953207573
257,138,140.6700,0.10314514181590166
258,86,140.0100,0.11138054750166661
259,146,139.8100,0.10771308070023174
260,156,139.9100,0.11843469426131402
261,157,139.6900,0.11312201290515958
262,161,139.7800,0.09894251559646974
263,41,138.5500,0.11355822356190623
264,160,138.5900,0.1101826645201072
265,43,138.8400,0.10034131219740523
266,163,139.0500,0.11339367153637249
267,39,138.1600,0.1259279506137738
268,124,137.8000,0.11261134612704476
269,141,137.4100,0.1325739579843291
270,248,138.3000,0.12445966781477534
271,255,139.2600,0.11474925302261231
272,180,139.5000,0.11895052454330855
273,76,138.8600,0.10962716122402956
274,57,137.6800,0.12721437166788077
275,44,136.7300,0.1499040204269642
276,63,137.1300,0.14850601979664393
277,25,136.0100,0.1390121178328991
278,208,136.7700,0.13030826296800604
279,124,136.7500,0.1258924915154855
280,13,135.5500,0.11477841465519024
281,72,134.9300,0.12152384782934354
282,174,135.1900,0.14312310181772228
283,72,134.2500,0.14623309596855608
284,35,133.1900,0.15837717497987405
285,173,133.6500,0.14730340286529478
286,212,134.6000,0.1463105446606312
287,52,133.7900,0.15466392724416578
288,134,134.3000,0.15009165020075751
289,77,133.2000,0.14026807879956513
290,339,135.2900,0.15647513575434333
291,116,135.1000,0.1473606786337392
292,12,133.9500,0.06937564164400101
293,126,133.9500,0.14629290856066204
294,78,133.5200,0.17647289773688102
295,115,133.3800,0.15890944123916004
296,119,133.3900,0.15743891439330177
297,178,133.9900,0.15885900159816393
298,259,135.4700,0.1578045062735159
299,61,134.9000,0.14475208203323553
300,105,134.8200,0.1569258457138425
301,132,134.9700,0.1696719971457214
302,34,134.0300,0.2224544533802306
303,116,133.9900,0.21064710239719214
304,159,134.2900,0.18851200429101786
305,207,135.0600,0.1841580600698213
306,163,135.5900,0.17643996938331727
307,128,135.8000,0.19500156833964866
308,170,137.1600,0.1898747406571227
309,151,137.4700,0.18415790524901143
310,62,136.0200,0.16475505186545272
311,211,137.0100,0.1969023446565697
312,135,137.0400,0.21327470173990284
313,223,138.1500,0.20691642541889385
314,121,138.1400,0.20982189645821397
315,153,138.3000,0.20211255726909716
316,170,138.4300,0.20767915392404093
317,157,138.7200,0.20642752685601923
318,166,139.1900,0.22256059908723258
319,181,139.3000,0.19881847028450741
320,50,138.6400,0.22621139243245125
321,163,139.0600,0.2189599838382079
322,150,139.3700,0.20487296293179194
323,155,139.5700,0.19549911010169213
324,150,139.9100,0.21788608886301516
325,138,139.9000,0.20259708301096724
326,156,139.3800,0.20448322372081187
327,137,139.0000,0.19267449911384688
328,166,138.0800,0.2163411274058632
329,150,137.7800,0.20898667701830467
330,142,137.1700,0.20684092066867252
331,146,136.3900,0.19304550508011695
332,134,135.8100,0.2275580833596525
333,140,135.7000,0.2112721259040492
334,131,135.1800,0.21666464902005578
335,134,134.4900,0.20141935074674105
336,149,133.6800,0.20696222260844388
337,123,133.3600,0.21964544589381393
338,112,132.8600,0.20962974989587174
339,196,132.9900,0.21265048489012583
340,83,132.4400,0.20957195121480757
341,146,132.5600,0.20548952081278987
342,163,133.0100,0.22094358380403986
343,136,132.8900,0.18720773566404686
344,150,133.0400,0.20511141603191693
345,238,134.2600,0.21394852897105346
346,150,134.1600,0.1947044669960936
347,213,134.6400,0.20561785248278733
348,147,134.6300,0.1871201735065908
349,121,134.3400,0.17615145124679754
350,132,135.3400,0.1878980523201101
351,51,134.3800,0.19183363962699385
352,217,135.1300,0.18033797699048223
353,154,135.2300,0.17237988622351127
354,204,136.0400,0.1758539384943159
355,229,137.0100,0.1681646781782396
356,145,136.9700,0.14778908649138336
357,223,137.8200,0.14302762274551017
358,228,139.2400,0.15369401140988134
359,51,138.2900,0.11843766155196171
360,268,139.4100,0.1450013149140486
361,257,140.4100,0.13910856793710694
362,221,141.0100,0.1291167485818469
363,222,142.8200,0.1279361674830586
364,212,143.3400,0.1143818071709489
365,216,145.0700,0.11320198953358664
366,158,145.0200,0.10525937750935555
367,64,145.2700,0.1157551540818531
368,211,146.1400,0.10079436618569904
369,240,147.1300,0.10456227854204675
370,56,145.2100,0.13210309865618391
371,229,144.9500,0.10356889970958494
372,163,144.7800,0.10286440920838914
373,186,145.8800,0.1069626561115666
374,238,147.6900,0.10112005343832889
375,196,149.2100,0.09124831637671711
376,291,151.4900,0.08551861505789035
377,352,154.7600,0.0893285112847066
378,59,153.2700,0.08981951158809459
379,64,152.6700,0.09595934685785323
380,353,156.0700,0.10011153095124802
381,247,157.8200,0.0950902366128407
382,393,160.0100,0.1076100904153276
383,364,162.9300,0.10302545481801524
384,338,165.9600,0.10601841696929297
385,316,167.3900,0.10524277492202347
386,375,169.0200,0.10677035714189212
387,376,172.2600,0.11068598072520121
388,403,174.9500,0.11533840510892512
389,390,178.0800,0.11460206490010023
390,500,179.6900,0.11771561222523451
391,500,183.5300,0.11609644182026387
392,500,188.4100,0.10369644125923515
393,500,192.1500,0.10270894036069513
394,13,191.5000,0.11228655450619184
395,500,195.3500,0.09894905219227075
396,500,199.1600,0.10805806515365839
397,12,197.5000,0.15407543598363796
398,500,199.9100,0.09775214489549398
399,73,200.0300,0.10378061245157294
400,500,203.9800,0.10587532590702176
401,51,203.1700,0.09339592090862639
402,500,207.8300,0.10350323226302863
403,500,211.6700,0.09755071930587292
404,69,210.7700,0.09306310901445324
405,500,213.7000,0.0955191211681813
406,12,212.1900,0.09761247939119737
407,79,211.7000,0.08099485674425017
408,82,210.8200,0.11789617410338507
409,77,210.0800,0.08898132088799755
410,86,210.3200,0.1121333898478296
411,500,213.2100,0.10013368302211166
412,128,213.1400,0.1020127930023591
413,460,215.5100,0.08994828080151068
414,500,219.3000,0.09551385951787233
415,91,218.6800,0.078506832727446
416,57,217.5500,0.10317251285570755
417,56,216.5400,0.10750443365291826
418,500,219.8800,0.09683172694034875
419,56,218.6300,0.12253287850346949
420,57,218.7000,0.11113115181133412
421,500,222.0700,0.1003944638222456
422,104,221.6100,0.0852158741416553
423,453,224.5900,0.10291154077584973
424,112,224.2100,0.10203461271677432
425,43,223.2600,0.1245694674421535
426,105,222.7500,0.1258198441760171
427,500,226.3800,0.12079111799038947
428,37,225.0900,0.07988778401065517
429,83,224.4200,0.14013263061418232
430,55,223.5500,0.1480117091909051
431,39,222.4800,0.10077524466965443
432,42,221.5600,0.09472203922147553
433,44,220.6000,0.11894224637018685
434,500,224.2900,0.1463361095469445
435,48,223.4300,0.14874524852105728
436,43,222.3700,0.1855802211347361
437,161,222.7500,0.14001423783993683
438,500,226.6300,0.15296475755423308
439,42,225.0900,0.1276910827450809
440,41,224.6700,0.18128510987068094
441,49,223.7000,0.17484611432467187
442,41,222.4800,0.18619181572391494
443,42,221.5400,0.16184446574854
444,358,223.6200,0.15754080977675886
445,12,221.3600,0.17578275750080744
446,427,224.1300,0.2087708153048709
447,48,222.4800,0.18678853592912978
448,44,221.4500,0.21746775907972318
449,52,220.7600,0.15471855278771657
450,46,219.9000,0.18866493277575658
451,500,224.3900,0.21155896185152231
452,18,222.4000,0.23492731402317682
453,16,221.0200,0.20622344606090337
454,500,223.9800,0.19830697013065218
455,500,226.6900,0.19731116738915444
456,500,230.2400,0.2037060916069895
457,53,228.5400,0.21973945755722388
458,500,231.2600,0.21432494488731027
459,500,235.7500,0.1911910037510097
460,500,238.0700,0.17348422018811108
461,26,235.7600,0.26584109821571755
462,17,233.7200,0.239055112880819
463,46,231.9600,0.19374479280541773
464,500,234.8400,0.21062670213356613
465,500,237.6800,0.18397807072848082
466,500,241.1000,0.1689525998774916
467,21,240.6700,0.1317650975570792
468,500,243.5600,0.17249135753698647
469,500,246.1600,0.17483218679204582
470,500,250.6000,0.16156703019887209
471,500,253.3100,0.1448579502236098
472,12,251.8000,0.18383956708324453
473,20,250.1400,0.10651090554893017
474,16,247.9200,0.1660645204829052
475,28,246.2400,0.15996267111040652
476,500,248.3300,0.14543292796611787
477,500,249.8100,0.13249256979580967
478,500,254.2200,0.12374066543765366
479,500,258.5800,0.10230879366584122
480,47,255.5200,0.08928857135408103
481,14,253.1900,0.1815907221420535
482,500,254.2600,0.09211457086727023
483,500,255.6200,0.0767877117395401
484,500,257.2400,0.06636566911451519
485,9,254.1700,0.07264670160495573
486,17,250.5900,0.07691026144825361
487,15,246.9800,0.06890146400158605
488,20,243.1500,0.10038597183302045
489,16,239.4100,0.057196402398403734
490,15,234.5600,0.08510927030195793
491,500,234.5600,0.08535891596786678
492,500,234.5600,0.08487028147932142
493,11,229.6700,0.09692789186638864
494,500,234.5400,0.09868448940012604
495,19,229.7300,0.06281481607277926
496,500,229.7300,0.09308616424072534
497,36,229.9700,0.08577889972366393
498,43,225.4000,0.12203664319633051
499,500,229.6700,0.11218728593923151
500,500,229.6700,0.09587081381026655
501,500,234.1600,0.08412378775142133
502,500,234.1600,0.08721011029276997
503,500,234.1600,0.08827697300631553
504,500,238.4700,0.08082926562521607
505,500,238.4700,0.08789951004926115
506,123,239.5800,0.07898286982189591
507,96,239.7500,0.08675151488084036
508,77,239.7000,0.10216511651728448
509,84,239.7700,0.08512494997454009
510,84,239.7500,0.09898381140859176
511,500,239.7500,0.10215812857169658
512,79,239.2600,0.07433113186396187
513,62,235.2800,0.08687959196076038
514,500,235.2800,0.09689418392069638
515,45,234.8200,0.0953245640007986
516,106,235.3100,0.10711848973033
517,500,239.7500,0.10695824134908617
518,60,235.3500,0.1364800497268637
519,500,239.7900,0.11930859981104731
520,88,240.1000,0.0898739417316392
521,51,235.6100,0.12052251983835709
522,500,239.5700,0.10556151113752275
523,85,235.8900,0.14009326369885136
524,500,239.7700,0.12466556828375906
525,48,239.8200,0.10371089082521696
526,500,243.7700,0.11993949080538005
527,37,239.1400,0.10221062255771579
528,500,243.7700,0.10783140175323934
529,279,245.7300,0.10906965419730191
530,37,245.5500,0.07760478359823292
531,15,245.3100,0.12684628044565519
532,42,245.3100,0.1360982015307638
533,77,245.6400,0.13129770599136298
534,38,241.0200,0.14924601016958294
535,105,241.5900,0.14429350699342433
536,40,241.5600,0.1366742649115622
537,41,240.3600,0.14872725579387894
538,18,235.5400,0.10734052705164585
539,500,240.1200,0.1453246572492644
540,500,244.7100,0.1369685362856835
541,500,249.2200,0.11955134130269289
542,53,249.3400,0.15463400082135537
543,46,249.3800,0.1330151622507559
544,14,245.9400,0.13624904723837972
545,58,246.4000,0.18461064316717715
546,59,242.7200,0.1606550558659611
547,37,242.6100,0.20237224954306274
548,43,242.6000,0.15220274339798232
549,13,242.2100,0.16264572238119748
550,41,242.1600,0.17437744926570392
551,45,237.6100,0.1857286146324542
552,500,242.4300,0.1751998906172812
553,15,242.4200,0.18206144276385505
554,15,237.5700,0.1534988012475272
555,500,237.5700,0.2028862368715927
556,22,232.7900,0.2082334065555849
557,55,232.8100,0.2604057657447728
558,60,228.4100,0.22572678957755368
559,54,223.9500,0.2190537225558526
560,58,219.5300,0.24399507064211728
561,500,224.2700,0.22398172095324845
562,500,229.1000,0.22196468287613244
563,500,233.6400,0.20299639031104744
564,500,233.6400,0.1991144722411409
565,17,228.8100,0.19773963600506678
566,500,228.8100,0.20052221007831394
567,183,230.4300,0.17386535963277674
568,197,227.4000,0.18613332862431553
569,337,225.7700,0.1918606458574489
570,241,223.1800,0.19575837045846145
571,483,223.0100,0.2081942872238764
572,187,224.7600,0.20141385360197586
573,198,226.5400,0.20462713116836367
574,12,226.5000,0.15597521203259626
575,193,228.1500,0.2080331861953507
576,500,228.1500,0.20822625231742858
577,200,225.1500,0.1967959709977731
578,207,222.2200,0.2006678049394114
579,24,217.4600,0.14075209472017983
580,216,219.1500,0.20880463447301062
581,240,221.4100,0.23492899508370707
582,500,221.4100,0.21427652289904653
583,251,218.9200,0.1887977236021028
584,12,214.0400,0.22732910327613354
585,469,218.6400,0.1894613504310502
586,258,221.0500,0.20967252985321622
587,269,223.5900,0.17833756852451865
588,257,225.9600,0.19524310304554984
589,247,228.2700,0.21461670576153616
590,236,230.4800,0.19155183786100125
591,500,230.4800,0.16871917838975786
592,17,225.6500,0.15043110126519904
593,500,230.5400,0.15748586141318083
594,12,225.6600,0.158631940294678
595,500,230.4700,0.14621187709085642
596,500,230.4700,0.1289622821789235
597,111,231.2200,0.14925791220823387
598,310,233.8900,0.14771612402832796
599,148,230.3700,0.13409239596158667
600,500,230.3700,0.14863802998140455
601,56,225.9300,0.14190553805591272
602,13,221.0600,0.15630017657979176
603,500,221.0600,0.16913301448430865
604,500,221.0600,0.14403324067499487
605,500,221.0600,0.14138481694832444
606,54,220.3700,0.13556848877730468
607,500,224.4100,0.14207291944418102
608,500,228.6400,0.1371780795250088
609,13,227.9300,0.17150839138776064
610,500,232.0900,0.12830974863655864
611,70,227.7900,0.13771847390037562
612,500,232.0000,0.1295108612626791
613,82,232.2000,0.10979122742329066
614,500,232.2000,0.10996347278822213
615,271,234.4600,0.11000999692497548
616,12,233.5200,0.09056411978478233
617,239,230.9100,0.1303116835743407
618,500,235.3100,0.1188769411239773
619,278,233.0900,0.11099826689916763
620,500,237.2100,0.10371611229889095
621,258,239.2800,0.1127727095600824
622,32,234.6000,0.11095925761037506
623,500,238.7500,0.10531255358830094
624,62,234.3700,0.09297825421597208
625,80,234.6900,0.08656004271470011
626,500,234.6900,0.11417923409678042
627,63,234.9500,0.08017940774914764
628,59,230.5400,0.11179441644541793
629,57,228.3200,0.1076592036375874
630,46,228.4100,0.16725175732584752
631,60,228.8600,0.10946074089345832
632,500,233.4400,0.12358472092822194
633,500,237.6700,0.1264266961896792
634,70,237.9900,0.11903228919420923
635,500,241.9400,0.12378124914877117
636,500,246.5400,0.11540615084115416
637,500,251.1300,0.10691095154639334
638,500,255.9500,0.09863028763979674
639,500,255.9500,0.08157078902609646
640,500,255.9500,0.09356162758171559
641,500,255.9500,0.10158647981472313
642,300,258.4200,0.08130485588995119
643,500,262.9600,0.09374211356602609
644,284,265.6600,0.08447731415000023
645,170,266.7800,0.1082876795245444
646,76,266.9500,0.09815058602314246
647,500,271.5800,0.10786727634817361
648,314,274.2900,0.10079679313370851
649,14,274.3000,0.1110540314777089
650,268,276.5700,0.10762632679222013
651,284,278.9600,0.10257199602070409
652,295,276.9100,0.10522438539034229
653,282,279.5800,0.10973041271295478
654,259,282.0200,0.11414821263632834
655,249,279.5100,0.13535237705230294
656,15,279.4400,0.0917954477481544
657,259,281.4800,0.11297541188478873
658,259,283.4700,0.12281758027352593
659,280,285.7300,0.13568192525667006
660,297,288.1200,0.11684268184307248
661,19,283.3100,0.11422251044821582
662,262,280.9300,0.14390801494045338
663,21,276.1400,0.18199560735818177
664,244,273.5800,0.12786292007429617
665,14,273.5500,0.09696301997506193
666,266,271.2100,0.13852825646876896
667,300,272.3800,0.14422913998054962
668,296,273.3700,0.14507282938575372
669,295,272.9500,0.13815820279483826
670,291,273.4500,0.1388308398835233
671,310,271.7200,0.14890785281576457
672,295,272.8000,0.16371147724626176
673,278,273.6000,0.16212576177145402
674,299,276.4700,0.16509855209217472
675,313,277.6700,0.18493897383943342
676,339,276.0600,0.17636715898916652
677,329,277.3500,0.19204291553126143
678,72,276.0000,0.19396756950300187
679,349,279.2500,0.1946861141062419
680,361,280.7000,0.2010604345776306
681,342,281.7200,0.20406620043237306
682,69,277.4100,0.21226902948557466
683,337,278.2700,0.2122394707570687
684,378,281.9300,0.20047692019891525
685,335,280.5900,0.2123332381651584
686,350,281.5100,0.1961967236216047
687,58,279.4000,0.26609297853027436
688,354,280.3700,0.19459428230174264
689,376,281.6600,0.2314311696248664
690,276,282.0600,0.21735281710668156
691,334,280.4000,0.21091440928581276
692,358,283.8100,0.20059012068050533
693,500,283.8100,0.20476761502958835
694,191,285.6000,0.20575679445161402
695,500,285.6000,0.1986696365242824
696,500,285.6000,0.18694480895623564
697,500,289.4900,0.15620381521992385
698,500,291.3900,0.14766732701845467
699,374,293.6500,0.13901264672566027
700,500,293.6500,0.13920168778207154
701,500,298.0900,0.1312124487599358
702,11,298.0700,0.10815621713515032
703,500,298.0700,0.11669605540763586
704,500,298.0700,0.10596739464718849
705,26,293.3300,0.10119333485356317
706,500,297.7900,0.12409795797429979
707,281,295.6000,0.10230451826423778
708,500,295.6000,0.09350648019928486
709,500,300.4700,0.09840489725582302
710,486,300.3300,0.08675576533371038
711,243,302.0600,0.0851287658924214
712,254,299.6000,0.08871814610040564
713,500,303.7800,0.07781554221827537
714,11,298.8900,0.09913540822030469
715,500,301.1800,0.07260182031709701
716,500,306.0600,0.06720213413611055
717,500,308.6700,0.06268624794948846
718,500,308.6700,0.05290983889345079
719,500,310.8900,0.048039646754041314
720,500,310.8900,0.051369788791053
721,500,313.3100,0.05270778573444113
722,411,317.1000,0.0459892955323151
723,399,316.0900,0.05828270080492349
724,411,319.5800,0.05888532203624428
725,406,322.8400,0.05493286160839345
726,500,322.8400,0.06386663182545453
727,500,327.2100,0.05931802393309772
728,500,331.6200,0.05824737736582756
729,500,336.0500,0.05708270277641714
730,500,340.5900,0.050050916835665704
731,500,344.9900,0.05192314774729311
732,500,344.9900,0.04354515171516687
733,500,344.9900,0.047129827020689845
734,500,349.2900,0.03417521683406085
735,500,349.2900,0.02767718028370291
736,500,349.2900,0.024702253668569027
737,500,349.2900,0.03162241244595498
738,500,349.2900,0.02255382001772523
739,500,349.2900,0.02485828207153827
740,500,349.2900,0.02518329190928489
741,500,349.2900,0.020339972088113428
742,500,351.2900,0.021386369076091795
743,500,351.2900,0.019968201582320034
744,500,353.4500,0.017439651305321605
745,500,356.7500,0.011655781598296016
746,28,356.2700,0.0036710962636529337
747,500,356.2700,0.006953938396647572
748,9,353.2200,0.003268241106222073
749,11,353.1900,0.0033493512733416123
750,16,350.6700,0.029956558311823756
751,10,347.9300,0.024687550216913223
752,42,345.4000,0.03388347500558233
753,500,347.5800,0.03296948540490121
754,24,345.2300,0.039597804920049384
755,500,347.7400,0.038610232245642695
756,500,352.5900,0.036983271990437064
757,450,354.5000,0.04666658909370502
758,221,354.1200,0.045507096287233935
759,447,355.7900,0.054729149756032214
760,500,357.8200,0.05967561249621212
761,500,362.6300,0.061590192163363096
762,500,365.0100,0.06025134005397558
763,500,369.8000,0.0461252033803612
764,500,372.3600,0.05550689592491835
765,113,373.3500,0.0600886740886598
766,16,370.8500,0.07218195305904374
767,97,368.8200,0.07112086491812904
768,14,366.0000,0.03622647887095809
769,66,363.7100,0.0938064567180294
770,101,361.8100,0.07233787186462248
771,14,358.8500,0.06620901400622513
772,19,356.0900,0.11569084626573481
773,500,358.3100,0.08857164461817592
774,46,355.7800,0.09679544778824177
775,500,357.6500,0.11627658805344254
776,500,359.2600,0.1142639680635184
777,500,360.9700,0.10286576457694173
778,20,360.4500,0.04759435122832656
779,500,361.9600,0.10534268782380968
780,500,363.3500,0.10861934190988541
781,500,364.9300,0.11920006297063082
782,500,369.2400,0.11585894821211695
783,500,370.8700,0.09058343154471368
784,500,372.0900,0.07733448533434421
785,500,373.7400,0.06987906602490693
786,500,375.2400,0.0708813252542168
787,500,379.6600,0.07336116116307675
788,500,381.1200,0.06115674544684589
789,500,382.3600,0.05031070271506906
790,19,379.7900,0.08220962189922207
791,464,381.0900,0.06641290655885503
792,15,377.6600,0.03069928800687194
793,17,372.8300,0.05523962198811419
794,500,375.9200,0.0761961551969871
795,401,374.9300,0.07602836573589361
796,446,374.3900,0.09194275271356306
797,500,374.3900,0.07734095762949438
798,486,374.2500,0.047098058272524904
799,500,375.5100,0.04619817667268217
800,138,371.8900,0.0538916293349441
801,500,371.8900,0.04906101196538657
802,14,371.9200,0.02113807068339416
803,500,371.9200,0.05724351660022512
804,500,371.9200,0.04928515140619129
805,500,376.6600,0.04767834473634139
806,500,376.6600,0.04671036371774971
807,500,378.8500,0.048844414007849994
808,500,378.8500,0.04619594144495204
809,356,377.4100,0.05652146042701317
810,500,377.5500,0.056778580809012054
811,500,380.1200,0.05082171009248122
812,500,382.5800,0.05371204883232713
813,500,382.5800,0.05501939340867102
814,11,382.5800,0.09824016770686615
815,500,382.5800,0.059363167375326154
816,500,382.5800,0.05777222011098638
817,500,382.5800,0.04375122501375154
818,500,382.5800,0.03479196317726746
819,500,382.5800,0.03374924157280475
820,500,382.5800,0.02975110707152635
821,500,382.5800,0.03169461855804548
822,500,383.4700,0.020206567720975725
823,500,384.4800,0.018402938996907325
824,500,385.3700,0.01470432340214029
825,500,386.3100,0.015084846889134496
826,211,383.4200,0.010280557191970435
827,132,379.7400,0.01757753599315148
828,227,377.0100,0.021291014920952957
829,478,376.7900,0.021953839608507084
830,301,374.8000,0.0302094195356772
831,408,373.8800,0.031966036565684
832,465,373.5300,0.03759165791724558
833,500,373.5300,0.04670283542526886
834,288,371.4100,0.04426248027367466
835,323,369.6400,0.043055262590323114
836,273,367.3700,0.05065532675227867
837,500,367.3700,0.07556452218489722
838,98,363.3500,0.07101397665350564
839,76,359.1100,0.05047945014054054
840,76,354.8700,0.09228956059393424
841,313,353.0000,0.06885011686449544
842,122,349.2200,0.08806555355196727
843,500,349.2200,0.0803572110440582
844,93,345.1500,0.09578811100393694
845,266,342.8100,0.0900143133607672
846,91,343.4400,0.08321565877809957
847,43,338.8700,0.07732925083228322
848,244,341.2200,0.09482574980938807
849,47,341.5800,0.1273045592366698
850,22,341.6400,0.09894862002693117
851,86,342.4000,0.10969110480293112
852,46,342.4400,0.11940452895815605
853,222,339.6600,0.1482100842587717
854,176,341.1800,0.13617669528784146
855,163,337.8100,0.15261020583666265
856,242,335.2300,0.13157351640984416
857,150,332.2300,0.16221932300056022
858,168,331.7000,0.18153552909193205
859,140,328.6300,0.173308459459804
860,156,325.1900,0.16906510278558692
861,137,321.5600,0.16715341955967192
862,182,318.3800,0.17019602514363333
863,342,316.8000,0.18409316415615293
864,110,312.9000,0.18554314777509057
865,163,313.4000,0.1702813453075299
866,151,314.7500,0.1939654346749754
867,330,317.0800,0.20573166102791826
868,311,320.0500,0.21481286416764572
869,242,321.8100,0.21618824444272486
870,255,323.3500,0.23540018675209698
871,212,325.3300,0.23720276637336696
872,182,326.9600,0.2292016213631851
873,159,323.5500,0.21477994546528506
874,112,324.2100,0.25920810376244063
875,368,322.8900,0.23542858892292512
876,204,319.9300,0.23824183999642948
877,160,316.5300,0.2281486951338593
878,179,318.1200,0.24636731668006026
879,263,315.7500,0.24516630803231335
880,251,313.2600,0.2392067753977005
881,224,310.5000,0.26778771204200374
882,105,306.5500,0.27969152412510345
883,376,305.3100,0.2565012290291092
884,140,301.7100,0.2572652700091047
885,151,298.2200,0.26575278703567407
886,100,294.2200,0.2678134872857481
887,141,290.6300,0.2729034532944784
888,189,287.5200,0.3033633183111392
889,151,284.0300,0.28187011948953206
890,135,285.1900,0.28014077664594406
891,123,281.7800,0.25070905236799906
892,138,283.0100,0.29883184312991257
893,139,284.2300,0.28512578697459734
894,129,280.5200,0.28351179211826405
895,143,277.9400,0.29047408953986387
896,128,274.7600,0.2765456913984963
897,100,270.7600,0.30822612506337466
898,147,267.3700,0.30443756381797343
899,128,263.6500,0.26553419128322275
900,137,263.6400,0.2697140736247066
901,162,260.2600,0.3177162934364866
902,147,261.5900,0.32843794013202493
903,158,258.1700,0.2964353089609855
904,238,255.5500,0.3108187558035515
905,144,251.9900,0.31895798332213116
906,131,248.3000,0.3305672913512485
907,95,244.2500,0.2961847301180425
908,136,240.6100,0.29117307527785136
909,500,242.0500,0.29654788445681335
910,500,242.0500,0.2712634529862553
911,151,238.5600,0.2403451889685497
912,95,234.5100,0.28437389222610937
913,146,230.9700,0.2523975770518643
914,500,235.8600,0.25270559546351434
915,149,232.3500,0.21778809602353597
916,500,232.3500,0.24982436503656208
917,136,228.7100,0.19922479665290346
918,17,223.8800,0.21875868915744565
919,122,220.1000,0.22961169164093426
920,89,215.9900,0.21097737847398337
921,500,215.9900,0.24874808997754008
922,147,212.4600,0.2260698047054767
923,500,212.4600,0.2316827821675688
924,153,208.9900,0.2206407793815814
925,139,205.3800,0.25544934938226244
926,153,204.8000,0.2159706205251365
927,233,205.8100,0.2248756121264475
928,500,208.5400,0.22725010976660998
929,158,205.3400,0.20412148250255122
930,174,204.0700,0.2293158661194103
931,139,201.3800,0.24212930848982803
932,142,198.1500,0.23786822194561466
933,178,194.9300,0.24765628867709402
934,500,197.0500,0.22478183032386004
935,165,195.4700,0.22013246774899237
936,138,194.1200,0.20808198178807893
937,150,190.6200,0.217273963590463
938,123,190.8700,0.22502059355847598
939,94,191.0500,0.21529559432925222
940,97,191.2600,0.19666564361355507
941,109,189.2200,0.20884277882191157
942,82,188.8200,0.22560553290744925
943,126,185.0800,0.21467920912000987
944,126,185.4100,0.24658704108913385
945,12,182.8700,0.12608420507361492
946,22,182.1800,0.2695248170374808
947,87,182.6200,0.20693987325347704
948,500,185.1800,0.22889949128776788
949,81,185.5200,0.2057547140981496
950,91,186.2100,0.18777144116932873
951,14,185.4900,0.19402683466406806
952,84,185.8700,0.21749464638664254
953,60,184.2500,0.21141573172838737
954,93,183.4200,0.23211403863043875
955,81,182.6000,0.2311614779583006
956,85,181.0300,0.228641556570416
957,79,180.3200,0.2648818941397852
958,17,178.8100,0.2344015047830694
959,90,178.3100,0.2125806703335709
960,89,177.6400,0.2606576471851113
961,17,176.4400,0.24179826611105135
962,117,175.7900,0.26571530564966744
963,97,173.3400,0.27628861068623123
964,104,173.2800,0.2940687699144921
965,92,172.5700,0.29386222047690785
966,130,172.3600,0.2656194189706674
967,390,172.9600,0.2921017224410883
968,114,170.9900,0.2718006954855171
969,500,173.5700,0.2853610132187605
970,380,174.8200,0.305673986335138
971,173,174.4300,0.2399387126788497
972,162,174.2300,0.2693682309113627
973,162,174.2600,0.2666871252895137
974,140,174.5400,0.277738794594604
975,151,172.3700,0.2777735380307827
976,150,171.8300,0.30538159512604274
977,143,171.6600,0.2983903761406045
978,142,171.2900,0.27141385278861285
979,113,169.7900,0.2866056446826695
980,127,168.5500,0.31492685511942925
981,138,167.6900,0.31968070282533334
982,134,167.9800,0.3325535319189527
983,130,165.5200,0.2853260003961623
984,137,165.4900,0.3039699528420711
985,120,165.1800,0.3166307445925971
986,142,165.6000,0.29835095474312845
987,133,165.5200,0.31836725645383496
988,145,165.0800,0.2904023129942602
989,132,164.8900,0.3404856916996791
990,134,164.8800,0.34096354369157506
991,138,165.0300,0.3356293769303601
992,141,165.0600,0.3651946826527516
993,144,165.1100,0.33664176043304095
994,133,165.1500,0.33703413103616103
995,133,165.0500,0.34419636328221487
996,138,165.1500,0.34778383541582286
997,149,165.6400,0.3532882811964158
998,131,165.4800,0.39103234862866065
999,133,165.5300,0.372540885512542
1000,138,165.5400,0.35573613725305686
1001,126,165.1800,0.35568410534382106
1002,132,165.0300,0.4013704263506401
1003,154,164.9900,0.38488551847298036
1004,140,164.0100,0.32812447456776034
1005,154,164.1100,0.35604207996315285
1006,138,164.1800,0.3558281952974157
1007,149,164.7200,0.35945718283858774
1008,147,164.8300,0.38597082318801457
1009,136,161.1900,0.3660369921297602
1010,149,157.6800,0.35881355059826936
1011,148,157.6500,0.3906950933883923
1012,145,158.1500,0.36340422231125935
1013,137,158.0600,0.373541199248692
1014,141,154.4700,0.4244112326426709
1015,138,154.3600,0.3896397612651513
1016,150,150.8600,0.42010959330946207
1017,130,150.8000,0.4075160286317651
1018,140,152.0300,0.3631322500229414
1019,137,152.1800,0.36675786083550566
1020,145,152.7400,0.38220411021390865
1021,141,149.1500,0.37516802109791136
1022,147,149.1500,0.40307961254805125
1023,149,145.6400,0.3621907198376604
1024,135,145.4600,0.3686453822793232
1025,143,145.5000,0.3810127225046704
1026,143,145.4000,0.3376829880126915
1027,129,144.3600,0.31257277052459675
1028,136,140.7200,0.37980845773948685
1029,147,140.6100,0.3380049375475061
1030,146,140.3300,0.3109096584407842
1031,127,140.2100,0.35120540027924646
1032,131,140.1000,0.34596010986786646
1033,127,139.5900,0.35806165654652233
1034,67,135.2600,0.3648312815409432
1035,125,134.8600,0.3688343190997839
1036,144,134.9200,0.3483558912832652
1037,131,134.7300,0.3831305438759275
1038,137,134.8700,0.3634632905319768
1039,134,135.2700,0.3518288505729288
1040,130,135.6000,0.3914865010131437
1041,121,135.7200,0.3929194082421335
1042,137,136.2700,0.3771197113793099
1043,127,136.2800,0.4226414868461452
1044,59,135.6100,0.37251168963799286
1045,131,136.8000,0.3489480113418673
1046,105,137.6300,0.37408574677205514
1047,116,137.9200,0.36085236864967335
1048,126,134.1800,0.40201688184964635
1049,112,134.4900,0.37480667345724733
1050,80,134.3800,0.3774668198951986
1051,113,135.3700,0.41489880785049327
1052,120,135.7300,0.42353214788017796
1053,125,136.3800,0.3733044436201453
1054,133,136.7800,0.37398659455050764
1055,130,137.2700,0.39222793785783533
1056,99,137.4100,0.38506550193679606
1057,93,137.5500,0.365827995758023
1058,110,138.4800,0.40883076409809294
1059,134,138.9200,0.3505845895009254
1060,103,139.0600,0.3973759524433792
1061,115,140.0400,0.4131455353056283
1062,119,140.0600,0.3418107905792965
1063,112,140.2100,0.3788788891646878
1064,137,140.5400,0.43598918192578057
1065,126,140.8800,0.4015871401144458
1066,118,140.7600,0.39740636121576367
1067,116,138.0200,0.3987201240660366
1068,125,138.1300,0.4053371092900634
1069,108,134.2100,0.3938093314904513
1070,122,131.6300,0.38886771886609495
1071,122,131.1200,0.3809165911802442
1072,127,130.7700,0.3903748173171317
1073,119,130.3400,0.4130233364422344
1074,119,130.1300,0.3721793644059794
1075,123,129.8500,0.3970849327478043
1076,117,129.5200,0.3893835016597922
1077,44,128.5300,0.43498758116567676
1078,150,128.6100,0.38220048184817035
1079,46,127.9400,0.4230756221703537
1080,61,127.2800,0.3955341029881698
1081,41,126.3100,0.42768462390707035
1082,50,125.4700,0.4409889845363796
1083,46,124.6300,0.4794625861610731
1084,65,123.9100,0.41355251303085916
1085,70,123.4100,0.4337108514404723
1086,45,122.4400,0.42319977240016066
1087,137,122.4800,0.40913080914544253
1088,59,121.6200,0.5926202615817725
1089,249,122.7900,0.4381411635058831
1090,115,122.6000,0.40816726740449666
1091,39,121.6100,0.47387531597931415
1092,66,120.8600,0.4879263193967442
1093,39,119.8100,0.4685719748481344
1094,46,118.9400,0.4446185327782903
1095,45,118.0600,0.44362136771281563
1096,35,117.0300,0.4140571187383362
1097,40,115.9400,0.49108259088825434
1098,48,115.1100,0.46076547271028784
1099,81,114.5900,0.4968427236502369
1100,41,113.6200,0.43601659078877875
1101,18,112.5400,0.4984007824936675
1102,71,111.9300,0.4770963923008719
1103,109,111.4800,0.47097832296863884
1104,35,110.4300,0.47068699547754866
1105,104,109.9300,0.49463822974715954
1106,113,109.6800,0.48084325788427246
1107,112,109.3100,0.4562269388032811
1108,25,108.0900,0.5823741559684277
1109,103,107.7600,0.5072791932548568
1110,120,107.4700,0.4820788538083434
1111,116,107.1500,0.4801956424730477
1112,120,106.9000,0.4540540875944619
1113,109,106.6200,0.44330645044154804
1114,104,106.2500,0.5186549432647343
1115,115,106.0200,0.5074466483748478
1116,123,105.7500,0.5304588369752575
1117,97,105.4200,0.5117569307691043
1118,113,105.1500,0.45425631463593613
1119,40,104.1800,0.4668368379119784
1120,19,102.9200,0.5119293369842988
1121,112,102.6300,0.5116004128690942
1122,105,102.2100,0.5001461544561954
1123,48,101.2000,0.545082781657887
1124,106,100.9100,0.5209152870811522
1125,113,100.6100,0.5208386428555293
1126,106,100.2400,0.48015380710503963
1127,101,99.9600,0.5321055188369338
1128,113,99.7300,0.5095471064683742
1129,99,99.2500,0.5188158104252635
1130,104,98.8300,0.5340711653787786
1131,100,98.5600,0.5188482241891325
1132,36,97.6100,0.609892761386517
1133,117,97.5100,0.4753348483250309
1134,107,97.9100,0.48186289846340075
1135,101,97.6700,0.5581415609668682
1136,110,97.3300,0.5008512084965001
1137,109,97.1100,0.4991342304701652
1138,102,96.7600,0.5348998848896693
1139,106,96.4800,0.5833115288460592
1140,115,96.3300,0.5184852114028257
1141,111,96.2300,0.51851864181761
1142,112,95.9800,0.5266882647161505
1143,120,95.9100,0.5523031877974669
1144,118,96.5000,0.516611544194363
1145,108,96.2700,0.560240267706966
1146,118,96.4000,0.5325041185527787
1147,124,96.4800,0.4966663438075733
1148,118,96.4000,0.5139347721143799
1149,113,96.4100,0.5155967507280607
1150,118,96.7900,0.5145751647887973
1151,113,96.7900,0.5165043239836145
1152,119,96.7800,0.5934632588960543
1153,124,96.7700,0.5406143631215298
1154,124,96.6800,0.5359770727809519
1155,136,96.7400,0.5574511950287748
1156,160,97.3500,0.5367555433767848
1157,133,97.7500,0.5441795813718012
1158,124,97.8900,0.5273566706661856
1159,129,97.8400,0.5263794017955661
1160,131,98.1200,0.5018796766290569
1161,188,98.8500,0.5189336417193346
1162,136,99.0200,0.5178790258805213
1163,129,99.1900,0.5114440624927019
1164,125,99.0700,0.4558396266922355
1165,135,99.1600,0.47474346133983797
1166,131,99.2900,0.5595313230998643
1167,128,99.4100,0.5203210000909166
1168,299,101.1500,0.5131987520278647
1169,345,103.5200,0.5092120285888297
1170,153,103.8300,0.4407633377628681
1171,156,104.1700,0.4819659661465826
1172,173,104.6300,0.4738063945225036
1173,172,105.1600,0.5003681063088913
1174,170,105.6700,0.4395988810423981
1175,169,106.1300,0.43148144194580745
1176,180,106.7600,0.4600522456225008
1177,198,108.3000,0.4252351933074268
1178,82,107.6200,0.4207156294070911
1179,153,108.6900,0.4533224400327681
1180,176,109.8400,0.44190319011580537
1181,237,111.8000,0.43940331060675125
1182,194,113.2400,0.42284531326791674
1183,167,114.4500,0.35769557130584373
1184,175,115.5500,0.3901001963870866
1185,169,116.5400,0.42061569045446595
1186,175,117.8400,0.3833083815979106
1187,149,117.9600,0.35681741068064665
1188,149,118.8600,0.4013876548136941
1189,144,117.8100,0.35267945188873756
1190,150,118.1600,0.33908407410917185
1191,145,119.2200,0.3185805617349929
1192,147,120.0300,0.3830619202356558
1193,131,120.9500,0.36275905626292787
1194,136,121.8500,0.4200679225340376
1195,133,122.7300,0.33524826218731196
1196,137,123.7500,0.3483390051660801
1197,120,124.5500,0.3404781678536286
1198,141,125.4800,0.3487356296040329
1199,128,125.9500,0.37656524507474387
1200,120,126.7400,0.29296046239711965
1201,136,127.9200,0.31634475253111516
1202,134,128.5500,0.30846254968904513
1203,129,128.7500,0.3161874362772923
1204,138,129.7800,0.32060479863033886
1205,123,129.9700,0.355266539724468
1206,135,130.1900,0.32164082911762376
1207,124,130.3100,0.28874621302970954
1208,132,131.3800,0.3027663382870907
1209,132,131.6700,0.32512089733217814
1210,134,131.8100,0.29283776304879183
1211,129,131.9400,0.36605916533604727
1212,136,132.1000,0.31165944624979813
1213,137,132.3800,0.34859710434166186
1214,138,132.7200,0.3043897904799846
1215,137,132.9400,0.3172575351544214
1216,128,132.9900,0.33126970309604076
1217,133,133.3500,0.33106018433039236
1218,124,133.4600,0.30399912141353613
1219,130,134.3600,0.2959251089630505
1220,122,135.3900,0.32766551874791744
1221,117,135.4400,0.3053318947418314
1222,130,135.6900,0.31948182806730846
1223,143,136.6400,0.32267143554868294
1224,127,136.8500,0.34002496705456514
1225,125,136.9700,0.3196282466240227
1226,128,137.1900,0.30286648562469054
1227,132,137.5000,0.3058508700888717
1228,137,137.7400,0.30115801705061085
1229,125,138.0000,0.30175960197299717
1230,132,138.2800,0.30028293627864594
1231,127,138.5500,0.3289063935732748
1232,131,139.5000,0.3006359805701343
1233,132,139.6500,0.3423554928599377
1234,129,139.8700,0.31170029093533064
1235,131,140.1700,0.32344778542200686
1236,127,140.3400,0.3121784764239345
1237,139,140.6400,0.30490149575345915
1238,130,140.9200,0.30140321655915336
1239,133,141.1900,0.32642247376585365
1240,141,141.4500,0.3521842281961589
1241,148,141.8200,0.36681741054446715
1242,119,141.8900,0.3421343176140442
1243,136,142.0500,0.31860831471653106
1244,117,142.0400,0.33451671378177583
1245,134,142.3000,0.36311013724849517
1246,152,142.6400,0.3517563851691145
1247,163,143.0300,0.32131256399379093
1248,29,142.1400,0.3420259166380455
1249,86,141.8700,0.3155355182920344
1250,138,142.0700,0.3584171886947276
1251,127,142.2100,0.32554826751996685
1252,131,142.3300,0.32695437683759415
1253,136,142.4500,0.34724328094435963
1254,134,142.5500,0.3848901873197295
1255,144,142.6300,0.35656150175297324
1256,131,142.3400,0.32949127768386755
1257,128,142.2900,0.32665360162354773
1258,140,142.4500,0.31946984139337603
1259,142,142.5800,0.3376852858509921
1260,144,142.7100,0.3423550321313087
1261,143,142.2600,0.32208468641929483
1262,142,142.3200,0.359371753324243
1263,154,142.5700,0.33681272630664433
1264,132,142.6400,0.34170443684243684
1265,137,142.6600,0.3874359215732093
1266,150,142.8500,0.3496000188527008
1267,136,142.9300,0.33269400600864385
1268,126,141.2000,0.36679222086991464
1269,132,139.0700,0.34285961090812855
1270,26,137.8000,0.3326142176340979
1271,142,137.6600,0.32704745778735256
1272,152,137.4500,0.3761299017963833
1273,139,137.1200,0.324795136938421
1274,162,137.0400,0.31121261860243976
1275,28,135.6300,0.34798378497362137
1276,120,135.0300,0.3493570611346513
1277,147,134.5200,0.303786832364086
1278,162,135.3200,0.33479007338116196
1279,150,135.2900,0.3465803325455636
1280,13,133.6600,0.34953255793796134
1281,146,132.7500,0.33272471716818847
1282,147,132.2800,0.31448333628703745
1283,162,132.2300,0.32834277231602665
1284,12,130.6000,0.3284204956532146
1285,190,130.8100,0.33824889781198614
1286,13,129.1900,0.375495986869702
1287,185,129.5500,0.3543199954932002
1288,178,129.8400,0.36521766023982444
1289,221,130.6100,0.35833037483012853
1290,500,134.1100,0.32431655840668827
1291,500,137.6600,0.3003929327474907
1292,500,141.1900,0.3150561629505828
1293,500,144.8800,0.27225469854474066
1294,500,148.5200,0.24721340546943246
1295,500,152.1900,0.24382940814830362
1296,500,155.8200,0.23225468371249736
1297,500,159.6200,0.20896518615446985
1298,500,163.2100,0.1801690549859777
1299,500,166.9300,0.17474755085725338
1300,500,170.7300,0.1658448102483526
1301,500,174.3700,0.1486995377521962
1302,500,178.0300,0.1321521467147395
1303,500,181.7400,0.10179816327849403
1304,500,185.3600,0.11080936104804277
1305,500,189.1300,0.08318534766603261
1306,500,192.7800,0.06399101384729147
1307,500,196.5400,0.04493778253067285
1308,500,200.2200,0.026824150318745524
1309,500,203.9000,0.010042564029805362
1310,500,207.5600,0.0033301719846203924
1311,500,211.2700,0.002989967402070761
1312,500,214.9100,0.00261303277220577
1313,500,218.5400,0.0023763605924323203
1314,107,218.2300,0.0022393258192759252
1315,141,218.2700,0.005258013659440879
1316,87,217.8600,0.009354577869465896
1317,408,220.6100,0.012072665718448
1318,128,220.6500,0.0252971996760607
1319,243,221.7800,0.017668323500806257
1320,500,225.5600,0.031603496179217476
1321,414,228.5300,0.03398719689907767
1322,500,232.2300,0.04050123391253874
1323,480,235.6000,0.035249176918781204
1324,415,238.4800,0.04268653909451362
1325,330,240.5300,0.044968639846862946
1326,288,242.1300,0.04327303643771706
1327,268,243.4900,0.042852614302563465
1328,500,247.1200,0.06366020326782018
1329,500,250.8700,0.0560054493099451
1330,500,254.5500,0.05637577368505299
1331,500,258.2800,0.05137009547371417
1332,500,261.9700,0.05343324142508209
1333,500,265.6500,0.05451918103639036
1334,500,269.3600,0.0520604233276099
1335,500,273.0500,0.05766509534139186
1336,500,276.7800,0.05392135569266975
1337,500,280.3900,0.04770103919319808
1338,500,284.0900,0.05354265341535211
1339,500,287.7600,0.05289284782204777
1340,500,291.3500,0.03888753287587315
1341,500,294.8700,0.03046331477351487
1342,500,298.6800,0.028038812988437713
1343,500,302.3200,0.02199451320245862
1344,500,306.1500,0.022282559899613263
1345,500,309.8100,0.019684429416432978
1346,500,313.2900,0.0172759260754101
1347,500,316.6600,0.009482279707212
1348,500,321.3700,0.0034790731202811002
1349,500,325.5100,0.003107676881365478
1350,500,329.1300,0.0026661650761961937
1351,500,332.8600,0.0024691069272812457
1352,500,336.5500,0.002339018570724875
1353,500,340.1900,0.0021562508875504136
1354,500,343.8500,0.002014402294298634
1355,500,347.4100,0.0018507989074569196
1356,500,351.1000,0.0018555793601553888
1357,500,354.8200,0.0018682979624718428
1358,500,358.4200,0.001813936546910554
1359,500,362.0000,0.0017758783646859228
1360,500,365.5600,0.0017908384897746146
1361,500,369.1300,0.0018102173504885286
1362,500,372.7100,0.001878286513965577
1363,500,376.1700,0.0019068245955277234
1364,500,379.8500,0.0018457016674801707
1365,500,383.4800,0.0017685400652699172
1366,500,386.9800,0.0017439809548668564
1367,500,390.6200,0.0017424926615785808
1368,40,389.7600,0.0019123834033962339
1369,500,393.4400,0.0054556403825990855
1370,500,398.1800,0.006125286946771666
1371,50,397.2600,0.005718955392949283
1372,302,398.7600,0.0053049398132057135
1373,292,400.2900,0.013137364964166733
1374,500,403.6700,0.0227364640685264
1375,500,408.3900,0.02333465324016288
1376,500,412.1900,0.0200499480322469
1377,500,415.7200,0.02832811216218397
1378,500,419.1000,0.02197708290675655
1379,500,422.6000,0.016681103945476936
1380,500,427.4700,0.02462213143752888
1381,500,431.0100,0.02267901229043491
1382,500,434.5400,0.025168764036148785
1383,500,437.9200,0.03002055146917701
1384,500,442.8000,0.021818557427730412
1385,500,445.9000,0.0224346409807913
1386,500,450.7700,0.02620102150295861
1387,500,453.9200,0.01761153846932575
1388,500,457.1400,0.017708979817805812
1389,500,459.9300,0.02015979621070437
1390,309,458.0200,0.023148776207972184
1391,500,458.0200,0.02458551212865859
1392,500,458.0200,0.02379603821900673
1393,500,458.0200,0.020934653744334356
1394,500,458.0200,0.007915147211169824
1395,500,458.0200,0.007062011804431677
1396,500,458.0200,0.007476133661810309
1397,500,458.0200,0.007805000048596412
1398,500,458.0200,0.006552162669599056
1399,500,458.0200,0.00702510777534917
1400,500,458.0200,0.00791883281385526
1401,500,458.0200,0.007217828861903399
1402,500,458.0200,0.006862782232929021
1403,28,453.3000,0.009384286984901078
1404,500,453.3000,0.009191219122847542
1405,500,453.3000,0.016205687029054387
1406,500,453.3000,0.01227221658709459
1407,500,453.3000,0.01368758670357056
1408,500,453.3000,0.01206112939515151
1409,500,453.3000,0.011575434491503984
1410,500,453.3000,0.012838479468133301
1411,500,453.3000,0.013673097433755175
1412,500,453.3000,0.006682617997052148
1413,500,453.3000,0.005474629438482225
1414,500,457.2300,0.008572128435596824
1415,480,460.6200,0.0060266862657348
1416,500,464.7500,0.010671042737318203
1417,500,465.6700,0.01004947331827134
1418,500,469.3900,0.010822490701219068
1419,500,471.9600,0.009834959470666945
1420,500,471.9600,0.01134453068394214
1421,500,472.8200,0.011416476923273876
1422,500,472.8200,0.011127761332551018
1423,500,473.0200,0.014635987147456035
1424,500,473.8700,0.006563035481143743
1425,500,475.5700,0.00803939033637289
1426,500,477.6900,0.00585705130547285
1427,500,480.0100,0.005409865480731241
1428,500,480.0100,0.006212384742451831
1429,500,480.0100,0.005937670417595655
1430,500,480.0100,0.004853368994314223
1431,500,480.0100,0.009884655572939664
1432,500,480.0100,0.006008762845071033
1433,500,480.0100,0.005667767472099513
1434,500,480.0100,0.006561963307205588
1435,500,480.0100,0.003854315638076514
1436,500,480.0100,0.0011761997481808065
1437,500,480.0100,0.0011931061145151033
1438,500,480.0100,0.0011960285174427553
1439,500,480.0100,0.0011414415227482095
1440,500,480.0100,0.0010878255459247158
1441,500,480.0100,0.0010460643873084336
1442,500,480.0100,0.0009754365761764348
1443,500,480.0100,0.0009513018496800214
1444,500,480.0100,0.0008758996209362521
1445,500,480.0100,0.0008169040881330147
1446,500,480.0100,0.0008145380711648613
1447,500,480.0100,0.0007915917063364759
1448,500,480.0100,0.0007608327093767002
1449,500,480.0100,0.0006865360205993056
1450,500,480.0100,0.0006084246328682639
1451,500,480.0100,0.000577065669640433
1452,500,480.0100,0.0005430151176988148
1453,500,480.0100,0.0005253517140517942
1454,500,480.0100,0.00053591700817924
1455,500,480.0100,0.0005182369998656213
1456,500,480.0100,0.0004926043176674284
1457,500,480.0100,0.0005304120413493365
1458,500,480.0100,0.0005763416499830783
1459,500,480.0100,0.0005573255523340777
1460,500,480.0100,0.0005778642114019022
1461,500,480.0100,0.0006555655344272964
1462,500,480.0100,0.0006139507284387946
1463,500,480.0100,0.0005623770199599676
1464,500,480.0100,0.0005878253087284975
1465,500,480.0100,0.0006230347248492763
1466,500,480.0100,0.0006623258678009734
1467,495,479.9600,0.0006628057424971514
1468,500,484.5600,0.005675017019268125
1469,500,484.5600,0.006095797581947409
1470,500,484.5600,0.004846260395250283
1471,500,489.0600,0.006482919804519043
1472,500,491.0400,0.005675478809745982
1473,322,491.3400,0.007139625078210352
1474,500,491.3400,0.009877242413233034
1475,500,491.3400,0.012758326558046974
1476,500,491.3400,0.01028740703535732
1477,500,491.3400,0.012788370387512259
1478,500,491.3400,0.011651238053920678
1479,500,491.3400,0.009510462981183082
1480,500,491.3400,0.011094235890428536
1481,500,491.3400,0.011516743831685744
1482,500,491.3400,0.014397680450812914
1483,500,491.3400,0.008966474472661502
1484,500,491.3400,0.010924853144329973
1485,500,491.3400,0.010087777578970418
1486,500,491.3400,0.011339320809696801
1487,500,491.3400,0.010096141695103143
1488,500,491.3400,0.008870258451672271
1489,500,491.3400,0.004464802639675327
1490,500,493.2500,0.006814510206691921
1491,500,493.2500,0.005960905261454172
1492,500,493.2500,0.005508179208554793
1493,500,493.2500,0.009383391743700486
1494,500,493.2500,0.0005281298802583479
1495,500,493.2500,0.0005327408720622771
1496,500,493.2500,0.0004986127823358402
1497,500,493.2500,0.00048746680712793023
1498,500,493.2500,0.0004823552571469918
1499,500,493.2500,0.000465606517100241
1500,500,493.2500,0.0004954522969783284
1501,500,493.2500,0.0004966191681451164
1502,500,493.2500,0.000480320907314308
1503,500,497.9700,0.0004890638497308827
1504,500,497.9700,0.00048561949987197293
1505,500,497.9700,0.0004974892179598101
1506,500,497.9700,0.0005207734591676854
1507,500,497.9700,0.0005054209570516833
1508,500,497.9700,0.0005049648553831503
1509,500,497.9700,0.00048650017700856553
1510,500,497.9700,0.0005010085842804983
1511,500,497.9700,0.0005097400400554761
1512,500,497.9700,0.0005121974401990883
1513,500,497.9700,0.0005320956342038699
1514,500,497.9700,0.0005741591000114568
1515,500,498.1700,0.0006037421083310619
1516,500,498.1700,0.0006294342323672026
1517,500,498.1700,0.0006281720462138765
1518,500,498.1700,0.0006094003784819506
1519,500,498.1700,0.0006341123816091568
1520,500,498.1700,0.0006598909645108506
1521,500,498.1700,0.0006584738834062591
1522,500,498.1700,0.0006533393071149476
1523,500,498.1700,0.0006378283750382252
1524,500,498.1700,0.0006442419969243929
1525,500,498.1700,0.0006195732390042395
1526,500,498.1700,0.0006166674718260765
1527,500,498.1700,0.000602078391064424
1528,500,498.1700,0.0006029532144311815
1529,500,498.1700,0.0005984853244153783
1530,500,498.1700,0.000598794108896982
1531,500,498.1700,0.0006377613311051391
1532,213,495.3000,0.0006291369344337358
1533,500,495.3000,0.009416345590201672
1534,500,495.3000,0.0069531687212875115
1535,500,495.3000,0.004926997175905854
1536,500,495.3000,0.005734755433979445
1537,500,495.3000,0.0069374423914123325
1538,14,490.4400,0.000624428760992097
1539,118,486.6200,0.007711385891741237
1540,284,484.4600,0.01672727572696831
1541,280,482.2600,0.022926729287844085
1542,263,479.8900,0.027571047185154404
1543,120,476.0900,0.026642843944136983
1544,291,474.0000,0.03427786935235636
1545,500,474.0000,0.04684192089631688
1546,500,474.0000,0.039003426623530686
1547,500,474.0000,0.04151665648957714
1548,148,470.4800,0.047043341900240884
1549,159,467.0700,0.05565088164645581
1550,500,467.0700,0.05151517621066887
1551,500,467.0700,0.05398342416458763
1552,124,463.3100,0.05449444072221541
1553,500,463.3100,0.06823312112258281
1554,500,463.3100,0.05996782162226737
1555,500,463.3100,0.06619388670253101
1556,500,463.3100,0.05755926886224188
1557,500,463.3100,0.06534492071939167
1558,500,463.3100,0.05426857898954768
1559,500,463.3100,0.0535366839064518
1560,500,463.3100,0.05258743829233572
1561,500,463.3100,0.05130760830838699
1562,500,463.3100,0.05860447219456546
1563,500,463.3100,0.05007643460691907
1564,500,463.3100,0.04598616221337579
1565,500,463.3100,0.03970688124129083
1566,500,463.3100,0.022812526847235857
1567,500,463.3600,0.01492433226259891
1568,500,463.3600,0.02352089914807584
1569,500,463.3600,0.01708751408965327
1570,500,463.3600,0.016678328105947004
1571,500,463.3600,0.006070101149263792
1572,500,463.3600,0.005408572039566934
1573,500,465.1400,0.0011803547082236037
1574,500,465.1400,0.0011436415725620463
1575,500,465.1400,0.0011144279988948257
1576,500,465.1400,0.001143223324441351
1577,500,465.1400,0.0011438458102056757
1578,500,465.1400,0.0011137355820974334
1579,500,465.1400,0.001089581844280474
1580,500,465.1400,0.0010612153183901683
1581,500,465.1400,0.0011045308641623706
1582,500,465.1400,0.0011242052171146497
1583,500,465.1400,0.001071146059781313
1584,500,465.1400,0.0010068830740638077
1585,500,465.1400,0.0009464070508256554
1586,500,465.1400,0.0009414444979047403
1587,500,465.1400,0.000949819817324169
1588,500,465.1400,0.0009516350748017431
1589,500,465.1400,0.0009763245721114799
1590,500,465.1400,0.0010187006329651922
1591,500,465.1400,0.0010382318436168135
1592,500,465.1400,0.000998043026891537
1593,500,465.1400,0.00098610401712358
1594,500,465.1400,0.0009913507465971634
1595,500,465.1400,0.000995236211689189
1596,500,465.1400,0.0009770184111548587
1597,500,465.1400,0.0009915022521745415
1598,500,465.1400,0.0010008816288318485
1599,500,465.1400,0.0009660066044889391
1600,500,465.1400,0.0009368238014867529
1601,500,465.1400,0.0009489215683424845
1602,500,465.1400,0.0009400151456939056
1603,500,465.1400,0.0009357921204064041
1604,500,465.1400,0.0009538543293019756
1605,500,465.1400,0.0009949506574776024
1606,500,465.1400,0.0010768927853787318
1607,500,465.1400,0.0011645300703821704
1608,500,465.1400,0.0012362320877145976
1609,500,465.1400,0.0011012825338402763
1610,500,465.1400,0.001094326606951654
1611,500,465.1400,0.0010354992327047511
1612,500,465.1400,0.001053006885224022
1613,500,465.1400,0.0010115428167628124
1614,500,465.1400,0.0009840683348011226
1615,500,465.1400,0.0009950623308541252
1616,500,465.1400,0.0009800134028773754
1617,500,465.1400,0.0009978851617779582
1618,500,465.1400,0.0009826105003012343
1619,500,465.1400,0.0009912825259380043
1620,500,465.1400,0.0010060596276307478
1621,500,465.1400,0.0009912603497505188
1622,500,465.1400,0.0009656313443556428
1623,500,465.1400,0.0009821199589641766
1624,500,465.1400,0.0009965238659642636
1625,500,465.1400,0.0010339775902684777
1626,500,465.1400,0.0011011504683410749
1627,500,465.1400,0.001139922225382179
1628,500,465.1400,0.001174302558763884
1629,500,465.1400,0.0011453111277660356
1630,500,465.1400,0.0011466878850478679
1631,500,465.1400,0.0011306617872323841
1632,500,468.0100,0.0012025343353161588
1633,500,468.0100,0.001273772094049491
1634,500,468.0100,0.001170140563044697
1635,500,468.0100,0.0009619866429129615
1636,500,468.0100,0.0008491247167112305
1637,500,468.0100,0.0008372749481350184
1638,500,472.8700,0.000820567126502283
1639,500,476.6900,0.0007848523471038789
1640,500,478.8500,0.0007622242425568402
1641,500,481.0500,0.000742484703019727
1642,500,483.4200,0.0007602786022471264
1643,500,487.2200,0.0007252565224189311
1644,500,489.3100,0.000727798867621459
1645,500,489.3100,0.0007950673240702599
1646,500,489.3100,0.0008070346468593925
1647,500,489.3100,0.000782707272330299
1648,500,492.8300,0.0007959129031514749
1649,382,495.0600,0.0008129409079486261
1650,500,495.0600,0.00500594725064002
1651,500,495.0600,0.00418291415751446
1652,500,498.8200,0.004614455753122457
1653,500,498.8200,0.007950865893857554
1654,500,498.8200,0.008388895050622522
1655,500,498.8200,0.005476406243746169
1656,500,498.8200,0.004648567424854264
1657,500,498.8200,0.003812021535472013
1658,500,498.8200,0.009220887257135473
1659,500,498.8200,0.005499295818968676
1660,500,498.8200,0.005500545614748262
1661,500,498.8200,0.005917147275060416
1662,500,498.8200,0.004666529430425726
1663,500,498.8200,0.00467502505122684
1664,500,498.8200,0.005947107730666175
1665,109,494.9100,0.004745083213292507
1666,500,494.9100,0.012637618486885913
1667,500,494.9100,0.01134908840910066
1668,500,494.9100,0.010899515389231965
1669,500,494.9100,0.010010583969182335
1670,104,490.9500,0.006860186340838062
1671,500,490.9500,0.016253642420866528
1672,500,490.9500,0.012892192569794134
1673,500,490.9500,0.010414417671971023
1674,207,488.0200,0.00895528413399217
1675,349,486.5100,0.022393260191342818
1676,500,486.5100,0.022931752836797388
1677,187,483.3800,0.024188648505611993
1678,500,483.3800,0.026598852209630423
1679,193,480.3100,0.019159842563920938
1680,270,478.0100,0.029261408607622056
1681,500,478.0100,0.033145558770396745
1682,500,478.0100,0.04129571386799216
1683,500,478.0100,0.038328933956101534
1684,500,478.0100,0.031915509512880816
1685,500,478.0100,0.03923594854352996
1686,500,478.0100,0.03555775142810307
1687,500,478.0100,0.0326641792471055
1688,305,476.0600,0.036745155526928176
1689,141,472.4700,0.06094925795600862
1690,500,472.4700,0.04331968440418132
1691,500,472.4700,0.045335468513774686
1692,500,472.4700,0.03631398055527825
1693,500,472.4700,0.04720460968813859
1694,75,468.2200,0.04804604028429215
1695,500,468.2200,0.041634485328337176
1696,500,468.2200,0.04779179101623595
1697,500,468.2200,0.047690002158633435
1698,104,464.2600,0.043098948841081716
1699,500,464.2600,0.051410899996059016
1700,500,464.2600,0.04402271186630242
1701,500,464.2600,0.03646998504595831
1702,500,464.2600,0.036037795902695506
1703,500,464.2600,0.02259562137676403
1704,500,464.2600,0.025018275147886015
1705,500,464.2600,0.02287273714831099
1706,500,464.2600,0.020771906962501818
1707,500,464.2600,0.023249605783377775
1708,500,464.2600,0.0244132375131594
1709,500,464.2600,0.023071567673818207
1710,500,464.2600,0.020545908567728473
1711,500,464.2600,0.01428920439677313
1712,293,462.1900,0.008792955753569882
1713,500,462.1900,0.019708640750846825
1714,500,462.1900,0.017793259334284814
1715,500,462.1900,0.01793465062067844
1716,500,462.1900,0.010902771094581112
1717,416,461.3500,0.011792159923620952
1718,500,461.3500,0.013033482059603557
1719,500,461.3500,0.014744755493476987
1720,189,458.2400,0.01796022568713558
1721,500,458.2400,0.01345044443034567
1722,500,458.2400,0.017231133787892757
1723,305,456.2900,0.018447940643556173
1724,203,453.3200,0.02388279540395465
1725,500,453.3200,0.02167607473838143
1726,500,453.3200,0.02678303739230614
1727,500,453.3200,0.029072782651986928
1728,500,453.3200,0.025223319981247185
1729,500,453.3200,0.02645120218617376
1730,500,453.3200,0.022691447920165957
1731,500,453.3200,0.026827184102439786
1732,500,453.3200,0.022295539117301814
1733,500,453.3200,0.032270192998694255
1734,76,449.0800,0.01987053679630136
1735,500,449.0800,0.03019831847405294
1736,500,449.0800,0.0289764515820425
1737,500,449.0800,0.025667736279661766
1738,500,449.0800,0.031520838026423005
1739,500,449.0800,0.024089982727426105
1740,500,449.0800,0.026152585792238826
1741,500,449.0800,0.018780113483429887
1742,500,449.0800,0.020482690222910604
1743,430,448.3800,0.014540927314746389
1744,500,448.3800,0.023373154249042273
1745,500,448.3800,0.018038201449089682
1746,206,445.4400,0.014973325064310858
1747,500,445.4400,0.015481134045869111
1748,55,440.9900,0.01601071412548084
1749,160,438.7700,0.025251902529998916
1750,73,434.5000,0.04568171115872795
1751,500,434.5000,0.03948744490917307
1752,500,434.5000,0.027628167279297487
1753,500,434.5000,0.041838808258879
1754,500,434.5000,0.03312189498438965
1755,500,434.5000,0.03642896410659887
1756,500,434.5000,0.02783339642197825
1757,500,434.5000,0.029116204904625194
1758,500,434.5000,0.027751935475738718
1759,500,434.5000,0.024428958708303982
1760,500,434.5000,0.03210640988056548
1761,500,434.5000,0.02869096950616222
1762,500,434.5000,0.028422502858913505
1763,500,434.5000,0.027442224425263704
1764,500,434.5000,0.02340049454791006
1765,500,438.4100,0.021807221093098635
1766,500,438.4100,0.02862523118534591
1767,500,438.4100,0.022369057689327745
1768,500,438.4100,0.020762492354493588
1769,437,437.7800,0.01716081600436979
1770,500,441.7400,0.0314338568134699
1771,500,441.7400,0.009139836670132354
1772,500,441.7400,0.009588045342126861
1773,500,441.7400,0.009972782984375953
1774,500,444.6700,0.007582495287177153
1775,500,446.1800,0.00834224763745442
1776,500,446.1800,0.005487629188690334
1777,500,449.3100,0.003978481243830174
1778,500,449.3100,0.009650783725548536
1779,500,452.3800,0.007909337851684541
1780,500,454.6800,0.0067254939957056194
1781,500,454.6800,0.006297146752709523
1782,500,454.6800,0.009697824539616704
1783,500,454.6800,0.007705718063050881
1784,500,454.6800,0.006419057448394596
1785,500,454.6800,0.008827220304869115
1786,500,454.6800,0.007089363940292969
1787,500,454.6800,0.008922160207293927
1788,500,456.6300,0.00781893934076652
1789,500,460.2200,0.006022335982415825
1790,500,460.2200,0.001720198126975447
1791,108,456.3000,0.0015317560421492628
1792,500,456.3000,0.005350294373463839
1793,500,456.3000,0.005973384490003809
1794,500,460.5500,0.006827892503701151
1795,500,460.5500,0.006411993864458054
1796,500,460.5500,0.010328624019166455
1797,500,460.5500,0.007087990078143775
1798,95,460.4600,0.012666662925805308
1799,500,460.4600,0.01322548797284253
1800,22,455.6800,0.02058366558048874
1801,215,452.8300,0.019669095626057582
1802,500,452.8300,0.022394896144978704
1803,500,452.8300,0.0169711419173982
1804,500,452.8300,0.022759188960772007
1805,500,452.8300,0.022697872119839303
1806,500,452.8300,0.0262131880344823
1807,500,452.8300,0.025805667605716735
1808,500,452.8300,0.02513365584402345
1809,500,452.8300,0.0207803847566247
1810,12,447.9500,0.036446341536551095
1811,500,447.9500,0.023091204604366793
1812,500,450.0200,0.022109268049243836
1813,500,450.0200,0.028071621878771113
1814,500,450.0200,0.030566506082424894
1815,252,447.5400,0.023470645120445017
1816,500,447.5400,0.029790460067102686
1817,500,448.3800,0.029491242268122733
1818,500,448.3800,0.029910402238136156
1819,500,448.3800,0.03115338440425694
1820,500,451.4900,0.028619665754027666
1821,21,446.7000,0.04144412228682389
1822,500,446.7000,0.029386406041216104
1823,500,448.6500,0.030890919259982184
1824,500,451.6200,0.020390844150213524
1825,500,451.6200,0.015755907263141126
1826,500,451.6200,0.014816058642230928
1827,500,451.6200,0.015448618589900435
1828,500,451.6200,0.011905151579296216
1829,500,451.6200,0.019547601223923267
1830,500,451.6200,0.01932612270093523
1831,500,451.6200,0.01515956467972137
1832,500,451.6200,0.015058592068962753
1833,500,451.6200,0.0100893381832866
1834,500,455.8600,0.012844972071237862
1835,500,455.8600,0.008910010367399081
1836,500,455.8600,0.009122532024746761
1837,500,455.8600,0.006599743991158902
1838,500,455.8600,0.004501201033359393
1839,53,451.3900,0.008949954100041036
1840,500,451.3900,0.010297384639969095
1841,500,451.3900,0.011073617135873064
1842,264,449.0300,0.009832191022393421
1843,500,449.7300,0.01942987095192075
1844,51,445.2400,0.009411483838715973
1845,23,440.4700,0.01939523715333527
1846,433,442.7400,0.024325827951408606
1847,500,442.7400,0.028504221514216624
1848,500,447.1900,0.03413730626809411
1849,490,450.4900,0.027608701998691018
1850,42,450.1800,0.03102427794891853
1851,500,450.1800,0.03524282355187461
1852,500,450.1800,0.03977860931982286
1853,500,450.1800,0.03999966990062967
1854,86,446.0400,0.02775820990926911
1855,500,446.0400,0.04400787769199815
1856,500,446.0400,0.037713759548030794
1857,500,446.0400,0.04808686084370129
1858,500,446.0400,0.042885213467525315
1859,500,446.0400,0.04446084402385168
1860,374,444.7800,0.05385266801617532
1861,500,444.7800,0.05032724996423349
1862,500,444.7800,0.03665830106823705
1863,500,444.7800,0.05095661776373163
1864,500,444.7800,0.04409771257312969
1865,322,443.0000,0.0386671045019945
1866,291,440.9100,0.051308764459219634
1867,147,437.3800,0.05761306605232107
1868,17,432.5500,0.11242677995880299
1869,138,429.5600,0.0733898155133078
1870,125,425.8100,0.09410103566665202
1871,139,422.2000,0.06535197239245201
1872,166,418.8600,0.07765523988910648
1873,153,415.3900,0.06361351631965269
1874,166,412.0500,0.07643364228277344
1875,152,408.5700,0.09443705839160095
1876,128,404.8500,0.0985782723300872
1877,23,400.0800,0.13901463813026962
1878,149,396.5700,0.09353320120330649
1879,126,392.8300,0.10345082513762578
1880,136,389.1900,0.08371753570099827
1881,177,385.9600,0.10281142807436718
1882,154,382.5000,0.12178402592113556
1883,136,378.8600,0.11905509402876145
1884,131,375.1700,0.1409405891504494
1885,134,371.5100,0.09556235855970004
1886,109,367.6000,0.13631954044637637
1887,160,364.2000,0.1495450670721766
1888,149,360.6900,0.1293815595633819
1889,188,357.5700,0.14743688043784053
1890,155,354.1200,0.15939827225952138
1891,187,354.9100,0.15350573491691089
1892,188,351.7900,0.15385742180304543
1893,203,348.8200,0.154867065315745
1894,154,345.3600,0.15903691559661082
1895,127,341.6300,0.18251116704067405
1896,144,338.0700,0.15382636823051143
1897,142,334.4900,0.21175206567219812
1898,165,335.1900,0.18394010504425476
1899,222,332.4100,0.1994068333564477
1900,187,334.0600,0.16357423789876407
1901,240,334.3100,0.1822814799961634
1902,242,331.7300,0.21534753990867597
1903,276,329.4900,0.2129769359712752
1904,217,326.6600,0.20523705313460738
1905,190,323.5600,0.2339648452893782
1906,144,320.0000,0.2170078797886769
1907,216,317.1600,0.19225898434093255
1908,144,313.6000,0.22671047381138326
1909,198,310.5800,0.24001337307907472
1910,122,311.6800,0.24293611673676394
1911,167,308.3500,0.23019413002153222
1912,109,304.4400,0.22839594275878589
1913,109,300.5300,0.2320213551310515
1914,163,297.1600,0.2580396782655406
1915,252,297.1600,0.2437863744516295
1916,304,295.2000,0.28112866708359335
1917,130,291.5000,0.2474590563179495
1918,99,287.4900,0.30145215484633514
1919,86,283.3500,0.2892400762120392
1920,33,278.6800,0.313555823829533
1921,182,280.2900,0.28321455595477557
1922,170,276.9900,0.2764082297189709
1923,136,273.3500,0.30680807177080116
1924,14,268.4900,0.2967408329048859
1925,50,263.9900,0.28559224979020653
1926,54,259.5300,0.3663037019842132
1927,73,255.2600,0.2890210579379066
1928,140,251.6600,0.32418631819143356
1929,11,246.7700,0.24532582452097398
1930,32,242.0900,0.28439477502251975
1931,22,237.3100,0.42023904028941284
1932,116,233.4700,0.32054346140096734
1933,167,230.1400,0.3659793577940499
1934,297,228.1100,0.36382370449913043
1935,166,224.7700,0.3502562488962234
1936,212,221.8900,0.3369971125338332
1937,500,221.8900,0.3540082735330798
1938,146,218.3500,0.29038933781294585
1939,194,219.7600,0.3144558743182474
1940,212,216.8800,0.3173020612624175
1941,194,213.8200,0.32164921860940293
1942,162,212.8000,0.2810684328864294
1943,93,208.7300,0.30614051056565134
1944,163,209.8500,0.3476526768938095
1945,149,211.1100,0.348832243508128
1946,130,208.0800,0.33741714611756973
1947,166,204.7400,0.32255115403221496
1948,145,201.1900,0.29885512580292234
1949,166,197.9500,0.33583891326253
1950,153,199.0600,0.3006444746884061
1951,177,195.8300,0.30655529622072725
1952,215,192.9800,0.31121791552557326
1953,112,189.1000,0.32281840474752244
1954,232,190.5600,0.31866357876650253
1955,283,188.3900,0.3067624906938549
1956,292,186.3100,0.3259714183298718
1957,233,183.6400,0.3182394141850937
1958,246,181.1000,0.2946905081843715
1959,335,179.4500,0.3099033630661555
1960,417,179.8800,0.3286383080293985
1961,500,179.8800,0.30366020373534414
1962,500,179.8800,0.2777538239336573
1963,500,179.8800,0.27395784212602303
1964,500,179.8800,0.24725447743898257
1965,500,181.6600,0.25880763183906674
1966,500,183.7500,0.21879566121753305
1967,500,187.2800,0.2107762247719802
1968,500,192.1100,0.16590393381984905
1969,500,195.7300,0.13091398096689955
1970,374,198.2200,0.12871639400609783
1971,368,200.5100,0.10978543046613871
1972,345,202.3000,0.13506488903101696
1973,330,204.0700,0.13741353135273765
1974,390,206.3100,0.11104585627535693
1975,498,209.7700,0.11994215207881327
1976,500,213.4900,0.09906952851451933
1977,500,218.2600,0.08582423086208292
1978,464,221.4100,0.07944111163920627
1979,390,224.0500,0.057093501059959334
1980,311,225.8000,0.06409913872389596
1981,291,226.9400,0.06614833165186576
1982,321,228.6100,0.05754494105140763
1983,290,230.1500,0.057167665529313724
1984,315,231.9900,0.06297438464548794
1985,280,233.4500,0.06689271994733385
1986,272,235.0800,0.07471335611797472
1987,267,236.1500,0.0701707741162785
1988,297,237.6300,0.09423971912464572
1989,291,238.6600,0.11249474201453817
1990,293,240.0400,0.10300503160411956
1991,265,240.8200,0.10904000039642922
1992,271,241.6500,0.11028304327377272
1993,475,244.3700,0.10798032740841766
1994,500,247.8300,0.1138704249849543
1995,500,251.5600,0.11729206283204258
1996,500,255.1200,0.11269885304383934
1997,500,258.7000,0.11636571858765092
1998,500,262.0500,0.10655667940049898
1999,500,264.8300,0.09454886619653553
2000,500,267.9600,0.09779197203996591
2001,500,270.5600,0.08813976122858003
2002,500,273.1400,0.07307976458559279
2003,500,275.3800,0.07328596236580051
2004,500,278.2100,0.07422242038114928
2005,500,281.3100,0.07278252451773733
2006,500,284.8700,0.06296509002754465
2007,500,287.7100,0.0562280671519693
2008,500,291.2700,0.049938401520717886
2009,500,294.2900,0.042525695180404
2010,500,298.0700,0.030731186348828488
2011,500,301.4000,0.022396260541281663
2012,500,305.3100,0.013513579440535977
2013,500,309.2200,0.004689113876665942
2014,500,312.5900,0.0014028351882006973
2015,500,315.0700,0.0024611498187296094
2016,77,312.8000,0.003097582922933938
2017,14,311.6400,0.003134620958007872
2018,14,310.7900,0.047958390737351565
2019,16,310.0900,0.0029307744262041524
2020,12,309.8800,0.002722458952727417
2021,17,308.2300,0.052493561470114136
2022,15,306.6800,0.031173465369890133
2023,12,305.4400,0.055846397629162915
2024,12,305.4200,0.05567677668295801
2025,15,305.0700,0.059110017291580635
2026,16,304.6900,0.04247477756871376
2027,12,304.0800,0.0730042714276351
2028,14,302.8200,0.07827871457474041
2029,14,302.8500,0.03301716023789985
2030,14,302.6700,0.07822920576602753
2031,12,302.5700,0.12576209751811498
2032,10,301.5100,0.17124944836832584
2033,16,300.0000,0.09500068610941526
2034,14,297.1700,0.12332634256953108
2035,12,295.6300,0.09062726399861276
2036,13,293.6400,0.08413903773404084
2037,16,288.8000,0.12142108265834395
2038,13,287.4700,0.13260258213043785
2039,12,285.6500,0.1258965942543
2040,12,283.6500,0.19555622368352488
2041,15,281.8600,0.1292151821622004
2042,14,280.3800,0.12311782983929984
2043,12,279.5700,0.23008206385808685
2044,15,278.0900,0.14283084897324444
2045,11,276.7100,0.212590043454177
2046,11,275.5200,0.2886128516825424
2047,15,274.0100,0.1565651869556556
2048,16,272.7200,0.21211713708180469
2049,13,271.1900,0.09955718586794458
2050,16,269.8200,0.15986584275378846
2051,12,268.1700,0.19454890202420452
2052,15,266.1700,0.12815569943437974
2053,13,265.1800,0.2920901228028994
2054,12,262.9800,0.3336535783795019
2055,11,260.2600,0.11686162278056145
2056,12,257.4600,0.08989071582133572
2057,13,255.2600,0.2599378198098678
2058,13,252.9300,0.21155545298153391
2059,11,249.6900,0.34431983761235396
2060,12,245.6400,0.21149220432077223
2061,15,240.7900,0.15601283550883333
2062,13,235.9200,0.2915835589206276
2063,12,231.0400,0.3680876252086212
2064,17,226.2100,0.3096141113954432
2065,14,221.3500,0.27137250774207394
2066,13,216.4800,0.3236198451262541
2067,9,211.5700,0.3269119427487668
2068,12,206.6900,0.28073468763614073
2069,11,201.8000,0.24936759035865014
2070,14,198.2000,0.31555613923618303
2071,15,194.6700,0.35012180730700493
2072,13,191.3500,0.3395316021409459
2073,14,188.1900,0.25562195898965
2074,13,184.4200,0.2594695301869741
2075,17,179.6100,0.3337166483157917
2076,15,174.7600,0.39151830608025195
2077,15,169.9100,0.33566328094651304
2078,12,165.3900,0.4186433071542221
2079,13,161.6200,0.3385310038530196
2080,13,158.6400,0.3386600502551748
2081,17,155.9000,0.2842362921219319
2082,14,152.8300,0.3292495209025219
2083,12,150.0500,0.2968596452653098
2084,13,147.0300,0.35383401692916566
2085,11,144.3400,0.38038820815695956
2086,14,141.7600,0.35872090361746295
2087,17,139.2600,0.4792528339278172
2088,12,136.4100,0.4349702498293482
2089,12,133.6200,0.6600868937869867
2090,16,130.8500,0.49589824210852385
2091,17,128.3700,0.332134025363142
2092,13,125.7900,0.2584949818153221
2093,13,121.1700,0.3858397933654487
2094,16,116.3300,0.4821482468250906
2095,15,111.4800,0.4311773522136112
2096,15,106.6300,0.3623392751129965
2097,14,101.7700,0.343314191742268
2098,12,96.8900,0.41709803954775754
2099,16,92.0500,0.4043037844239734
2100,17,87.2200,0.3926001209902632
2101,14,82.3600,0.4318826429745449
2102,17,77.5300,0.5626877779278028
2103,13,72.6600,0.321365505295734
2104,17,67.8300,0.46522850273450944
2105,15,62.9800,0.4584327002366384
2106,17,58.1500,0.5378938133225721
2107,13,53.2800,0.4806538834236562
2108,14,48.4200,0.32757398968429435
2109,15,43.5700,0.4710535670630634
2110,12,38.6900,0.5368226958283534
2111,17,33.8600,0.48836144016069527
2112,11,28.9700,0.35976895554499194
2113,17,24.1400,0.5488272449549507
2114,13,19.2700,0.5587993367360189
2115,16,14.4300,0.5703738419979345
2116,16,13.8200,0.5057186963385902
2117,14,13.8200,0.5624940534887303
2118,20,13.8800,0.47717649810947477
2119,10,13.8200,0.4981827849522233
2120,28,13.9800,0.5622641343091216
2121,13,13.9400,0.6211619820947257
2122,14,13.9300,0.5031615896316778
2123,13,13.9400,0.4944679057941987
2124,14,13.9600,0.5169016548565456
2125,17,13.9800,0.7169293235330021
2126,17,13.9900,0.5478372556321761
2127,15,14.0200,0.5107684106721232
2128,15,14.0300,0.7020741488784552
2129,17,14.0600,0.6686242205255172
2130,18,14.1000,0.6659191714392768
2131,20,14.1800,0.6090939618647099
2132,15,14.2300,0.6201044032971065
2133,15,14.2200,0.6330107231934865
2134,14,14.2200,0.7222318191613469
2135,15,14.2500,0.6197029779820392
2136,11,14.2300,0.582144168290225
2137,15,14.2200,0.4411789953087767
2138,20,14.2900,0.7320124797523022
2139,18,14.3500,0.6647289792696635
2140,13,14.3600,0.6666288983363372
2141,14,14.3500,0.7358078882098198
2142,16,14.3700,0.6321300901472569
2143,18,14.4300,0.6524505147762183
2144,16,14.4400,0.6443421020521782
2145,25,14.5800,0.8389224290847779
2146,18,14.6500,0.7308842318080779
2147,13,14.6300,0.8059745428080742
2148,13,14.6000,0.7897817973907177
2149,24,14.7100,0.8204424635817608
2150,27,14.8200,0.8270087115190647
2151,18,14.8800,0.8079245645138953
2152,22,14.9500,0.6895152587782253
2153,25,15.0700,0.6477617877721786
2154,20,15.1500,0.7684367805719375
2155,18,15.2200,0.8867492212189568
2156,17,15.2700,0.711367254748064
2157,16,15.3000,0.6151825814449694
2158,20,15.3700,0.6563741503283381
2159,20,15.4600,0.6869240573607385
2160,20,15.5400,0.7486655674874783
2161,16,15.5500,0.8827964588999748
2162,29,15.7100,0.890001637154612
2163,21,15.8000,0.6639377476780542
2164,17,15.8000,0.7465762875097639
2165,26,15.9200,0.6541141803519657
2166,27,16.0600,0.8553697091561777
2167,21,16.1800,0.8754524813432779
2168,24,16.3000,0.8169272541999817
2169,41,16.6000,0.8363082056365362
2170,23,16.6900,0.8160021233817806
2171,365,20.1900,0.8220284573682776
2172,27,20.3300,0.7902270174688764
2173,73,20.9200,0.7621856470056491
2174,500,25.7900,0.801046148297377
2175,500,30.6200,0.7933156125089154
2176,304,33.5100,0.862622906101598
2177,152,34.8800,0.7659546781429335
2178,166,36.4200,0.8242287906896637
2179,112,37.4100,0.8332464040057468
2180,82,38.1000,0.8036389693095372
2181,81,38.7400,0.8202616403477243
2182,72,39.3200,0.7701781012971575
2183,35,39.5500,0.8573020441191537
2184,37,39.7900,0.9584682140801404
2185,33,40.0100,0.9433212411223035
2186,33,40.2000,0.8122460380986785
2187,43,40.4600,0.8873517759317575
2188,46,40.8000,0.7905095288044085
2189,38,41.0600,0.7684656891383623
2190,37,41.2700,0.8964330272094624
2191,27,41.3700,0.8894382069508234
2192,28,41.5200,1.068855578345912
2193,39,41.7800,0.9003930271436007
2194,27,41.8900,0.772991093772429
2195,30,42.0400,0.8533107549262543
2196,27,42.1600,0.9394456832497208
2197,30,42.3200,0.8215402026971181
2198,28,42.4800,0.8854309384311948
2199,39,42.7100,0.844541331132253
2200,52,43.0600,0.9682098269964067
2201,44,43.3600,0.8944673277437687
2202,43,43.6200,0.9845051737718804
2203,38,43.8700,1.0191243459029418
2204,40,44.1000,0.9960417605238036
2205,50,44.4500,0.9664862141013145
2206,36,44.6400,0.9362209646238221
2207,41,44.9200,0.9303841111136646
2208,53,45.3100,1.0110649730799333
2209,39,45.5500,0.9561425053920501
2210,49,45.9200,0.9763255894412192
2211,34,46.0900,1.0465548555640614
2212,40,46.3800,0.9389113422483206
2213,37,46.5800,0.9823426217646212
2214,42,46.8700,0.8999411087660563
2215,38,47.0900,1.002176269496742
2216,38,47.3100,1.0709309879886477
2217,55,47.7200,1.0273471463810313
2218,43,47.9500,0.9684166269983316
2219,53,48.3800,1.0504171893281757
2220,57,48.6700,1.0082835623046809
2221,58,49.1200,1.0453756240935161
2222,22,49.2000,1.0883355736732483
2223,52,49.5900,1.0279163744014044
2224,48,49.9300,1.0970410757387679
2225,57,50.3300,1.0145108440988941
2226,67,50.8300,0.9884202907334513
2227,45,51.1300,1.1036526640256246
2228,74,51.7200,1.0624140329105225
2229,46,52.0100,0.9959149027000302
2230,60,52.4300,1.1796777645746868
2231,54,52.7700,1.1207920575031527
2232,70,53.3200,1.13054424566882
2233,60,53.7700,1.0654955075122416
2234,86,54.4900,1.134976100089938
2235,83,55.1700,1.1360280831535179
2236,101,56.0700,1.145669730140431
2237,103,56.9500,1.0755778694326439
2238,83,57.5800,1.1255365130772073
2239,123,58.6300,1.1522433467027617
2240,120,59.7000,1.1089490962525208
2241,135,60.9100,1.1093780325104794
2242,119,61.9400,1.1075851534250654
2243,123,62.9900,1.1144163689719953
2244,123,64.0600,1.214795854518084
2245,121,65.0200,1.1306543898237638
2246,119,66.0300,1.121965389119602
2247,132,67.2200,1.1360313557229484
2248,132,68.4100,1.1188937427871155
2249,143,69.6000,1.183626982611376
2250,141,70.7400,1.1743221619027726
2251,140,71.9600,1.1145146508302008
2252,132,73.0600,1.0833615395099376
2253,153,74.3400,1.217949461703207
2254,140,75.5400,1.2065240803573813
2255,141,76.7700,1.1597290453335918
2256,145,78.0500,1.1428978888125254
2257,142,79.3100,1.2100911920129414
2258,144,80.5500,1.2145836571645405
2259,143,81.7800,1.1126202442846098
2260,169,83.2700,1.0806153998682662
2261,149,84.6000,0.9542354744727779
2262,165,85.9600,0.9705568130269195
2263,167,87.4200,0.9174731851382527
2264,176,89.0100,0.8545944366646423
2265,176,90.5100,0.8088088007220491
2266,172,91.9600,0.7428577675938953
2267,165,93.4000,0.6805813263988856
2268,181,94.9700,0.6552973899280251
2269,228,96.8400,0.6074129505769202
2270,233,98.9400,0.528560278657424
2271,201,97.3000,0.4706026339690335
2272,221,99.2400,0.47113756049946964
2273,201,100.5200,0.5052466646754252
2274,230,97.8200,0.47448435332221184
2275,231,95.1300,0.5093387254912939
2276,189,93.9800,0.5133492002243955
2277,221,94.6700,0.48258249545933435
2278,194,94.9500,0.48948317384539347
2279,186,95.6900,0.49794716609802137
2280,185,96.7200,0.49442755918245057
2281,170,97.6100,0.5295294040266205
2282,175,98.6400,0.5155179749216352
2283,206,100.3500,0.490003110207979
2284,182,101.8000,0.4762638076669076
2285,207,103.5400,0.4472936556859005
2286,181,105.0200,0.4006531599404815
2287,171,106.3000,0.4141039380324427
2288,169,107.5300,0.41080123868897644
2289,170,108.8500,0.33361654389540063
2290,189,110.3700,0.34856002069221287
2291,169,111.7900,0.32138501643340966
2292,153,113.0400,0.3229131737991778
2293,153,114.1800,0.2990099960341563
2294,149,115.4000,0.29205708616356924
2295,153,116.6300,0.3096714356938511
2296,164,118.0000,0.267291902229417
2297,159,119.2900,0.2554675018408998
2298,170,120.7100,0.25495433587690486
2299,148,121.8000,0.27269863265541355
2300,178,123.0600,0.26135980867874925
2301,176,124.3800,0.2261970392983957
2302,164,125.5900,0.2794841889592978
2303,187,127.0800,0.2542946417840885
2304,182,128.5000,0.25121896995415727
2305,178,129.7800,0.2174410057657011
2306,166,131.0800,0.2440081047657204
2307,154,132.2100,0.2450172950955132
2308,165,133.3300,0.23513133542499307
2309,170,134.6400,0.21767915722585338
2310,172,135.8700,0.20707584799234863
2311,155,137.0800,0.2685368263553227
2312,156,138.2400,0.20755714301664668
2313,167,139.5400,0.23164421156283
2314,180,140.9200,0.21646687152485053
2315,166,142.2000,0.2216682903530323
2316,158,143.4000,0.22665757731581695
2317,162,144.4700,0.2318589053473171
2318,151,145.5500,0.23939396026513435
2319,163,146.6500,0.23287390040210876
2320,164,147.7200,0.2190553177085637
2321,167,148.8100,0.22838135639450954
2322,181,150.4000,0.2399129466776278
2323,175,151.6300,0.19732541523873806
2324,191,153.0600,0.22493483616204943
2325,189,154.3800,0.22729004043395873
2326,185,155.5600,0.21890072074492237
2327,182,156.9300,0.2286165022025151
2328,195,158.1400,0.2287586306126263
2329,204,159.7200,0.22646086498656692
2330,192,161.0400,0.22247163994325092
2331,185,162.3500,0.2584862911318605
2332,202,163.6700,0.2112144941906675
2333,183,164.9000,0.19672519054589538
2334,200,166.0400,0.21056551846442745
2335,217,167.3800,0.23545578575354018
2336,192,168.2900,0.22661262125863382
2337,180,169.0600,0.21746204489221174
2338,193,170.1600,0.22738689929729453
2339,201,170.9400,0.21433722824599613
2340,199,171.7300,0.1921306688633359
2341,193,172.3100,0.21853226537869308
2342,219,173.3100,0.22523923077276103
2343,187,173.9500,0.20713169838147447
2344,206,174.7800,0.21665784628673013
2345,171,175.2800,0.2384787149106463
2346,228,176.3700,0.24320647859610944
2347,185,176.9000,0.23600921158905366
2348,203,177.6100,0.2098754495221736
2349,197,178.1500,0.21758325042931106
2350,193,178.6700,0.22073507573880216
2351,207,179.3400,0.22395587183877033
2352,219,180.2100,0.21952147651931533
2353,253,181.2100,0.21227315058305918
2354,380,183.6100,0.20308421681708608
2355,500,187.2000,0.20165936710964888
2356,296,188.7100,0.18870541107891178
2357,500,192.2900,0.1836854336867109
2358,352,194.3700,0.1737077981471719
2359,293,195.8700,0.16461641055852835
2360,307,197.2500,0.18129616348279173
2361,272,198.4800,0.15891504360308104
2362,282,199.6500,0.16352989522456224
2363,228,200.2600,0.17615202477144634
2364,346,201.9600,0.15483293218694283
2365,281,203.0100,0.15185336434544194
2366,288,204.1700,0.15188644748155233
2367,312,205.6400,0.13955459064051795
2368,288,206.7100,0.16063234172826116
2369,252,206.9500,0.13841894475950134
2370,213,206.7500,0.14490160411398664
2371,199,206.7300,0.1411688902705496
2372,280,207.3200,0.13892241997943658
2373,257,207.8800,0.14167844237404575
2374,278,208.3600,0.13124306114531195
2375,316,209.2100,0.12884240561825094
2376,212,209.4400,0.12714511165966474
2377,280,210.0300,0.1296790711315615
2378,500,213.0900,0.1294370418456383
2379,226,213.4900,0.12152339174387465
2380,257,214.2100,0.1167355357852297
2381,179,214.3000,0.10480790677241066
2382,181,214.3600,0.11407750759798602
2383,224,214.5400,0.12647168218037613
2384,274,215.4600,0.11202859650298029
2385,500,218.3900,0.11394032810581849
2386,268,219.2600,0.10804668783797507
2387,500,222.5500,0.10713838614756241
2388,500,225.8600,0.10397980522876606
2389,500,229.1600,0.09877791950292886
2390,500,232.2700,0.09277797586657106
2391,500,235.5800,0.08580797233013436
2392,500,239.0500,0.08244655139558017
2393,500,242.5200,0.08182154068304226
2394,396,244.9900,0.08253005648154126
2395,500,248.4600,0.06644432494882495
2396,500,251.8200,0.06899025317188352
2397,500,255.2300,0.05861470161192119
2398,500,258.5300,0.05464781712694094
2399,500,262.0500,0.04575191270839423
2400,365,263.9200,0.046864268412711484
2401,500,267.1600,0.03872993681207299
2402,500,270.5200,0.03302080803457647
2403,459,273.2400,0.033350976559887426
2404,408,275.5000,0.030151594684153394
2405,379,277.5100,0.028193260793694563
2406,287,278.7200,0.028489219913103388
2407,254,279.7200,0.033226836088670816
2408,390,281.9700,0.028306654372658484
2409,326,283.5300,0.04068975158869946
2410,500,286.8100,0.030305300758220254
2411,500,290.2600,0.03655957857193425
2412,500,293.7000,0.03774291468318552
2413,500,297.0300,0.03916173544945195
2414,500,300.2300,0.03184948862763122
2415,500,303.5700,0.03825583462975919
2416,500,306.9900,0.03637941089179367
2417,500,310.3700,0.02927179689402692
2418,500,313.8600,0.03646942785778083
2419,500,317.2300,0.032602905561681834
2420,500,320.5900,0.030538812131155283
2421,500,323.9200,0.032792354182107374
2422,500,327.1100,0.031259502045810225
2423,500,330.3600,0.029244222327135503
2424,500,333.4500,0.027427963964641096
2425,500,336.5600,0.03191819055890664
2426,500,339.7100,0.026582433761563152
2427,500,342.8900,0.020168266291730106
2428,500,345.9400,0.01287552314111963
2429,500,348.9000,0.009204607727006077
2430,500,351.9800,0.0030200928677804766
2431,500,355.1300,0.0030812992826104164
2432,500,358.1100,0.0031267704458441585
2433,500,361.2800,0.003193034050287679
2434,500,364.2800,0.0034157734005711973
2435,434,366.4500,0.003518761380270879
2436,500,369.5300,0.009148773633409291
2437,500,372.7300,0.009559980166144668
2438,500,375.8000,0.00664121511625126
2439,500,378.7900,0.006521013071294874
2440,500,381.8000,0.01112446283036843
2441,500,384.8700,0.006313408813439309
2442,500,387.6800,0.008141600916394964
2443,500,390.8100,0.006056670050136745
2444,500,393.7500,0.009694411071250216
2445,500,397.0400,0.007563435008516535
2446,500,399.7600,0.007310590219683945
2447,500,402.9100,0.005992828261340037
2448,500,405.8800,0.004724439345300198
2449,500,408.9100,0.0059012007717974485
2450,500,411.9800,0.006611520905047655
2451,500,414.9100,0.006009090458974242
2452,500,417.7200,0.0063273100450169295
2453,500,420.1900,0.009016082603251561
2454,500,421.3900,0.005292995402938686
2455,500,421.3900,0.006389758200617507
2456,500,423.4300,0.0012013678607763723
2457,500,423.4300,0.001219021599390544
2458,500,424.9100,0.0011746558035956695
2459,500,426.9800,0.0010793414516374468
2460,500,428.9100,0.0010200006250524894
2461,500,431.1900,0.0010399638164089993
2462,500,433.3700,0.0010889182564569637
2463,500,436.0900,0.0011225452836370095
2464,500,437.6300,0.0011645144990179688
2465,500,439.8200,0.001179073666688055
2466,500,441.9400,0.0012301546942908317
2467,500,443.8200,0.001235743332072161
2468,500,445.9400,0.0013062152867205441
2469,500,448.4200,0.0013740839906968177
2470,500,451.2900,0.0012876570700900629
2471,500,454.3000,0.0012146588449832051
2472,500,456.5000,0.0011974890428828075
2473,500,458.9300,0.0011306758709251881
2474,500,461.1500,0.0010927818844793365
2475,500,462.9900,0.0010565587334567682
2476,500,465.8700,0.0010478079504100605
2477,500,468.0700,0.001069851185544394
2478,500,468.0700,0.0010236278368392958
2479,500,470.8100,0.0009336466046515852
2480,500,473.2400,0.0008003318487899378
2481,500,476.4500,0.0007294805406127125
2482,500,479.6400,0.0007388337935553864
2483,500,482.4000,0.0007607657300541177
2484,500,484.6600,0.0007372206257423386
2485,500,484.6600,0.0007804522485239431
2486,500,486.9800,0.0007848725098883733
2487,500,486.9800,0.0007298079163301736
2488,500,486.9800,0.0007569071492180228
2489,500,486.9800,0.0007703243828145787
2490,500,486.9800,0.0008016539573436603
2491,500,486.9800,0.0008264814530266448
2492,500,486.9800,0.0008881394600030035
2493,500,486.9800,0.0009383161378791556
2494,500,488.0200,0.0009377591439988464
2495,500,488.0200,0.0009377782938536257
2496,500,488.0200,0.0009537437716498971
2497,500,488.0200,0.000976029419223778
2498,500,488.0200,0.0009889004954602568
2499,500,488.0200,0.0009298766652354971
