episode,episode_steps,episode_reward,epsilon,running_avg_100,generalization_avg,generalization_seeds,generalization_rewards,best_running_avg_100,best_generalization_avg,saved_best_running_model,saved_best_generalization_model
0,14,14.0,0.8720914741659975,,,,,0,0,0,0
1,61,61.0,0.8492792054403546,,,,,0,0,0,0
2,9,9.0,0.8459671233517694,,,,,0,0,0,0
3,13,13.0,0.8412070583446629,,,,,0,0,0,0
4,20,20.0,0.8339390347788691,,,,,0,0,0,0
5,20,20.0,0.8267373248345518,,,,,0,0,0,0
6,13,13.0,0.8220914872176506,,,,,0,0,0,0
7,42,42.0,0.807269632147162,,,,,0,0,0,0
8,28,28.0,0.79754571271426,,,,,0,0,0,0
9,16,16.0,0.7920449548886415,,,,,0,0,0,0
10,24,24.0,0.7838690788237341,,,,,0,0,0,0
11,46,46.0,0.7684477955160187,,,,,0,0,0,0
12,11,11.0,0.7648080142285778,,,,,0,0,0,0
13,23,23.0,0.7572565982668791,,,,,0,0,0,0
14,20,20.0,0.7507545407139904,,,,,0,0,0,0
15,20,20.0,0.7443118080902904,,,,,0,0,0,0
16,9,9.0,0.7414317887684869,,,,,0,0,0,0
17,11,11.0,0.7379278591137013,,,,,0,0,0,0
18,13,13.0,0.7338095607471835,,,,,0,0,0,0
19,28,28.0,0.7250222779056072,,,,,0,0,0,0
20,26,26.0,0.7169630105103959,,,,,0,0,0,0
21,11,11.0,0.7135821235949205,,,,,0,0,0,0
22,11,11.0,0.7102182376748762,,,,,0,0,0,0
23,12,12.0,0.7065678330642469,,,,,0,0,0,0
24,10,10.0,0.7035411272888197,,,,,0,0,0,0
25,26,26.0,0.6957363033318822,,,,,0,0,0,0
26,14,14.0,0.691572067909884,,,,,0,0,0,0
27,13,13.0,0.6877291286973044,,,,,0,0,0,0
28,18,18.0,0.6824457929108854,,,,,0,0,0,0
29,13,13.0,0.6786570649046526,,,,,0,0,0,0
30,25,25.0,0.6714341890262117,,,,,0,0,0,0
31,12,12.0,0.6679964934713329,,,,,0,0,0,0
32,22,22.0,0.6617429446644543,,,,,0,0,0,0
33,15,15.0,0.6575151684689999,,,,,0,0,0,0
34,8,8.0,0.655272210155601,,,,,0,0,0,0
35,16,16.0,0.6508108888041446,,,,,0,0,0,0
36,18,18.0,0.6458308504002395,,,,,0,0,0,0
37,10,10.0,0.6430818623961894,,,,,0,0,0,0
38,10,10.0,0.6403454440455616,,,,,0,0,0,0
39,15,15.0,0.6362642589666281,,,,,0,0,0,0
40,13,13.0,0.6327498550045811,,,,,0,0,0,0
41,14,14.0,0.628988455243233,,,,,0,0,0,0
42,16,16.0,0.6247191604676503,,,,,0,0,0,0
43,16,16.0,0.6204810567475265,,,,,0,0,0,0
44,14,14.0,0.6167981232210991,,,,,0,0,0,0
45,17,17.0,0.6123576416071819,,,,,0,0,0,0
46,13,13.0,0.6089852459198006,,,,,0,0,0,0
47,11,11.0,0.606147331759225,,,,,0,0,0,0
48,9,9.0,0.603836019744848,,,,,0,0,0,0
49,13,13.0,0.600514243549126,,9.3,42|49|56|63|70|77|84|91|98|105|112|119|126|133|140|147|154|161|168|175|182|189|196|203|210|217|224|231|238|245,10.0|9.0|11.0|9.0|9.0|9.0|10.0|10.0|8.0|8.0|10.0|10.0|9.0|9.0|10.0|10.0|9.0|9.0|10.0|8.0|9.0|9.0|10.0|8.0|9.0|10.0|10.0|9.0|10.0|8.0,0,9.3,0,1
50,14,14.0,0.5969590096247472,,9.3,,,0,9.3,0,0
51,11,11.0,0.5941815701246438,,9.3,,,0,9.3,0,0
52,14,14.0,0.5906668373993385,,9.3,,,0,9.3,0,0
53,11,11.0,0.5879210384698701,,9.3,,,0,9.3,0,0
54,36,36.0,0.5790309580611872,,9.3,,,0,9.3,0,0
55,11,11.0,0.5763436708584979,,9.3,,,0,9.3,0,0
56,18,18.0,0.5719754089735005,,9.3,,,0,9.3,0,0
57,11,11.0,0.5693236010284155,,9.3,,,0,9.3,0,0
58,14,14.0,0.5659678497454557,,9.3,,,0,9.3,0,0
59,24,24.0,0.5602649892328446,,9.3,,,0,9.3,0,0
60,10,10.0,0.5579072481960796,,9.3,,,0,9.3,0,0
61,11,11.0,0.5553261828528873,,9.3,,,0,9.3,0,0
62,10,10.0,0.5529910243390095,,9.3,,,0,9.3,0,0
63,15,15.0,0.5495082914880192,,9.3,,,0,9.3,0,0
64,10,10.0,0.5471997350829898,,9.3,,,0,9.3,0,0
65,15,15.0,0.5437566774993708,,9.3,,,0,9.3,0,0
66,10,10.0,0.5414744201521591,,9.3,,,0,9.3,0,0
67,9,9.0,0.5394293122909783,,9.3,,,0,9.3,0,0
68,14,14.0,0.536264752698819,,9.3,,,0,9.3,0,0
69,16,16.0,0.5326728883421881,,9.3,,,0,9.3,0,0
70,12,12.0,0.5299962217740092,,9.3,,,0,9.3,0,0
71,15,15.0,0.5266710229192652,,9.3,,,0,9.3,0,0
72,9,9.0,0.5246868482328385,,9.3,,,0,9.3,0,0
73,10,10.0,0.5224917870263,,9.3,,,0,9.3,0,0
74,13,13.0,0.5196532056702614,,9.3,,,0,9.3,0,0
75,13,13.0,0.5168314858398335,,9.3,,,0,9.3,0,0
76,12,12.0,0.5142417006026516,,9.3,,,0,9.3,0,0
77,10,10.0,0.5120943994756285,,9.3,,,0,9.3,0,0
78,11,11.0,0.509743706827906,,9.3,,,0,9.3,0,0
79,19,19.0,0.5057112274863438,,9.3,,,0,9.3,0,0
80,14,14.0,0.5027623150266841,,9.3,,,0,9.3,0,0
81,11,11.0,0.5004585493330564,,9.3,,,0,9.3,0,0
82,14,14.0,0.4975432308627431,,9.3,,,0,9.3,0,0
83,13,13.0,0.4948528470272036,,9.3,,,0,9.3,0,0
84,9,9.0,0.4929996410935224,,9.3,,,0,9.3,0,0
85,17,17.0,0.48951992806755884,,9.3,,,0,9.3,0,0
86,25,25.0,0.4844517010797831,,9.3,,,0,9.3,0,0
87,19,19.0,0.48063849852856483,,9.3,,,0,9.3,0,0
88,13,13.0,0.4780485309014904,,9.3,,,0,9.3,0,0
89,10,10.0,0.4760667218023489,,9.3,,,0,9.3,0,0
90,16,16.0,0.47291465844774033,,9.3,,,0,9.3,0,0
91,13,13.0,0.4703705713895135,,9.3,,,0,9.3,0,0
92,12,12.0,0.4680355985710029,,9.3,,,0,9.3,0,0
93,9,9.0,0.4662927767647553,,9.3,,,0,9.3,0,0
94,14,14.0,0.46359596865547475,,9.3,,,0,9.3,0,0
95,18,18.0,0.46015397202747876,,9.3,,,0,9.3,0,0
96,15,15.0,0.4573072521106728,,9.3,,,0,9.3,0,0
97,14,14.0,0.4546679117560671,,9.3,,,0,9.3,0,0
98,14,14.0,0.45204545154701115,,9.3,,,0,9.3,0,0
99,13,13.0,0.44962533016828876,15.73,12.5,42|49|56|63|70|77|84|91|98|105|112|119|126|133|140|147|154|161|168|175|182|189|196|203|210|217|224|231|238|245,15.0|12.0|16.0|11.0|12.0|12.0|14.0|14.0|10.0|11.0|14.0|14.0|11.0|12.0|14.0|13.0|11.0|11.0|15.0|10.0|12.0|12.0|14.0|10.0|12.0|14.0|13.0|11.0|15.0|10.0,15.73,12.5,1,1
100,15,15.0,0.44685074042187384,15.74,12.5,,,15.74,12.5,1,0
101,16,16.0,0.44391212620662834,15.29,12.5,,,15.74,12.5,0,0
102,16,16.0,0.44099498122313635,15.36,12.5,,,15.74,12.5,0,0
103,14,14.0,0.43845996750694555,15.37,12.5,,,15.74,12.5,0,0
104,32,32.0,0.43272636479411214,15.49,12.5,,,15.74,12.5,0,0
105,9,9.0,0.4311288814989043,15.38,12.5,,,15.74,12.5,0,0
106,14,14.0,0.42865696733676045,15.39,12.5,,,15.74,12.5,0,0
107,14,14.0,0.4262008625304546,15.11,12.5,,,15.74,12.5,0,0
108,38,38.0,0.41961318567174943,15.21,12.5,,,15.74,12.5,0,0
109,15,15.0,0.4170442046947551,15.2,12.5,,,15.74,12.5,0,0
110,9,9.0,0.415511271704239,15.05,12.5,,,15.74,12.5,0,0
111,17,17.0,0.41263292623918185,14.76,12.5,,,15.74,12.5,0,0
112,23,23.0,0.40877421710195677,14.88,12.5,,,15.74,12.5,0,0
113,16,16.0,0.40611378629005934,14.81,12.5,,,15.74,12.5,0,0
114,13,13.0,0.4039665047045036,14.74,12.5,,,15.74,12.5,0,0
115,17,17.0,0.40117775524497074,14.71,12.5,,,15.74,12.5,0,0
116,15,15.0,0.3987350726790821,14.77,12.5,,,15.74,12.5,0,0
117,25,25.0,0.39470106610525113,14.91,12.5,,,15.74,12.5,0,0
118,14,14.0,0.3924621294084168,14.92,12.5,,,15.74,12.5,0,0
119,14,14.0,0.39023751203847534,14.78,12.5,,,15.74,12.5,0,0
120,18,18.0,0.38739818303335666,14.7,12.5,,,15.74,12.5,0,0
121,20,20.0,0.38427072253917915,14.79,12.5,,,15.74,12.5,0,0
122,13,13.0,0.38225319146370346,14.81,12.5,,,15.74,12.5,0,0
123,20,20.0,0.3791726739961084,14.89,12.5,,,15.74,12.5,0,0
124,15,15.0,0.37688074499190216,14.94,12.5,,,15.74,12.5,0,0
125,10,10.0,0.37536152212614937,14.78,12.5,,,15.74,12.5,0,0
126,12,12.0,0.3735476213942495,14.76,12.5,,,15.74,12.5,0,0
127,16,16.0,0.3711445526897063,14.79,12.5,,,15.74,12.5,0,0
128,12,12.0,0.3693537797027997,14.73,12.5,,,15.74,12.5,0,0
129,19,19.0,0.36653845383349287,14.79,12.5,,,15.74,12.5,0,0
130,18,18.0,0.363893821605426,14.72,12.5,,,15.74,12.5,0,0
131,26,26.0,0.3601121074809298,14.86,12.5,,,15.74,12.5,0,0
132,25,25.0,0.35651809344642804,14.89,12.5,,,15.74,12.5,0,0
133,24,24.0,0.3531063649988001,14.98,12.5,,,15.74,12.5,0,0
134,17,17.0,0.3507123281703786,15.07,12.5,,,15.74,12.5,0,0
135,21,21.0,0.3477806242205465,15.12,12.5,,,15.74,12.5,0,0
136,23,23.0,0.34460191928127376,15.17,12.5,,,15.74,12.5,0,0
137,17,17.0,0.34227388329682823,15.24,12.5,,,15.74,12.5,0,0
138,23,23.0,0.33915291889765375,15.37,12.5,,,15.74,12.5,0,0
139,23,23.0,0.3360646791486001,15.45,12.5,,,15.74,12.5,0,0
140,24,24.0,0.33287668680916427,15.56,12.5,,,15.74,12.5,0,0
141,14,14.0,0.33103315365292335,15.56,12.5,,,15.74,12.5,0,0
142,27,27.0,0.3275109984545999,15.67,12.5,,,15.74,12.5,0,0
143,15,15.0,0.32557299595956135,15.66,12.5,,,15.74,12.5,0,0
144,14,14.0,0.32377617423421895,15.66,12.5,,,15.74,12.5,0,0
145,12,12.0,0.3222451906041424,15.61,12.5,,,15.74,12.5,0,0
146,15,15.0,0.32034326338097463,15.63,12.5,,,15.74,12.5,0,0
147,22,22.0,0.31757731448075804,15.74,12.5,,,15.74,12.5,0,0
148,23,23.0,0.31471530419650634,15.88,12.5,,,15.88,12.5,1,0
149,9,9.0,0.31360357349343526,15.84,20.266666666666666,42|49|56|63|70|77|84|91|98|105|112|119|126|133|140|147|154|161|168|175|182|189|196|203|210|217|224|231|238|245,28.0|20.0|26.0|19.0|20.0|18.0|28.0|26.0|17.0|18.0|24.0|25.0|18.0|20.0|23.0|24.0|17.0|17.0|10.0|16.0|20.0|20.0|10.0|15.0|20.0|26.0|20.0|18.0|30.0|15.0,15.88,20.266666666666666,0,1
150,26,26.0,0.3104175455064993,15.96,20.266666666666666,,,15.96,20.266666666666666,1,0
151,16,16.0,0.30847569904161604,16.01,20.266666666666666,,,16.01,20.266666666666666,1,0
152,40,40.0,0.3036829242304204,16.27,20.266666666666666,,,16.27,20.266666666666666,1,0
153,24,24.0,0.3008491499064381,16.4,20.266666666666666,,,16.4,20.266666666666666,1,0
154,27,27.0,0.2976981893182685,16.31,20.266666666666666,,,16.4,20.266666666666666,0,0
155,16,16.0,0.29584926924172983,16.36,20.266666666666666,,,16.4,20.266666666666666,0,0
156,17,17.0,0.2938995901961782,16.35,20.266666666666666,,,16.4,20.266666666666666,0,0
157,19,19.0,0.2917384375331325,16.43,20.266666666666666,,,16.43,20.266666666666666,1,0
158,10,10.0,0.2906085249498503,16.39,20.266666666666666,,,16.43,20.266666666666666,0,0
159,11,11.0,0.28937158748976854,16.26,20.266666666666666,,,16.43,20.266666666666666,0,0
160,15,15.0,0.28769487246640035,16.31,20.266666666666666,,,16.43,20.266666666666666,0,0
161,17,17.0,0.28580847762385997,16.37,20.266666666666666,,,16.43,20.266666666666666,0,0
162,28,28.0,0.28273333471639944,16.55,20.266666666666666,,,16.55,20.266666666666666,1,0
163,29,29.0,0.27958969340535045,16.69,20.266666666666666,,,16.69,20.266666666666666,1,0
164,26,26.0,0.2768065585759107,16.85,20.266666666666666,,,16.85,20.266666666666666,1,0
165,22,22.0,0.27447736272290457,16.92,20.266666666666666,,,16.92,20.266666666666666,1,0
166,20,20.0,0.27238019450380296,17.02,20.266666666666666,,,17.02,20.266666666666666,1,0
167,18,18.0,0.2705091081890689,17.11,20.266666666666666,,,17.11,20.266666666666666,1,0
168,33,33.0,0.26711861582342716,17.3,20.266666666666666,,,17.3,20.266666666666666,1,0
169,27,27.0,0.2643824641040341,17.41,20.266666666666666,,,17.41,20.266666666666666,1,0
170,23,23.0,0.26207822463808317,17.52,20.266666666666666,,,17.52,20.266666666666666,1,0
171,38,38.0,0.25832403436686807,17.75,20.266666666666666,,,17.75,20.266666666666666,1,0
172,23,23.0,0.2560833201348107,17.89,20.266666666666666,,,17.89,20.266666666666666,1,0
173,72,72.0,0.249219677548977,18.51,20.266666666666666,,,18.51,20.266666666666666,1,0
174,22,22.0,0.24716722873976973,18.6,20.266666666666666,,,18.6,20.266666666666666,1,0
175,21,21.0,0.24522728323214021,18.68,20.266666666666666,,,18.68,20.266666666666666,1,0
176,19,19.0,0.24348811004181822,18.75,20.266666666666666,,,18.75,20.266666666666666,1,0
177,32,32.0,0.2405929916020779,18.97,20.266666666666666,,,18.97,20.266666666666666,1,0
178,35,35.0,0.23747469449914152,19.21,20.266666666666666,,,19.21,20.266666666666666,1,0
179,32,32.0,0.2346671219527798,19.34,20.266666666666666,,,19.34,20.266666666666666,1,0
180,18,18.0,0.23310586287315768,19.38,20.266666666666666,,,19.38,20.266666666666666,1,0
181,47,47.0,0.22908944533307313,19.74,20.266666666666666,,,19.74,20.266666666666666,1,0
182,18,18.0,0.22757400898834204,19.78,20.266666666666666,,,19.78,20.266666666666666,1,0
183,53,53.0,0.2231838043567239,20.18,20.266666666666666,,,20.18,20.266666666666666,1,0
184,21,21.0,0.22147357289384983,20.3,20.266666666666666,,,20.3,20.266666666666666,1,0
185,38,38.0,0.21842039948164016,20.51,20.266666666666666,,,20.51,20.266666666666666,1,0
186,46,46.0,0.21479489214135047,20.72,20.266666666666666,,,20.72,20.266666666666666,1,0
187,80,80.0,0.20866887767865822,21.33,20.266666666666666,,,21.33,20.266666666666666,1,0
188,70,70.0,0.2034897962296255,21.9,20.266666666666666,,,21.9,20.266666666666666,1,0
189,51,51.0,0.19981972478381377,22.31,20.266666666666666,,,22.31,20.266666666666666,1,0
190,57,57.0,0.19581812391718914,22.72,20.266666666666666,,,22.72,20.266666666666666,1,0
191,43,43.0,0.19286779595862652,23.02,20.266666666666666,,,23.02,20.266666666666666,1,0
192,71,71.0,0.18812180046235988,23.61,20.266666666666666,,,23.61,20.266666666666666,1,0
193,32,32.0,0.18603272860310419,23.84,20.266666666666666,,,23.84,20.266666666666666,1,0
194,42,42.0,0.18333690664357857,24.12,20.266666666666666,,,24.12,20.266666666666666,1,0
195,49,49.0,0.1802566683020516,24.43,20.266666666666666,,,24.43,20.266666666666666,1,0
196,17,17.0,0.1792040740839881,24.45,20.266666666666666,,,24.45,20.266666666666666,1,0
197,39,39.0,0.17682006247019916,24.7,20.266666666666666,,,24.7,20.266666666666666,1,0
198,42,42.0,0.17429987380406795,24.98,20.266666666666666,,,24.98,20.266666666666666,1,0
199,20,20.0,0.1731167273985328,25.05,41.93333333333333,42|49|56|63|70|77|84|91|98|105|112|119|126|133|140|147|154|161|168|175|182|189|196|203|210|217|224|231|238|245,50.0|55.0|41.0|37.0|51.0|62.0|48.0|25.0|49.0|37.0|25.0|42.0|28.0|58.0|43.0|51.0|29.0|27.0|53.0|29.0|30.0|65.0|44.0|38.0|46.0|31.0|52.0|31.0|45.0|36.0,25.05,41.93333333333333,1,1
200,23,23.0,0.17176944832037389,25.13,41.93333333333333,,,25.13,41.93333333333333,1,0
201,27,27.0,0.17020587454514796,25.24,41.93333333333333,,,25.24,41.93333333333333,1,0
202,22,22.0,0.16894607918521126,25.3,41.93333333333333,,,25.3,41.93333333333333,1,0
203,19,19.0,0.1678682492570081,25.35,41.93333333333333,,,25.35,41.93333333333333,1,0
204,15,15.0,0.16702393565891652,25.18,41.93333333333333,,,25.35,41.93333333333333,0,0
205,19,19.0,0.16596277034273443,25.28,41.93333333333333,,,25.35,41.93333333333333,0,0
206,17,17.0,0.16502110743758136,25.31,41.93333333333333,,,25.35,41.93333333333333,0,0
207,21,21.0,0.16386796024048167,25.38,41.93333333333333,,,25.38,41.93333333333333,1,0
208,16,16.0,0.1629967908971943,25.16,41.93333333333333,,,25.38,41.93333333333333,0,0
209,21,21.0,0.16186303267194996,25.22,41.93333333333333,,,25.38,41.93333333333333,0,0
210,24,24.0,0.16058059985699352,25.37,41.93333333333333,,,25.38,41.93333333333333,0,0
211,25,25.0,0.15925964730974995,25.45,41.93333333333333,,,25.45,41.93333333333333,1,0
212,19,19.0,0.15826579686948025,25.41,41.93333333333333,,,25.45,41.93333333333333,0,0
213,16,16.0,0.15743555639093096,25.41,41.93333333333333,,,25.45,41.93333333333333,0,0
214,21,21.0,0.1563550638566849,25.49,41.93333333333333,,,25.49,41.93333333333333,1,0
215,21,21.0,0.15528492031624408,25.53,41.93333333333333,,,25.53,41.93333333333333,1,0
216,18,18.0,0.15437581621595625,25.56,41.93333333333333,,,25.56,41.93333333333333,1,0
217,14,14.0,0.1536739019006187,25.45,41.93333333333333,,,25.56,41.93333333333333,0,0
218,20,20.0,0.15267894735783857,25.51,41.93333333333333,,,25.56,41.93333333333333,0,0
219,19,19.0,0.15174215031135835,25.56,41.93333333333333,,,25.56,41.93333333333333,0,0
220,16,16.0,0.15095957096474938,25.54,41.93333333333333,,,25.56,41.93333333333333,0,0
221,15,15.0,0.15023109622437752,25.49,41.93333333333333,,,25.56,41.93333333333333,0,0
222,23,23.0,0.14912378280336283,25.59,41.93333333333333,,,25.59,41.93333333333333,1,0
223,17,17.0,0.14831280300516497,25.56,41.93333333333333,,,25.59,41.93333333333333,0,0
224,17,17.0,0.14750811701527713,25.58,41.93333333333333,,,25.59,41.93333333333333,0,0
225,18,18.0,0.14666290231200113,25.66,41.93333333333333,,,25.66,41.93333333333333,1,0
226,18,18.0,0.14582463136898854,25.72,41.93333333333333,,,25.72,41.93333333333333,1,0
227,18,18.0,0.1449932471406078,25.74,41.93333333333333,,,25.74,41.93333333333333,1,0
228,19,19.0,0.14412308362615994,25.81,41.93333333333333,,,25.81,41.93333333333333,1,0
229,15,15.0,0.1434414446508568,25.77,41.93333333333333,,,25.81,41.93333333333333,0,0
230,22,22.0,0.14245014564050656,25.81,41.93333333333333,,,25.81,41.93333333333333,0,0
231,19,19.0,0.1416020303234225,25.74,41.93333333333333,,,25.81,41.93333333333333,0,0
232,14,14.0,0.14098181193817266,25.63,41.93333333333333,,,25.81,41.93333333333333,0,0
233,18,18.0,0.1401902133133745,25.57,41.93333333333333,,,25.81,41.93333333333333,0,0
234,23,23.0,0.13918818285561785,25.63,41.93333333333333,,,25.81,41.93333333333333,0,0
235,16,16.0,0.13849732158324102,25.58,41.93333333333333,,,25.81,41.93333333333333,0,0
236,19,19.0,0.13768347648500417,25.54,41.93333333333333,,,25.81,41.93333333333333,0,0
237,18,18.0,0.13691897494047023,25.55,41.93333333333333,,,25.81,41.93333333333333,0,0
238,19,19.0,0.13611881380187363,25.51,41.93333333333333,,,25.81,41.93333333333333,0,0
239,18,18.0,0.13536716655639852,25.46,41.93333333333333,,,25.81,41.93333333333333,0,0
240,20,20.0,0.13453924310633586,25.42,41.93333333333333,,,25.81,41.93333333333333,0,0
241,20,20.0,0.1337188736497052,25.48,41.93333333333333,,,25.81,41.93333333333333,0,0
242,16,16.0,0.13306797062236242,25.37,41.93333333333333,,,25.81,41.93333333333333,0,0
243,26,26.0,0.13202038020540788,25.48,41.93333333333333,,,25.81,41.93333333333333,0,0
244,17,17.0,0.1313421355723013,25.51,41.93333333333333,,,25.81,41.93333333333333,0,0
245,17,17.0,0.1306691546235891,25.56,41.93333333333333,,,25.81,41.93333333333333,0,0
246,17,17.0,0.13000139650915332,25.58,41.93333333333333,,,25.81,41.93333333333333,0,0
247,14,14.0,0.12945537105128122,25.5,41.93333333333333,,,25.81,41.93333333333333,0,0
248,20,20.0,0.12868138696531464,25.47,41.93333333333333,,,25.81,41.93333333333333,0,0
249,16,16.0,0.12806728732935324,25.54,16.966666666666665,42|49|56|63|70|77|84|91|98|105|112|119|126|133|140|147|154|161|168|175|182|189|196|203|210|217|224|231|238|245,14.0|19.0|13.0|18.0|18.0|20.0|14.0|14.0|18.0|20.0|16.0|14.0|20.0|17.0|16.0|14.0|20.0|20.0|15.0|21.0|18.0|17.0|14.0|20.0|17.0|14.0|16.0|18.0|14.0|20.0,25.81,41.93333333333333,0,0
250,15,15.0,0.12749564424318208,25.43,16.966666666666665,,,25.81,41.93333333333333,0,0
251,20,20.0,0.1267395407516541,25.47,16.966666666666665,,,25.81,41.93333333333333,0,0
252,16,16.0,0.1261396280566578,25.23,16.966666666666665,,,25.81,41.93333333333333,0,0
253,14,14.0,0.12561830089639017,25.13,16.966666666666665,,,25.81,41.93333333333333,0,0
254,12,12.0,0.1251741036023421,24.98,16.966666666666665,,,25.81,41.93333333333333,0,0
255,17,17.0,0.12454899118371521,24.99,16.966666666666665,,,25.81,41.93333333333333,0,0
256,18,18.0,0.12389239443161132,25.0,16.966666666666665,,,25.81,41.93333333333333,0,0
257,18,18.0,0.12324119187156146,24.99,16.966666666666665,,,25.81,41.93333333333333,0,0
258,14,14.0,0.12273840192821088,25.03,16.966666666666665,,,25.81,41.93333333333333,0,0
259,17,17.0,0.12213219237186401,25.09,16.966666666666665,,,25.81,41.93333333333333,0,0
260,17,17.0,0.12153068745397022,25.11,16.966666666666665,,,25.81,41.93333333333333,0,0
261,17,17.0,0.12093385066302506,25.11,16.966666666666665,,,25.81,41.93333333333333,0,0
262,13,13.0,0.12048057329474464,24.96,16.966666666666665,,,25.81,41.93333333333333,0,0
263,11,11.0,0.12009913458429769,24.78,16.966666666666665,,,25.81,41.93333333333333,0,0
264,16,16.0,0.1195477360556744,24.68,16.966666666666665,,,25.81,41.93333333333333,0,0
265,17,17.0,0.11896628844706955,24.63,16.966666666666665,,,25.81,41.93333333333333,0,0
266,16,16.0,0.1184231663829563,24.59,16.966666666666665,,,25.81,41.93333333333333,0,0
267,14,14.0,0.11795119056760113,24.55,16.966666666666665,,,25.81,41.93333333333333,0,0
268,20,20.0,0.11728217090051521,24.42,16.966666666666665,,,25.81,41.93333333333333,0,0
269,15,15.0,0.11678441505413277,24.3,16.966666666666665,,,25.81,41.93333333333333,0,0
270,14,14.0,0.11632292002459295,24.21,16.966666666666665,,,25.81,41.93333333333333,0,0
271,13,13.0,0.11589703215666393,23.96,16.966666666666665,,,25.81,41.93333333333333,0,0
272,19,19.0,0.11527912718969467,23.92,16.966666666666665,,,25.81,41.93333333333333,0,0
273,18,18.0,0.11469868589607922,23.38,16.966666666666665,,,25.81,41.93333333333333,0,0
274,17,17.0,0.11415487053461251,23.33,16.966666666666665,,,25.81,41.93333333333333,0,0
275,17,17.0,0.11361527558609408,23.29,16.966666666666665,,,25.81,41.93333333333333,0,0
276,16,16.0,0.11311124750533953,23.26,16.966666666666665,,,25.81,41.93333333333333,0,0
277,18,18.0,0.11254861616788052,23.12,16.966666666666665,,,25.81,41.93333333333333,0,0
278,18,18.0,0.11199060706085466,22.95,16.966666666666665,,,25.81,41.93333333333333,0,0
279,13,13.0,0.1115904536697043,22.76,16.966666666666665,,,25.81,41.93333333333333,0,0
280,17,17.0,0.11107076050938129,22.75,16.966666666666665,,,25.81,41.93333333333333,0,0
281,13,13.0,0.11067607112092812,22.41,16.966666666666665,,,25.81,41.93333333333333,0,0
282,14,14.0,0.11025364257043505,22.37,16.966666666666665,,,25.81,41.93333333333333,0,0
283,18,18.0,0.10971448754440163,22.02,16.966666666666665,,,25.81,41.93333333333333,0,0
284,20,20.0,0.10912061975341411,22.01,16.966666666666665,,,25.81,41.93333333333333,0,0
285,12,12.0,0.10876690311572515,21.75,16.966666666666665,,,25.81,41.93333333333333,0,0
286,15,15.0,0.10832748411130748,21.44,16.966666666666665,,,25.81,41.93333333333333,0,0
287,14,14.0,0.10792007616643261,20.78,16.966666666666665,,,25.81,41.93333333333333,0,0
288,18,18.0,0.10740009227597623,20.26,16.966666666666665,,,25.81,41.93333333333333,0,0
289,15,15.0,0.10697003709075595,19.9,16.966666666666665,,,25.81,41.93333333333333,0,0
290,15,15.0,0.10654292815009428,19.48,16.966666666666665,,,25.81,41.93333333333333,0,0
291,17,17.0,0.10606240755378657,19.22,16.966666666666665,,,25.81,41.93333333333333,0,0
292,16,16.0,0.10561355999769842,18.67,16.966666666666665,,,25.81,41.93333333333333,0,0
293,19,19.0,0.10508481074226375,18.54,16.966666666666665,,,25.81,41.93333333333333,0,0
294,16,16.0,0.10464310541410032,18.28,16.966666666666665,,,25.81,41.93333333333333,0,0
295,16,16.0,0.10420462714242085,17.95,16.966666666666665,,,25.81,41.93333333333333,0,0
296,24,24.0,0.10355290893921071,18.02,16.966666666666665,,,25.81,41.93333333333333,0,0
297,15,15.0,0.10314921023883603,17.78,16.966666666666665,,,25.81,41.93333333333333,0,0
298,20,20.0,0.10261524419557808,17.56,16.966666666666665,,,25.81,41.93333333333333,0,0
299,16,16.0,0.10219158128218503,17.52,17.8,42|49|56|63|70|77|84|91|98|105|112|119|126|133|140|147|154|161|168|175|182|189|196|203|210|217|224|231|238|245,14.0|19.0|13.0|21.0|19.0|20.0|14.0|16.0|21.0|20.0|16.0|14.0|22.0|18.0|16.0|15.0|20.0|20.0|15.0|20.0|18.0|18.0|15.0|19.0|19.0|14.0|18.0|21.0|17.0|22.0,25.81,41.93333333333333,0,0
300,14,14.0,0.1018234160718268,17.43,17.8,,,25.81,41.93333333333333,0,0
301,18,18.0,0.10135351856290228,17.34,17.8,,,25.81,41.93333333333333,0,0
302,17,17.0,0.10091327165683468,17.29,17.8,,,25.81,41.93333333333333,0,0
303,16,16.0,0.10050204319049588,17.26,17.8,,,25.81,41.93333333333333,0,0
304,14,14.0,0.10014468357739602,17.25,17.8,,,25.81,41.93333333333333,0,0
305,27,27.0,0.09946193153971797,17.33,17.8,,,25.81,41.93333333333333,0,0
306,18,18.0,0.0990114345244115,17.34,17.8,,,25.81,41.93333333333333,0,0
307,18,18.0,0.09856463851343154,17.31,17.8,,,25.81,41.93333333333333,0,0
308,15,15.0,0.098195113717021,17.3,17.8,,,25.81,41.93333333333333,0,0
309,16,16.0,0.09780374385017096,17.25,17.8,,,25.81,41.93333333333333,0,0
310,19,19.0,0.097342704187841,17.2,17.8,,,25.81,41.93333333333333,0,0
311,21,21.0,0.09683778301154594,17.16,17.8,,,25.81,41.93333333333333,0,0
312,15,15.0,0.09648008864713767,17.12,17.8,,,25.81,41.93333333333333,0,0
313,15,15.0,0.09612484479399172,17.11,17.8,,,25.81,41.93333333333333,0,0
314,17,17.0,0.09572517629750954,17.07,17.8,,,25.81,41.93333333333333,0,0
315,16,16.0,0.09535185155499096,17.02,17.8,,,25.81,41.93333333333333,0,0
316,18,18.0,0.0949351204100212,17.02,17.8,,,25.81,41.93333333333333,0,0
317,16,16.0,0.09456756773954209,17.04,17.8,,,25.81,41.93333333333333,0,0
318,21,21.0,0.09408922691341329,17.05,17.8,,,25.81,41.93333333333333,0,0
319,17,17.0,0.09370535633046871,17.03,17.8,,,25.81,41.93333333333333,0,0
320,18,18.0,0.09330215177001015,17.05,17.8,,,25.81,41.93333333333333,0,0
321,17,17.0,0.0929243894774189,17.07,17.8,,,25.81,41.93333333333333,0,0
322,20,20.0,0.09248371494422579,17.04,17.8,,,25.81,41.93333333333333,0,0
323,24,24.0,0.09196020962721163,17.11,17.8,,,25.81,41.93333333333333,0,0
324,20,20.0,0.09152833229411608,17.14,17.8,,,25.81,41.93333333333333,0,0
325,18,18.0,0.09114301281414368,17.14,17.8,,,25.81,41.93333333333333,0,0
326,23,23.0,0.09065526328704242,17.19,17.8,,,25.81,41.93333333333333,0,0
327,21,21.0,0.09021439464444109,17.22,17.8,,,25.81,41.93333333333333,0,0
328,18,18.0,0.08983986966201479,17.21,17.8,,,25.81,41.93333333333333,0,0
329,22,22.0,0.08938629281774202,17.28,17.8,,,25.81,41.93333333333333,0,0
330,15,15.0,0.08907964751213308,17.21,17.8,,,25.81,41.93333333333333,0,0
331,16,16.0,0.0887548743613402,17.18,17.8,,,25.81,41.93333333333333,0,0
332,19,19.0,0.0883722866445583,17.23,17.8,,,25.81,41.93333333333333,0,0
333,17,17.0,0.08803278378353668,17.22,17.8,,,25.81,41.93333333333333,0,0
334,19,19.0,0.08765645645218309,17.18,17.8,,,25.81,41.93333333333333,0,0
335,20,20.0,0.08726384666636425,17.22,17.8,,,25.81,41.93333333333333,0,0
336,18,18.0,0.08691356155781393,17.21,17.8,,,25.81,41.93333333333333,0,0
337,19,19.0,0.08654693766634497,17.22,17.8,,,25.81,41.93333333333333,0,0
338,23,23.0,0.08610737995815107,17.26,17.8,,,25.81,41.93333333333333,0,0
339,27,27.0,0.08559725483532236,17.35,17.8,,,25.81,41.93333333333333,0,0
340,18,18.0,0.08526066141254952,17.33,17.8,,,25.81,41.93333333333333,0,0
341,20,20.0,0.08488991091818124,17.33,17.8,,,25.81,41.93333333333333,0,0
342,20,20.0,0.08452254316022306,17.37,17.8,,,25.81,41.93333333333333,0,0
343,29,29.0,0.08399580551566035,17.4,17.8,,,25.81,41.93333333333333,0,0
344,17,17.0,0.08369026741351263,17.4,17.8,,,25.81,41.93333333333333,0,0
345,20,20.0,0.08333384523168744,17.43,17.8,,,25.81,41.93333333333333,0,0
346,37,37.0,0.08268301512203016,17.63,17.8,,,25.81,41.93333333333333,0,0
347,17,17.0,0.08238766525281627,17.66,17.8,,,25.81,41.93333333333333,0,0
348,30,30.0,0.08187204007609622,17.76,17.8,,,25.81,41.93333333333333,0,0
349,21,21.0,0.08151529744058847,17.81,21.9,42|49|56|63|70|77|84|91|98|105|112|119|126|133|140|147|154|161|168|175|182|189|196|203|210|217|224|231|238|245,16.0|23.0|16.0|25.0|30.0|24.0|17.0|23.0|24.0|26.0|23.0|18.0|27.0|20.0|20.0|17.0|24.0|27.0|18.0|27.0|23.0|20.0|17.0|26.0|22.0|17.0|20.0|26.0|18.0|23.0,25.81,41.93333333333333,0,0
350,18,18.0,0.08121223885037916,17.84,21.9,,,25.81,41.93333333333333,0,0
351,38,38.0,0.08058059980941368,18.02,21.9,,,25.81,41.93333333333333,0,0
352,23,23.0,0.08020360171225642,18.09,21.9,,,25.81,41.93333333333333,0,0
353,20,20.0,0.07987899195198378,18.15,21.9,,,25.81,41.93333333333333,0,0
354,26,26.0,0.07946142302934305,18.29,21.9,,,25.81,41.93333333333333,0,0
355,46,46.0,0.0787347268717079,18.58,21.9,,,25.81,41.93333333333333,0,0
356,50,50.0,0.07796202348889944,18.9,21.9,,,25.81,41.93333333333333,0,0
357,23,23.0,0.07761248228741408,18.95,21.9,,,25.81,41.93333333333333,0,0
358,42,42.0,0.0769836195182414,19.23,21.9,,,25.81,41.93333333333333,0,0
359,42,42.0,0.07636674559547316,19.48,21.9,,,25.81,41.93333333333333,0,0
360,58,58.0,0.07553415894487273,19.89,21.9,,,25.81,41.93333333333333,0,0
361,47,47.0,0.07487552277376677,20.19,21.9,,,25.81,41.93333333333333,0,0
362,20,20.0,0.07459952653362467,20.26,21.9,,,25.81,41.93333333333333,0,0
363,39,39.0,0.07406855589821776,20.54,21.9,,,25.81,41.93333333333333,0,0
364,50,50.0,0.07340156092316606,20.88,21.9,,,25.81,41.93333333333333,0,0
365,51,51.0,0.0727367902566866,21.22,21.9,,,25.81,41.93333333333333,0,0
366,49,49.0,0.07211255939115939,21.55,21.9,,,25.81,41.93333333333333,0,0
367,47,47.0,0.07152683595087465,21.88,21.9,,,25.81,41.93333333333333,0,0
368,54,54.0,0.0708692690819561,22.22,21.9,,,25.81,41.93333333333333,0,0
369,55,55.0,0.07021604549651406,22.62,21.9,,,25.81,41.93333333333333,0,0
370,48,48.0,0.06965926071081467,22.96,21.9,,,25.81,41.93333333333333,0,0
371,52,52.0,0.06906973977420386,23.35,21.9,,,25.81,41.93333333333333,0,0
372,60,60.0,0.06840675343058765,23.76,21.9,,,25.81,41.93333333333333,0,0
373,55,55.0,0.06781482483477128,24.13,21.9,,,25.81,41.93333333333333,0,0
374,56,56.0,0.06722726968771033,24.52,21.9,,,25.81,41.93333333333333,0,0
375,57,57.0,0.06664450877764916,24.92,21.9,,,25.81,41.93333333333333,0,0
376,64,64.0,0.06600806927204543,25.4,21.9,,,25.81,41.93333333333333,0,0
377,58,58.0,0.06544720054007923,25.8,21.9,,,25.81,41.93333333333333,0,0
378,61,61.0,0.06487318738995858,26.23,21.9,,,26.23,41.93333333333333,1,0
379,56,56.0,0.06436016743298449,26.66,21.9,,,26.66,41.93333333333333,1,0
380,67,67.0,0.06376342692145454,27.16,21.9,,,27.16,41.93333333333333,1,0
381,53,53.0,0.0633041886210812,27.56,21.9,,,27.56,41.93333333333333,1,0
382,60,60.0,0.06279758182948199,28.02,21.9,,,28.02,41.93333333333333,1,0
383,63,63.0,0.06228042644175485,28.47,21.9,,,28.47,41.93333333333333,1,0
384,70,70.0,0.06172305302519679,28.97,21.9,,,28.97,41.93333333333333,1,0
385,61,61.0,0.061251710342027615,29.46,21.9,,,29.46,41.93333333333333,1,0
386,66,66.0,0.0607563576153267,29.97,21.9,,,29.97,41.93333333333333,1,0
387,69,69.0,0.06025426204899407,30.52,21.9,,,30.52,41.93333333333333,1,0
388,81,81.0,0.05968475182264291,31.15,21.9,,,31.15,41.93333333333333,1,0
389,73,73.0,0.059189291379471154,31.73,21.9,,,31.73,41.93333333333333,1,0
390,72,72.0,0.058716588736233574,32.3,21.9,,,32.3,41.93333333333333,1,0
391,68,68.0,0.05828424430933638,32.81,21.9,,,32.81,41.93333333333333,1,0
392,73,73.0,0.05783486350126135,33.38,21.9,,,33.38,41.93333333333333,1,0
393,88,88.0,0.05731275448901474,34.07,21.9,,,34.07,41.93333333333333,1,0
394,67,67.0,0.0569291216879392,34.58,21.9,,,34.58,41.93333333333333,1,0
395,80,80.0,0.056486218196554736,35.22,21.9,,,35.22,41.93333333333333,1,0
396,90,90.0,0.05600698145356563,35.88,21.9,,,35.88,41.93333333333333,1,0
397,66,66.0,0.05566789333665109,36.39,21.9,,,36.39,41.93333333333333,1,0
398,86,86.0,0.055241164515269205,37.05,21.9,,,37.05,41.93333333333333,1,0
399,72,72.0,0.05489661325292606,37.61,79.96666666666667,42|49|56|63|70|77|84|91|98|105|112|119|126|133|140|147|154|161|168|175|182|189|196|203|210|217|224|231|238|245,67.0|81.0|69.0|93.0|87.0|80.0|66.0|73.0|78.0|89.0|78.0|71.0|98.0|74.0|73.0|68.0|88.0|92.0|77.0|92.0|89.0|78.0|68.0|85.0|75.0|68.0|78.0|94.0|70.0|100.0,37.61,79.96666666666667,1,1
400,76,76.0,0.054545045852738144,38.23,79.96666666666667,,,38.23,79.96666666666667,1,0
401,103,103.0,0.05408770819729623,39.08,79.96666666666667,,,39.08,79.96666666666667,1,0
402,81,81.0,0.05374291543109449,39.72,79.96666666666667,,,39.72,79.96666666666667,1,0
403,76,76.0,0.053430840068284524,40.32,79.96666666666667,,,40.32,79.96666666666667,1,0
404,85,85.0,0.053094446252666364,41.03,79.96666666666667,,,41.03,79.96666666666667,1,0
405,93,93.0,0.052741097698749684,41.69,79.96666666666667,,,41.69,79.96666666666667,1,0
406,99,99.0,0.05238113907914432,42.5,79.96666666666667,,,42.5,79.96666666666667,1,0
407,77,77.0,0.05211224681511885,43.09,79.96666666666667,,,43.09,79.96666666666667,1,0
408,73,73.0,0.05186593767188627,43.67,79.96666666666667,,,43.67,79.96666666666667,1,0
409,74,74.0,0.05162452454814077,44.25,79.96666666666667,,,44.25,79.96666666666667,1,0
410,118,118.0,0.051256110734656864,45.24,79.96666666666667,,,45.24,79.96666666666667,1,0
411,91,91.0,0.0509852945089717,45.94,79.96666666666667,,,45.94,79.96666666666667,1,0
412,62,62.0,0.05080714610596258,46.41,79.96666666666667,,,46.41,79.96666666666667,1,0
413,68,68.0,0.05061749086747533,46.94,79.96666666666667,,,46.94,79.96666666666667,1,0
414,93,93.0,0.05036749556130461,47.7,79.96666666666667,,,47.7,79.96666666666667,1,0
415,86,86.0,0.05014561004311884,48.4,79.96666666666667,,,48.4,79.96666666666667,1,0
416,89,89.0,0.049925009314890155,49.11,79.96666666666667,,,49.11,79.96666666666667,1,0
417,68,68.0,0.04976242109893526,49.63,79.96666666666667,,,49.63,79.96666666666667,1,0
418,97,97.0,0.04953908975396051,50.39,79.96666666666667,,,50.39,79.96666666666667,1,0
419,95,95.0,0.04932977842840118,51.17,79.96666666666667,,,51.17,79.96666666666667,1,0
420,80,80.0,0.049160448561805514,51.79,79.96666666666667,,,51.79,79.96666666666667,1,0
421,83,83.0,0.04899120889040417,52.45,79.96666666666667,,,52.45,79.96666666666667,1,0
422,207,207.0,0.04859614166223692,54.32,79.96666666666667,,,54.32,79.96666666666667,1,0
423,113,113.0,0.048395777898439414,55.21,79.96666666666667,,,55.21,79.96666666666667,1,0
424,101,101.0,0.04822526564213333,56.02,79.96666666666667,,,56.02,79.96666666666667,1,0
425,85,85.0,0.04808775649677474,56.69,79.96666666666667,,,56.69,79.96666666666667,1,0
426,115,115.0,0.047910039160258336,57.61,79.96666666666667,,,57.61,79.96666666666667,1,0
427,90,90.0,0.04777734436330659,58.3,79.96666666666667,,,58.3,79.96666666666667,1,0
428,119,119.0,0.047610088166032204,59.31,79.96666666666667,,,59.31,79.96666666666667,1,0
429,87,87.0,0.047493453178800965,59.96,79.96666666666667,,,59.96,79.96666666666667,1,0
430,104,104.0,0.04735999431415871,60.85,79.96666666666667,,,60.85,79.96666666666667,1,0
431,61,61.0,0.047284624652686603,61.3,79.96666666666667,,,61.3,79.96666666666667,1,0
432,98,98.0,0.04716786524646741,62.09,79.96666666666667,,,62.09,79.96666666666667,1,0
433,93,93.0,0.04706180875064846,62.85,79.96666666666667,,,62.85,79.96666666666667,1,0
434,125,125.0,0.04692619740355541,63.91,79.96666666666667,,,63.91,79.96666666666667,1,0
435,107,107.0,0.04681612819143187,64.78,79.96666666666667,,,64.78,79.96666666666667,1,0
436,95,95.0,0.04672282555135258,65.55,79.96666666666667,,,65.55,79.96666666666667,1,0
437,114,114.0,0.04661609442126235,66.5,79.96666666666667,,,66.5,79.96666666666667,1,0
438,141,141.0,0.04649156999012222,67.68,79.96666666666667,,,67.68,79.96666666666667,1,0
439,110,110.0,0.04639985936189551,68.51,79.96666666666667,,,68.51,79.96666666666667,1,0
440,81,81.0,0.046335222077321166,69.14,79.96666666666667,,,69.14,79.96666666666667,1,0
441,108,108.0,0.046252688166960584,70.02,79.96666666666667,,,70.02,79.96666666666667,1,0
442,89,89.0,0.04618767826740341,70.71,79.96666666666667,,,70.71,79.96666666666667,1,0
443,81,81.0,0.04613077314536144,71.23,79.96666666666667,,,71.23,79.96666666666667,1,0
444,131,131.0,0.04604309725070413,72.37,79.96666666666667,,,72.37,79.96666666666667,1,0
445,82,82.0,0.04599083527018752,72.99,79.96666666666667,,,72.99,79.96666666666667,1,0
446,105,105.0,0.045926719054767424,73.67,79.96666666666667,,,73.67,79.96666666666667,1,0
447,70,70.0,0.04588565727449319,74.2,79.96666666666667,,,74.2,79.96666666666667,1,0
448,77,77.0,0.045841985051941786,74.67,79.96666666666667,,,74.67,79.96666666666667,1,0
449,142,142.0,0.045765379071364645,75.88,101.46666666666667,42|49|56|63|70|77|84|91|98|105|112|119|126|133|140|147|154|161|168|175|182|189|196|203|210|217|224|231|238|245,75.0|92.0|116.0|91.0|114.0|85.0|75.0|81.0|86.0|95.0|89.0|73.0|148.0|77.0|73.0|77.0|87.0|85.0|148.0|128.0|191.0|173.0|80.0|117.0|75.0|75.0|108.0|89.0|73.0|168.0,75.88,101.46666666666667,1,1
450,75,75.0,0.0457268857809651,76.45,101.46666666666667,,,76.45,101.46666666666667,1,0
451,212,212.0,0.04562496857002777,78.19,101.46666666666667,,,78.19,101.46666666666667,1,0
452,80,80.0,0.045589010526166436,78.76,101.46666666666667,,,78.76,101.46666666666667,1,0
453,168,168.0,0.04551765658800666,80.24,101.46666666666667,,,80.24,101.46666666666667,1,0
454,102,102.0,0.04547693999959777,81.0,101.46666666666667,,,81.0,101.46666666666667,1,0
455,113,113.0,0.04543399996659689,81.67,101.46666666666667,,,81.67,101.46666666666667,1,0
456,114,114.0,0.045392875605286105,82.31,101.46666666666667,,,82.31,101.46666666666667,1,0
457,99,99.0,0.045358864547936195,83.07,101.46666666666667,,,83.07,101.46666666666667,1,0
458,105,105.0,0.04532443928113448,83.7,101.46666666666667,,,83.7,101.46666666666667,1,0
459,158,158.0,0.04527566117121149,84.86,101.46666666666667,,,84.86,101.46666666666667,1,0
460,223,223.0,0.045212558073534456,86.51,101.46666666666667,,,86.51,101.46666666666667,1,0
461,76,76.0,0.04519248394816921,86.8,101.46666666666667,,,86.8,101.46666666666667,1,0
462,63,63.0,0.04517636547927715,87.23,101.46666666666667,,,87.23,101.46666666666667,1,0
463,65,65.0,0.0451602159702981,87.49,101.46666666666667,,,87.49,101.46666666666667,1,0
464,83,83.0,0.04514028145919089,87.82,101.46666666666667,,,87.82,101.46666666666667,1,0
465,67,67.0,0.04512473378078065,87.98,101.46666666666667,,,87.98,101.46666666666667,1,0
466,62,62.0,0.04511076552356591,88.11,101.46666666666667,,,88.11,101.46666666666667,1,0
467,61,61.0,0.04509740451488965,88.25,101.46666666666667,,,88.25,101.46666666666667,1,0
468,67,67.0,0.04508315339842405,88.38,101.46666666666667,,,88.38,101.46666666666667,1,0
469,69,69.0,0.04506892716836366,88.52,101.46666666666667,,,88.52,101.46666666666667,1,0
470,52,52.0,0.04505849932156698,88.56,101.46666666666667,,,88.56,101.46666666666667,1,0
471,57,57.0,0.04504735070920946,88.61,101.46666666666667,,,88.61,101.46666666666667,1,0
472,82,82.0,0.04503181467807322,88.83,101.46666666666667,,,88.83,101.46666666666667,1,0
473,86,86.0,0.04501613604156815,89.14,101.46666666666667,,,89.14,101.46666666666667,1,0
474,73,73.0,0.04500330382862294,89.31,101.46666666666667,,,89.31,101.46666666666667,1,0
475,53,53.0,0.04499425263653922,89.27,101.46666666666667,,,89.31,101.46666666666667,0,0
476,73,73.0,0.044982140433525296,89.36,101.46666666666667,,,89.36,101.46666666666667,1,0
477,69,69.0,0.04497105849530581,89.47,101.46666666666667,,,89.47,101.46666666666667,1,0
478,74,74.0,0.044959556582658586,89.6,101.46666666666667,,,89.6,101.46666666666667,1,0
479,58,58.0,0.04495081033041226,89.62,101.46666666666667,,,89.62,101.46666666666667,1,0
480,81,81.0,0.044938978328304915,89.76,101.46666666666667,,,89.76,101.46666666666667,1,0
481,63,63.0,0.04493007456935315,89.86,101.46666666666667,,,89.86,101.46666666666667,1,0
482,72,72.0,0.04492020870607277,89.98,101.46666666666667,,,89.98,101.46666666666667,1,0
483,95,95.0,0.04490767956287245,90.3,101.46666666666667,,,90.3,101.46666666666667,1,0
484,83,83.0,0.04489717075087855,90.43,101.46666666666667,,,90.43,101.46666666666667,1,0
485,60,60.0,0.04488981912709658,90.42,101.46666666666667,,,90.43,101.46666666666667,0,0
486,74,74.0,0.04488102615844323,90.5,101.46666666666667,,,90.5,101.46666666666667,1,0
487,74,74.0,0.04487252639319786,90.55,101.46666666666667,,,90.55,101.46666666666667,1,0
488,117,117.0,0.044859662144133804,90.91,101.46666666666667,,,90.91,101.46666666666667,1,0
489,107,107.0,0.04484848625932404,91.25,101.46666666666667,,,91.25,101.46666666666667,1,0
490,87,87.0,0.04483979472908306,91.4,101.46666666666667,,,91.4,101.46666666666667,1,0
491,73,73.0,0.04483276451523789,91.45,101.46666666666667,,,91.45,101.46666666666667,1,0
492,97,97.0,0.04482377958029552,91.69,101.46666666666667,,,91.69,101.46666666666667,1,0
493,88,88.0,0.04481596674256099,91.69,101.46666666666667,,,91.69,101.46666666666667,0,0
494,91,91.0,0.044808212204561194,91.93,101.46666666666667,,,91.93,101.46666666666667,1,0
495,157,157.0,0.044795570779092214,92.7,101.46666666666667,,,92.7,101.46666666666667,1,0
496,115,115.0,0.04478687152425817,92.95,101.46666666666667,,,92.95,101.46666666666667,1,0
497,83,83.0,0.0447808717659649,93.12,101.46666666666667,,,93.12,101.46666666666667,1,0
498,113,113.0,0.04477306176624787,93.39,101.46666666666667,,,93.39,101.46666666666667,1,0
499,131,131.0,0.04476449970587405,93.98,156.4,42|49|56|63|70|77|84|91|98|105|112|119|126|133|140|147|154|161|168|175|182|189|196|203|210|217|224|231|238|245,121.0|124.0|120.0|163.0|171.0|117.0|149.0|151.0|118.0|153.0|157.0|131.0|185.0|109.0|121.0|105.0|151.0|175.0|147.0|147.0|500.0|162.0|125.0|147.0|139.0|111.0|247.0|147.0|117.0|182.0,93.98,156.4,1,1
500,119,119.0,0.04475715519008657,94.41,156.4,,,94.41,156.4,1,0
501,190,190.0,0.04474622815672416,95.28,156.4,,,95.28,156.4,1,0
502,229,229.0,0.04473426217308173,96.76,156.4,,,96.76,156.4,1,0
503,320,320.0,0.044719511304053855,99.2,156.4,,,99.2,156.4,1,0
504,145,145.0,0.0447135071646616,99.8,156.4,,,99.8,156.4,1,0
505,350,350.0,0.04470055700232998,102.37,156.4,,,102.37,156.4,1,0
506,157,157.0,0.044695389512525927,102.95,156.4,,,102.95,156.4,1,0
507,205,205.0,0.04468917832665171,104.23,156.4,,,104.23,156.4,1,0
508,145,145.0,0.044685124382818346,104.95,156.4,,,104.95,156.4,1,0
509,173,173.0,0.044680627173586784,105.94,156.4,,,105.94,156.4,1,0
510,116,116.0,0.044677805337322,105.92,156.4,,,105.94,156.4,0,0
511,163,163.0,0.04467408531221419,106.64,156.4,,,106.64,156.4,1,0
512,199,199.0,0.044669904741982194,108.01,156.4,,,108.01,156.4,1,0
513,199,199.0,0.04466608857342762,109.32,156.4,,,109.32,156.4,1,0
514,98,98.0,0.04466433336036235,109.37,156.4,,,109.37,156.4,1,0
515,78,78.0,0.04466299161560389,109.29,156.4,,,109.37,156.4,0,0
516,88,88.0,0.04466153433100013,109.28,156.4,,,109.37,156.4,0,0
517,107,107.0,0.044659839783895525,109.67,156.4,,,109.67,156.4,1,0
518,63,63.0,0.04465888024184967,109.33,156.4,,,109.67,156.4,0,0
519,69,69.0,0.04465786061973183,109.07,156.4,,,109.67,156.4,0,0
520,80,80.0,0.04465671811433067,109.07,156.4,,,109.67,156.4,0,0
521,84,84.0,0.044655562722799455,109.08,156.4,,,109.67,156.4,0,0
522,58,58.0,0.044654790518230604,107.59,156.4,,,109.67,156.4,0,0
523,60,60.0,0.04465401299485858,107.06,156.4,,,109.67,156.4,0,0
524,72,72.0,0.044653107753463005,106.77,156.4,,,109.67,156.4,0,0
525,73,73.0,0.044652219932737575,106.65,156.4,,,109.67,156.4,0,0
526,75,75.0,0.0446513382015275,106.25,156.4,,,109.67,156.4,0,0
527,61,61.0,0.04465064307611592,105.96,156.4,,,109.67,156.4,0,0
528,55,55.0,0.04465003276772427,105.32,156.4,,,109.67,156.4,0,0
529,85,85.0,0.0446491193086661,105.3,156.4,,,109.67,156.4,0,0
530,55,55.0,0.04464854692868721,104.81,156.4,,,109.67,156.4,0,0
531,111,111.0,0.044647434786936835,105.31,156.4,,,109.67,156.4,0,0
532,91,91.0,0.04464656430319573,105.24,156.4,,,109.67,156.4,0,0
533,69,69.0,0.0446459280467722,105.0,156.4,,,109.67,156.4,0,0
534,53,53.0,0.04464545280960136,104.28,156.4,,,109.67,156.4,0,0
535,79,79.0,0.04464476552224597,104.0,156.4,,,109.67,156.4,0,0
536,62,62.0,0.04464424329218079,103.67,156.4,,,109.67,156.4,0,0
537,63,63.0,0.044643727622597676,103.16,156.4,,,109.67,156.4,0,0
538,55,55.0,0.04464328944819893,102.3,156.4,,,109.67,156.4,0,0
539,60,60.0,0.044642823869362906,101.8,156.4,,,109.67,156.4,0,0
540,62,62.0,0.044642356033555916,101.61,156.4,,,109.67,156.4,0,0
541,69,69.0,0.04464185077049453,101.22,156.4,,,109.67,156.4,0,0
542,65,65.0,0.04464138919320831,100.98,156.4,,,109.67,156.4,0,0
543,177,177.0,0.04464019980369316,101.94,156.4,,,109.67,156.4,0,0
544,69,69.0,0.04463976165890685,101.32,156.4,,,109.67,156.4,0,0
545,76,76.0,0.04463929483190724,101.26,156.4,,,109.67,156.4,0,0
546,87,87.0,0.04463878002177688,101.08,156.4,,,109.67,156.4,0,0
547,82,82.0,0.04463831323342447,101.2,156.4,,,109.67,156.4,0,0
548,81,81.0,0.04463786904299088,101.24,156.4,,,109.67,156.4,0,0
549,356,356.0,0.04463610096399869,103.38,448.7,42|49|56|63|70|77|84|91|98|105|112|119|126|133|140|147|154|161|168|175|182|189|196|203|210|217|224|231|238|245,500.0|478.0|500.0|500.0|500.0|454.0|500.0|500.0|500.0|190.0|500.0|500.0|104.0|500.0|500.0|500.0|484.0|500.0|500.0|370.0|391.0|500.0|500.0|367.0|500.0|500.0|500.0|500.0|251.0|372.0,109.67,448.7,0,1
550,100,100.0,0.04463565404573587,103.63,448.7,,,109.67,448.7,0,0
551,171,171.0,0.044634935708983,103.22,448.7,,,109.67,448.7,0,0
552,110,110.0,0.0446345025023535,103.52,448.7,,,109.67,448.7,0,0
553,105,105.0,0.04463410886948551,102.89,448.7,,,109.67,448.7,0,0
554,83,83.0,0.0446338108428131,102.7,448.7,,,109.67,448.7,0,0
555,70,70.0,0.044633568158703577,102.27,448.7,,,109.67,448.7,0,0
556,74,74.0,0.04463331993303694,101.87,448.7,,,109.67,448.7,0,0
557,200,200.0,0.04463268968955253,102.88,448.7,,,109.67,448.7,0,0
558,80,80.0,0.04463245332858692,102.63,448.7,,,109.67,448.7,0,0
559,90,90.0,0.044632197577928974,101.95,448.7,,,109.67,448.7,0,0
560,68,68.0,0.04463201122072625,100.4,448.7,,,109.67,448.7,0,0
561,78,78.0,0.044631804488651554,100.42,448.7,,,109.67,448.7,0,0
562,88,88.0,0.04463157995453829,100.67,448.7,,,109.67,448.7,0,0
563,96,96.0,0.044631345118220034,100.98,448.7,,,109.67,448.7,0,0
564,114,114.0,0.04463107934295069,101.29,448.7,,,109.67,448.7,0,0
565,97,97.0,0.04463086388148027,101.59,448.7,,,109.67,448.7,0,0
566,79,79.0,0.04463069534347419,101.76,448.7,,,109.67,448.7,0,0
567,103,103.0,0.044630484571726664,102.18,448.7,,,109.67,448.7,0,0
568,80,80.0,0.04463032759420987,102.31,448.7,,,109.67,448.7,0,0
569,103,103.0,0.044630133778497436,102.65,448.7,,,109.67,448.7,0,0
570,84,84.0,0.044629982349947875,102.97,448.7,,,109.67,448.7,0,0
571,86,86.0,0.04462983323875637,103.26,448.7,,,109.67,448.7,0,0
572,72,72.0,0.04462971284274211,103.16,448.7,,,109.67,448.7,0,0
573,79,79.0,0.04462958523307508,103.09,448.7,,,109.67,448.7,0,0
574,78,78.0,0.04462946369111421,103.14,448.7,,,109.67,448.7,0,0
575,85,85.0,0.04462933609614792,103.46,448.7,,,109.67,448.7,0,0
576,72,72.0,0.04462923183677617,103.45,448.7,,,109.67,448.7,0,0
577,75,75.0,0.044629126830206714,103.51,448.7,,,109.67,448.7,0,0
578,74,74.0,0.044629026701582454,103.51,448.7,,,109.67,448.7,0,0
579,86,86.0,0.04462891452312244,103.79,448.7,,,109.67,448.7,0,0
580,73,73.0,0.044628822710426466,103.71,448.7,,,109.67,448.7,0,0
581,102,102.0,0.04462869946132187,104.1,448.7,,,109.67,448.7,0,0
582,86,86.0,0.044628599929644,104.24,448.7,,,109.67,448.7,0,0
583,74,74.0,0.04462851737063095,104.03,448.7,,,109.67,448.7,0,0
584,69,69.0,0.04462844287202607,103.89,448.7,,,109.67,448.7,0,0
585,84,84.0,0.0446283553009117,104.13,448.7,,,109.67,448.7,0,0
586,73,73.0,0.04462828188779957,104.12,448.7,,,109.67,448.7,0,0
587,73,73.0,0.04462821089013282,104.11,448.7,,,109.67,448.7,0,0
588,70,70.0,0.044628145005122306,103.64,448.7,,,109.67,448.7,0,0
589,75,75.0,0.044628076720555715,103.32,448.7,,,109.67,448.7,0,0
590,75,75.0,0.044628010743196535,103.2,448.7,,,109.67,448.7,0,0
591,76,76.0,0.04462794615982925,103.23,448.7,,,109.67,448.7,0,0
592,83,83.0,0.04462787815087006,103.09,448.7,,,109.67,448.7,0,0
593,65,65.0,0.044627826668009,102.86,448.7,,,109.67,448.7,0,0
594,83,83.0,0.04462776311897682,102.78,448.7,,,109.67,448.7,0,0
595,74,74.0,0.04462770846359327,101.95,448.7,,,109.67,448.7,0,0
596,67,67.0,0.04462766055203379,101.47,448.7,,,109.67,448.7,0,0
597,88,88.0,0.044627599817551905,101.52,448.7,,,109.67,448.7,0,0
598,77,77.0,0.044627548647472114,101.16,448.7,,,109.67,448.7,0,0
599,76,76.0,0.044627499882026356,100.61,72.93333333333334,42|49|56|63|70|77|84|91|98|105|112|119|126|133|140|147|154|161|168|175|182|189|196|203|210|217|224|231|238|245,82.0|68.0|81.0|68.0|73.0|74.0|87.0|72.0|73.0|66.0|73.0|85.0|62.0|73.0|73.0|75.0|67.0|73.0|75.0|69.0|74.0|75.0|77.0|64.0|70.0|83.0|70.0|65.0|77.0|64.0,109.67,448.7,0,0
600,81,81.0,0.04462744974456308,100.23,72.93333333333334,,,109.67,448.7,0,0
601,68,68.0,0.044627409067388664,99.01,72.93333333333334,,,109.67,448.7,0,0
602,96,96.0,0.04462735375662227,97.68,72.93333333333334,,,109.67,448.7,0,0
603,90,90.0,0.04462730406691351,95.38,72.93333333333334,,,109.67,448.7,0,0
604,91,91.0,0.044627255866212995,94.84,72.93333333333334,,,109.67,448.7,0,0
605,73,73.0,0.04462721862680878,92.07,72.93333333333334,,,109.67,448.7,0,0
606,82,82.0,0.04462717825540956,91.32,72.93333333333334,,,109.67,448.7,0,0
607,91,91.0,0.044627135193753546,90.18,72.93333333333334,,,109.67,448.7,0,0
608,96,96.0,0.04462709167120241,89.69,72.93333333333334,,,109.67,448.7,0,0
609,98,98.0,0.04462704917361639,88.94,72.93333333333334,,,109.67,448.7,0,0
610,72,72.0,0.04462701914495973,88.5,72.93333333333334,,,109.67,448.7,0,0
611,88,88.0,0.04462698376372331,87.75,72.93333333333334,,,109.67,448.7,0,0
612,95,95.0,0.044626947136238236,86.71,72.93333333333334,,,109.67,448.7,0,0
613,102,102.0,0.044626909545231665,85.74,72.93333333333334,,,109.67,448.7,0,0
614,93,93.0,0.04462687676936802,85.69,72.93333333333334,,,109.67,448.7,0,0
615,89,89.0,0.04462684668462918,85.8,72.93333333333334,,,109.67,448.7,0,0
616,86,86.0,0.0446268187568033,85.78,72.93333333333334,,,109.67,448.7,0,0
617,102,102.0,0.04462678702892829,85.73,72.93333333333334,,,109.67,448.7,0,0
618,80,80.0,0.04462676316162269,85.9,72.93333333333334,,,109.67,448.7,0,0
619,88,88.0,0.04462673789877854,86.09,72.93333333333334,,,109.67,448.7,0,0
620,97,97.0,0.04462671120765283,86.26,72.93333333333334,,,109.67,448.7,0,0
621,99,99.0,0.04462668516253025,86.41,72.93333333333334,,,109.67,448.7,0,0
622,78,78.0,0.04462666545840838,86.61,72.93333333333334,,,109.67,448.7,0,0
623,83,83.0,0.044626645250502396,86.84,72.93333333333334,,,109.67,448.7,0,0
624,92,92.0,0.04462662373153307,87.04,72.93333333333334,,,109.67,448.7,0,0
625,91,91.0,0.044626603320610796,87.22,72.93333333333334,,,109.67,448.7,0,0
626,82,82.0,0.044626585643444835,87.29,72.93333333333334,,,109.67,448.7,0,0
627,89,89.0,0.04462656719431674,87.57,72.93333333333334,,,109.67,448.7,0,0
628,83,83.0,0.04462655065403149,87.85,72.93333333333334,,,109.67,448.7,0,0
629,103,103.0,0.044626530983956934,88.03,72.93333333333334,,,109.67,448.7,0,0
630,85,85.0,0.044626515436278456,88.33,72.93333333333334,,,109.67,448.7,0,0
631,115,115.0,0.04462649534240033,88.37,72.93333333333334,,,109.67,448.7,0,0
632,92,92.0,0.04462648001263423,88.38,72.93333333333334,,,109.67,448.7,0,0
633,91,91.0,0.04462646547222295,88.6,72.93333333333334,,,109.67,448.7,0,0
634,86,86.0,0.044626452277028814,88.93,72.93333333333334,,,109.67,448.7,0,0
635,94,94.0,0.04462643843698373,89.08,72.93333333333334,,,109.67,448.7,0,0
636,99,99.0,0.04462642449124159,89.45,72.93333333333334,,,109.67,448.7,0,0
637,110,110.0,0.04462640972028247,89.92,72.93333333333334,,,109.67,448.7,0,0
638,88,88.0,0.044626398428105965,90.25,72.93333333333334,,,109.67,448.7,0,0
639,106,106.0,0.04462638541719448,90.71,72.93333333333334,,,109.67,448.7,0,0
640,98,98.0,0.04462637393776894,91.07,72.93333333333334,,,109.67,448.7,0,0
641,126,126.0,0.04462635991620245,91.64,72.93333333333334,,,109.67,448.7,0,0
642,129,129.0,0.044626346375486146,92.28,72.93333333333334,,,109.67,448.7,0,0
643,127,127.0,0.0446263338042722,91.78,72.93333333333334,,,109.67,448.7,0,0
644,104,104.0,0.04462632404093936,92.13,72.93333333333334,,,109.67,448.7,0,0
645,123,123.0,0.04462631307878834,92.6,72.93333333333334,,,109.67,448.7,0,0
646,117,117.0,0.04462630320947694,92.9,72.93333333333334,,,109.67,448.7,0,0
647,131,131.0,0.044626292769365486,93.39,72.93333333333334,,,109.67,448.7,0,0
648,133,133.0,0.04462628279202346,93.91,72.93333333333334,,,109.67,448.7,0,0
649,138,138.0,0.044626273062799385,91.73,133.26666666666668,42|49|56|63|70|77|84|91|98|105|112|119|126|133|140|147|154|161|168|175|182|189|196|203|210|217|224|231|238|245,148.0|129.0|143.0|129.0|127.0|129.0|146.0|134.0|127.0|129.0|133.0|143.0|120.0|136.0|136.0|143.0|123.0|126.0|143.0|121.0|131.0|131.0|144.0|129.0|131.0|142.0|133.0|126.0|143.0|123.0,109.67,448.7,0,0
650,138,138.0,0.04462626392984331,92.11,133.26666666666668,,,109.67,448.7,0,0
651,117,117.0,0.04462625662651501,91.57,133.26666666666668,,,109.67,448.7,0,0
652,141,141.0,0.04462624832987808,91.88,133.26666666666668,,,109.67,448.7,0,0
653,174,174.0,0.04462623880359012,92.57,133.26666666666668,,,109.67,448.7,0,0
654,160,160.0,0.044626230689537576,93.34,133.26666666666668,,,109.67,448.7,0,0
655,121,121.0,0.04462622493650107,93.85,133.26666666666668,,,109.67,448.7,0,0
656,128,128.0,0.0446262191880811,94.39,133.26666666666668,,,109.67,448.7,0,0
657,133,133.0,0.044626213561804934,93.72,133.26666666666668,,,109.67,448.7,0,0
658,150,150.0,0.04462620761456461,94.42,133.26666666666668,,,109.67,448.7,0,0
659,134,134.0,0.04462620263663466,94.86,133.26666666666668,,,109.67,448.7,0,0
660,117,117.0,0.04462619853332087,95.35,133.26666666666668,,,109.67,448.7,0,0
661,130,130.0,0.044626194224845706,95.87,133.26666666666668,,,109.67,448.7,0,0
662,140,140.0,0.04462618986321585,96.39,133.26666666666668,,,109.67,448.7,0,0
663,133,133.0,0.044626185971000466,96.76,133.26666666666668,,,109.67,448.7,0,0
664,127,127.0,0.04462618246938494,96.89,133.26666666666668,,,109.67,448.7,0,0
665,128,128.0,0.044626179140500585,97.2,133.26666666666668,,,109.67,448.7,0,0
666,127,127.0,0.04462617602509552,97.68,133.26666666666668,,,109.67,448.7,0,0
667,137,137.0,0.04462617286158871,98.02,133.26666666666668,,,109.67,448.7,0,0
668,122,122.0,0.04462617020687169,98.44,133.26666666666668,,,109.67,448.7,0,0
669,126,126.0,0.04462616761655794,98.67,133.26666666666668,,,109.67,448.7,0,0
670,137,137.0,0.04462616496476091,99.2,133.26666666666668,,,109.67,448.7,0,0
671,131,131.0,0.044626162580168265,99.65,133.26666666666668,,,109.67,448.7,0,0
672,116,116.0,0.04462616058487846,100.09,133.26666666666668,,,109.67,448.7,0,0
673,133,133.0,0.044626158423972544,100.63,133.26666666666668,,,109.67,448.7,0,0
674,96,96.0,0.044626156944067887,100.81,133.26666666666668,,,109.67,448.7,0,0
675,124,124.0,0.04462615512640331,101.2,133.26666666666668,,,109.67,448.7,0,0
676,86,86.0,0.04462615392507558,101.34,133.26666666666668,,,109.67,448.7,0,0
677,121,121.0,0.04462615231303553,101.8,133.26666666666668,,,109.67,448.7,0,0
678,131,131.0,0.04462615066565886,102.37,133.26666666666668,,,109.67,448.7,0,0
679,142,142.0,0.044626148988195315,102.93,133.26666666666668,,,109.67,448.7,0,0
680,134,134.0,0.04462614750227912,103.54,133.26666666666668,,,109.67,448.7,0,0
681,145,145.0,0.04462614599392333,103.97,133.26666666666668,,,109.67,448.7,0,0
682,145,145.0,0.04462614458254414,104.56,133.26666666666668,,,109.67,448.7,0,0
683,131,131.0,0.044626143385623145,105.13,133.26666666666668,,,109.67,448.7,0,0
684,132,132.0,0.044626142250099955,105.76,133.26666666666668,,,109.67,448.7,0,0
685,137,137.0,0.04462614114200356,106.29,133.26666666666668,,,109.67,448.7,0,0
686,127,127.0,0.044626140175111406,106.83,133.26666666666668,,,109.67,448.7,0,0
687,130,130.0,0.044626139241976163,107.4,133.26666666666668,,,109.67,448.7,0,0
688,127,127.0,0.04462613838251545,107.97,133.26666666666668,,,109.67,448.7,0,0
689,124,124.0,0.044626137590265486,108.46,133.26666666666668,,,109.67,448.7,0,0
690,132,132.0,0.0446261367949384,109.03,133.26666666666668,,,109.67,448.7,0,0
691,96,96.0,0.04462613624600218,109.23,133.26666666666668,,,109.67,448.7,0,0
692,131,131.0,0.044626135534851445,109.71,133.26666666666668,,,109.71,448.7,1,0
693,129,129.0,0.04462613487506476,110.35,133.26666666666668,,,110.35,448.7,1,0
694,138,138.0,0.04462613421112164,110.9,133.26666666666668,,,110.9,448.7,1,0
695,135,135.0,0.04462613360100319,111.51,133.26666666666668,,,111.51,448.7,1,0
696,134,134.0,0.04462613303160779,112.18,133.26666666666668,,,112.18,448.7,1,0
697,149,149.0,0.04462613243820703,112.79,133.26666666666668,,,112.79,448.7,1,0
698,142,142.0,0.04462613190917395,113.44,133.26666666666668,,,113.44,448.7,1,0
699,145,145.0,0.04462613140334436,114.13,127.73333333333333,42|49|56|63|70|77|84|91|98|105|112|119|126|133|140|147|154|161|168|175|182|189|196|203|210|217|224|231|238|245,133.0|127.0|134.0|126.0|124.0|126.0|132.0|132.0|123.0|125.0|129.0|133.0|122.0|131.0|131.0|130.0|123.0|126.0|134.0|120.0|126.0|126.0|132.0|122.0|129.0|133.0|127.0|125.0|131.0|120.0,114.13,448.7,1,0
700,143,143.0,0.0446261309363528,114.75,127.73333333333333,,,114.75,448.7,1,0
701,126,126.0,0.04462613054949091,115.33,127.73333333333333,,,115.33,448.7,1,0
702,144,144.0,0.044626130133870734,115.81,127.73333333333333,,,115.81,448.7,1,0
703,154,154.0,0.04462612971871603,116.45,127.73333333333333,,,116.45,448.7,1,0
704,163,163.0,0.04462612931007626,117.17,127.73333333333333,,,117.17,448.7,1,0
705,135,135.0,0.044626128993994915,117.79,127.73333333333333,,,117.79,448.7,1,0
706,137,137.0,0.044626128692611775,118.34,127.73333333333333,,,118.34,448.7,1,0
707,149,149.0,0.04462612838561367,118.92,127.73333333333333,,,118.92,448.7,1,0
708,143,143.0,0.04462612811005144,119.39,127.73333333333333,,,119.39,448.7,1,0
709,146,146.0,0.04462612784673424,119.87,127.73333333333333,,,119.87,448.7,1,0
710,139,139.0,0.04462612761189476,120.54,127.73333333333333,,,120.54,448.7,1,0
711,145,145.0,0.04462612738234978,121.11,127.73333333333333,,,121.11,448.7,1,0
712,168,168.0,0.0446261271347858,121.84,127.73333333333333,,,121.84,448.7,1,0
713,165,165.0,0.04462612690950769,122.47,127.73333333333333,,,122.47,448.7,1,0
714,167,167.0,0.044626126698200534,123.21,127.73333333333333,,,123.21,448.7,1,0
715,143,143.0,0.04462612652967912,123.75,127.73333333333333,,,123.75,448.7,1,0
716,149,149.0,0.04462612636544899,124.38,127.73333333333333,,,124.38,448.7,1,0
717,163,163.0,0.04462612619817773,124.99,127.73333333333333,,,124.99,448.7,1,0
718,155,155.0,0.04462612605029783,125.74,127.73333333333333,,,125.74,448.7,1,0
719,142,142.0,0.04462612592373842,126.28,127.73333333333333,,,126.28,448.7,1,0
720,155,155.0,0.0446261257946772,126.86,127.73333333333333,,,126.86,448.7,1,0
721,211,211.0,0.04462612563309222,127.98,127.73333333333333,,,127.98,448.7,1,0
722,134,134.0,0.04462612553829648,128.54,127.73333333333333,,,128.54,448.7,1,0
723,167,167.0,0.04462612542801985,129.38,127.73333333333333,,,129.38,448.7,1,0
724,265,265.0,0.04462612526946403,131.11,127.73333333333333,,,131.11,448.7,1,0
725,315,315.0,0.04462612510440591,133.35,127.73333333333333,,,133.35,448.7,1,0
726,455,455.0,0.04462612490436504,137.08,127.73333333333333,,,137.08,448.7,1,0
727,323,323.0,0.0446261247856529,139.42,127.73333333333333,,,139.42,448.7,1,0
728,154,154.0,0.04462612473494949,140.13,127.73333333333333,,,140.13,448.7,1,0
729,500,500.0,0.04462612459295824,144.1,127.73333333333333,,,144.1,448.7,1,0
730,147,147.0,0.04462612455703682,144.72,127.73333333333333,,,144.72,448.7,1,0
731,206,206.0,0.04462612451060104,145.63,127.73333333333333,,,145.63,448.7,1,0
732,500,500.0,0.04462612441455384,149.71,127.73333333333333,,,149.71,448.7,1,0
733,199,199.0,0.044626124382044684,150.79,127.73333333333333,,,150.79,448.7,1,0
734,160,160.0,0.044626124357973765,151.53,127.73333333333333,,,151.53,448.7,1,0
735,500,500.0,0.044626124293182926,155.59,127.73333333333333,,,155.59,448.7,1,0
736,180,180.0,0.04462612427326163,156.4,127.73333333333333,,,156.4,448.7,1,0
737,258,258.0,0.044626124247426784,157.88,127.73333333333333,,,157.88,448.7,1,0
738,197,197.0,0.04462612422965764,158.97,127.73333333333333,,,158.97,448.7,1,0
739,178,178.0,0.04462612421492522,159.69,127.73333333333333,,,159.69,448.7,1,0
740,120,120.0,0.044626124205650236,159.91,127.73333333333333,,,159.91,448.7,1,0
741,230,230.0,0.04462612418923771,160.95,127.73333333333333,,,160.95,448.7,1,0
742,112,112.0,0.044626124181850566,160.78,127.73333333333333,,,160.95,448.7,0,0
743,151,151.0,0.04462612417247275,161.02,127.73333333333333,,,161.02,448.7,1,0
744,109,109.0,0.04462612416609547,161.07,127.73333333333333,,,161.07,448.7,1,0
745,375,375.0,0.04462612414643641,163.59,127.73333333333333,,,163.59,448.7,1,0
746,112,112.0,0.04462612414119077,163.54,127.73333333333333,,,163.59,448.7,0,0
747,72,72.0,0.044626124137958016,162.95,127.73333333333333,,,163.59,448.7,0,0
748,89,89.0,0.04462612413410662,162.51,127.73333333333333,,,163.59,448.7,0,0
749,113,113.0,0.04462612412943762,162.26,172.03333333333333,42|49|56|63|70|77|84|91|98|105|112|119|126|133|140|147|154|161|168|175|182|189|196|203|210|217|224|231|238|245,69.0|95.0|68.0|85.0|92.0|96.0|67.0|78.0|92.0|100.0|86.0|68.0|161.0|76.0|73.0|65.0|467.0|500.0|89.0|182.0|500.0|500.0|70.0|500.0|77.0|70.0|94.0|500.0|71.0|170.0,163.59,448.7,0,0
750,87,87.0,0.0446261241260041,161.75,172.03333333333333,,,163.59,448.7,0,0
751,144,144.0,0.0446261241206134,162.02,172.03333333333333,,,163.59,448.7,0,0
752,94,94.0,0.04462612411728158,161.55,172.03333333333333,,,163.59,448.7,0,0
753,86,86.0,0.04462612411435654,160.67,172.03333333333333,,,163.59,448.7,0,0
754,79,79.0,0.044626124111769305,159.86,172.03333333333333,,,163.59,448.7,0,0
755,140,140.0,0.04462612410740823,160.05,172.03333333333333,,,163.59,448.7,0,0
756,87,87.0,0.04462612410483577,159.64,172.03333333333333,,,163.59,448.7,0,0
757,107,107.0,0.044626124101809404,159.38,172.03333333333333,,,163.59,448.7,0,0
758,107,107.0,0.04462612409892787,158.95,172.03333333333333,,,163.59,448.7,0,0
759,70,70.0,0.04462612409711778,158.31,172.03333333333333,,,163.59,448.7,0,0
760,117,117.0,0.04462612409421903,158.31,172.03333333333333,,,163.59,448.7,0,0
761,100,100.0,0.04462612409186172,158.01,172.03333333333333,,,163.59,448.7,0,0
762,63,63.0,0.044626124090431145,157.24,172.03333333333333,,,163.59,448.7,0,0
763,61,61.0,0.04462612408908479,156.52,172.03333333333333,,,163.59,448.7,0,0
764,84,84.0,0.04462612408729133,156.09,172.03333333333333,,,163.59,448.7,0,0
765,142,142.0,0.0446261240844122,156.23,172.03333333333333,,,163.59,448.7,0,0
766,109,109.0,0.04462612408232585,156.05,172.03333333333333,,,163.59,448.7,0,0
767,113,113.0,0.044626124080270196,155.81,172.03333333333333,,,163.59,448.7,0,0
768,93,93.0,0.04462612407865644,155.52,172.03333333333333,,,163.59,448.7,0,0
769,83,83.0,0.04462612407727315,155.09,172.03333333333333,,,163.59,448.7,0,0
770,296,296.0,0.044626124072747145,156.68,172.03333333333333,,,163.59,448.7,0,0
771,198,198.0,0.044626124070044786,157.35,172.03333333333333,,,163.59,448.7,0,0
772,99,99.0,0.04462612406878283,157.18,172.03333333333333,,,163.59,448.7,0,0
773,91,91.0,0.04462612406767228,156.76,172.03333333333333,,,163.59,448.7,0,0
774,109,109.0,0.044626124066401616,156.89,172.03333333333333,,,163.59,448.7,0,0
775,466,466.0,0.04462612406163129,160.31,172.03333333333333,,,163.59,448.7,0,0
776,119,119.0,0.044626124060567825,160.64,172.03333333333333,,,163.59,448.7,0,0
777,136,136.0,0.04462612405942138,160.79,172.03333333333333,,,163.59,448.7,0,0
778,119,119.0,0.044626124058475214,160.67,172.03333333333333,,,163.59,448.7,0,0
779,124,124.0,0.04462612405754269,160.49,172.03333333333333,,,163.59,448.7,0,0
780,125,125.0,0.04462612405665477,160.4,172.03333333333333,,,163.59,448.7,0,0
781,146,146.0,0.044626124055680075,160.41,172.03333333333333,,,163.59,448.7,0,0
782,126,126.0,0.04462612405488977,160.22,172.03333333333333,,,163.59,448.7,0,0
783,115,115.0,0.044626124054207225,160.06,172.03333333333333,,,163.59,448.7,0,0
784,108,108.0,0.04462612405359817,159.82,172.03333333333333,,,163.59,448.7,0,0
785,114,114.0,0.04462612405298715,159.59,172.03333333333333,,,163.59,448.7,0,0
786,108,108.0,0.044626124052437016,159.4,172.03333333333333,,,163.59,448.7,0,0
787,108,108.0,0.04462612405191345,159.18,172.03333333333333,,,163.59,448.7,0,0
788,102,102.0,0.0446261240514422,158.93,172.03333333333333,,,163.59,448.7,0,0
789,111,111.0,0.04462612405095379,158.8,172.03333333333333,,,163.59,448.7,0,0
790,110,110.0,0.04462612405049369,158.58,172.03333333333333,,,163.59,448.7,0,0
791,108,108.0,0.04462612405006396,158.7,172.03333333333333,,,163.59,448.7,0,0
792,67,67.0,0.04462612404980787,158.06,172.03333333333333,,,163.59,448.7,0,0
793,113,113.0,0.04462612404939337,157.9,172.03333333333333,,,163.59,448.7,0,0
794,118,118.0,0.04462612404898284,157.7,172.03333333333333,,,163.59,448.7,0,0
795,118,118.0,0.04462612404859393,157.53,172.03333333333333,,,163.59,448.7,0,0
796,119,119.0,0.04462612404822245,157.38,172.03333333333333,,,163.59,448.7,0,0
797,130,130.0,0.044626124047839125,157.19,172.03333333333333,,,163.59,448.7,0,0
798,119,119.0,0.04462612404750771,156.96,172.03333333333333,,,163.59,448.7,0,0
799,127,127.0,0.04462612404717339,156.78,126.3,42|49|56|63|70|77|84|91|98|105|112|119|126|133|140|147|154|161|168|175|182|189|196|203|210|217|224|231|238|245,128.0|126.0|130.0|126.0|125.0|125.0|131.0|127.0|127.0|123.0|127.0|130.0|124.0|126.0|131.0|129.0|126.0|123.0|125.0|122.0|124.0|123.0|129.0|124.0|127.0|130.0|123.0|125.0|129.0|124.0,163.59,448.7,0,0
800,124,124.0,0.044626124046865216,156.59,126.3,,,163.59,448.7,0,0
801,122,122.0,0.04462612404657864,156.55,126.3,,,163.59,448.7,0,0
802,118,118.0,0.04462612404631629,156.29,126.3,,,163.59,448.7,0,0
803,128,128.0,0.044626124046047294,156.03,126.3,,,163.59,448.7,0,0
804,138,138.0,0.04462612404577443,155.78,126.3,,,163.59,448.7,0,0
805,146,146.0,0.04462612404550393,155.89,126.3,,,163.59,448.7,0,0
806,151,151.0,0.04462612404524257,156.03,126.3,,,163.59,448.7,0,0
807,153,153.0,0.044626124044995566,156.07,126.3,,,163.59,448.7,0,0
808,142,142.0,0.04462612404478131,156.06,126.3,,,163.59,448.7,0,0
809,500,500.0,0.04462612404412879,159.6,126.3,,,163.59,448.7,0,0
810,154,154.0,0.04462612404395613,159.75,126.3,,,163.59,448.7,0,0
811,500,500.0,0.04462612404347259,163.3,126.3,,,163.59,448.7,0,0
812,500,500.0,0.04462612404308808,166.62,126.3,,,166.62,448.7,1,0
813,500,500.0,0.044626124042782316,169.97,126.3,,,169.97,448.7,1,0
814,136,136.0,0.04462612404271057,169.66,126.3,,,169.97,448.7,0,0
815,500,500.0,0.04462612404248211,173.23,126.3,,,173.23,448.7,1,0
816,151,151.0,0.0446261240424228,173.25,126.3,,,173.25,448.7,1,0
817,500,500.0,0.04462612404225327,176.62,126.3,,,176.62,448.7,1,0
818,141,141.0,0.04462612404221208,176.48,126.3,,,176.62,448.7,0,0
819,141,141.0,0.04462612404217346,176.47,126.3,,,176.62,448.7,0,0
820,500,500.0,0.044626124042055,179.92,126.3,,,179.92,448.7,1,0
821,159,159.0,0.04462612404202267,179.4,126.3,,,179.92,448.7,0,0
822,154,154.0,0.04462612404199353,179.6,126.3,,,179.92,448.7,0,0
823,153,153.0,0.044626124041966544,179.46,126.3,,,179.92,448.7,0,0
824,159,159.0,0.044626124041940426,178.4,126.3,,,179.92,448.7,0,0
825,159,159.0,0.044626124041916154,176.84,126.3,,,179.92,448.7,0,0
826,154,154.0,0.04462612404189427,173.83,126.3,,,179.92,448.7,0,0
827,154,154.0,0.044626124041873876,172.14,126.3,,,179.92,448.7,0,0
828,500,500.0,0.04462612404181676,175.6,126.3,,,179.92,448.7,0,0
829,500,500.0,0.044626124041771346,175.6,126.3,,,179.92,448.7,0,0
830,160,160.0,0.04462612404175888,175.73,126.3,,,179.92,448.7,0,0
831,164,164.0,0.04462612404174701,175.31,126.3,,,179.92,448.7,0,0
832,136,136.0,0.044626124041737825,171.67,126.3,,,179.92,448.7,0,0
833,129,129.0,0.04462612404172963,170.97,126.3,,,179.92,448.7,0,0
834,122,122.0,0.04462612404172231,170.59,126.3,,,179.92,448.7,0,0
835,144,144.0,0.04462612404171418,167.03,126.3,,,179.92,448.7,0,0
836,144,144.0,0.044626124041706565,166.67,126.3,,,179.92,448.7,0,0
837,133,133.0,0.044626124041699966,165.42,126.3,,,179.92,448.7,0,0
838,140,140.0,0.044626124041693443,164.85,126.3,,,179.92,448.7,0,0
839,125,125.0,0.04462612404168796,164.32,126.3,,,179.92,448.7,0,0
840,120,120.0,0.04462612404168299,164.32,126.3,,,179.92,448.7,0,0
841,130,130.0,0.0446261240416779,163.32,126.3,,,179.92,448.7,0,0
842,113,113.0,0.044626124041673716,163.33,126.3,,,179.92,448.7,0,0
843,108,108.0,0.044626124041669914,162.9,126.3,,,179.92,448.7,0,0
844,119,119.0,0.04462612404166594,163.0,126.3,,,179.92,448.7,0,0
845,108,108.0,0.04462612404166251,160.33,126.3,,,179.92,448.7,0,0
846,121,121.0,0.04462612404165887,160.42,126.3,,,179.92,448.7,0,0
847,119,119.0,0.04462612404165548,160.89,126.3,,,179.92,448.7,0,0
848,64,64.0,0.04462612404165373,160.64,126.3,,,179.92,448.7,0,0
849,61,61.0,0.04462612404165211,160.12,62.833333333333336,42|49|56|63|70|77|84|91|98|105|112|119|126|133|140|147|154|161|168|175|182|189|196|203|210|217|224|231|238|245,58.0|52.0|60.0|56.0|54.0|49.0|59.0|68.0|53.0|55.0|57.0|60.0|106.0|52.0|62.0|58.0|54.0|103.0|60.0|53.0|54.0|56.0|62.0|50.0|106.0|59.0|104.0|53.0|59.0|53.0,179.92,448.7,0,0
850,127,127.0,0.04462612404164888,160.52,62.833333333333336,,,179.92,448.7,0,0
851,120,120.0,0.044626124041645995,160.28,62.833333333333336,,,179.92,448.7,0,0
852,119,119.0,0.04462612404164329,160.53,62.833333333333336,,,179.92,448.7,0,0
853,116,116.0,0.04462612404164079,160.83,62.833333333333336,,,179.92,448.7,0,0
854,115,115.0,0.04462612404163844,161.19,62.833333333333336,,,179.92,448.7,0,0
855,106,106.0,0.04462612404163638,160.85,62.833333333333336,,,179.92,448.7,0,0
856,114,114.0,0.04462612404163427,161.12,62.833333333333336,,,179.92,448.7,0,0
857,70,70.0,0.044626124041633033,160.75,62.833333333333336,,,179.92,448.7,0,0
858,112,112.0,0.04462612404163113,160.8,62.833333333333336,,,179.92,448.7,0,0
859,117,117.0,0.044626124041629245,161.27,62.833333333333336,,,179.92,448.7,0,0
860,96,96.0,0.04462612404162777,161.06,62.833333333333336,,,179.92,448.7,0,0
861,115,115.0,0.04462612404162609,161.21,62.833333333333336,,,179.92,448.7,0,0
862,107,107.0,0.044626124041624596,161.65,62.833333333333336,,,179.92,448.7,0,0
863,107,107.0,0.04462612404162318,162.11,62.833333333333336,,,179.92,448.7,0,0
864,113,113.0,0.04462612404162176,162.4,62.833333333333336,,,179.92,448.7,0,0
865,109,109.0,0.04462612404162045,162.07,62.833333333333336,,,179.92,448.7,0,0
866,105,105.0,0.04462612404161926,162.03,62.833333333333336,,,179.92,448.7,0,0
867,118,118.0,0.04462612404161798,162.08,62.833333333333336,,,179.92,448.7,0,0
868,100,100.0,0.04462612404161695,162.15,62.833333333333336,,,179.92,448.7,0,0
869,114,114.0,0.04462612404161583,162.46,62.833333333333336,,,179.92,448.7,0,0
870,54,54.0,0.044626124041615325,160.04,62.833333333333336,,,179.92,448.7,0,0
871,118,118.0,0.04462612404161426,159.24,62.833333333333336,,,179.92,448.7,0,0
872,101,101.0,0.04462612404161338,159.26,62.833333333333336,,,179.92,448.7,0,0
873,101,101.0,0.04462612404161255,159.36,62.833333333333336,,,179.92,448.7,0,0
874,115,115.0,0.04462612404161165,159.42,62.833333333333336,,,179.92,448.7,0,0
875,104,104.0,0.04462612404161088,155.8,62.833333333333336,,,179.92,448.7,0,0
876,107,107.0,0.044626124041610114,155.68,62.833333333333336,,,179.92,448.7,0,0
877,106,106.0,0.0446261240416094,155.38,62.833333333333336,,,179.92,448.7,0,0
878,115,115.0,0.04462612404160866,155.34,62.833333333333336,,,179.92,448.7,0,0
879,123,123.0,0.04462612404160791,155.33,62.833333333333336,,,179.92,448.7,0,0
880,109,109.0,0.04462612404160728,155.17,62.833333333333336,,,179.92,448.7,0,0
881,118,118.0,0.04462612404160663,154.89,62.833333333333336,,,179.92,448.7,0,0
882,108,108.0,0.04462612404160607,154.71,62.833333333333336,,,179.92,448.7,0,0
883,113,113.0,0.044626124041605514,154.69,62.833333333333336,,,179.92,448.7,0,0
884,106,106.0,0.044626124041605014,154.67,62.833333333333336,,,179.92,448.7,0,0
885,121,121.0,0.04462612404160447,154.74,62.833333333333336,,,179.92,448.7,0,0
886,112,112.0,0.044626124041604,154.78,62.833333333333336,,,179.92,448.7,0,0
887,121,121.0,0.044626124041603515,154.91,62.833333333333336,,,179.92,448.7,0,0
888,118,118.0,0.044626124041603064,155.07,62.833333333333336,,,179.92,448.7,0,0
889,105,105.0,0.04462612404160268,155.01,62.833333333333336,,,179.92,448.7,0,0
890,129,129.0,0.044626124041602246,155.2,62.833333333333336,,,179.92,448.7,0,0
891,118,118.0,0.044626124041601864,155.3,62.833333333333336,,,179.92,448.7,0,0
892,80,80.0,0.044626124041601614,155.43,62.833333333333336,,,179.92,448.7,0,0
893,112,112.0,0.04462612404160128,155.42,62.833333333333336,,,179.92,448.7,0,0
894,128,128.0,0.04462612404160093,155.52,62.833333333333336,,,179.92,448.7,0,0
895,88,88.0,0.04462612404160069,155.22,62.833333333333336,,,179.92,448.7,0,0
896,57,57.0,0.044626124041600546,154.6,62.833333333333336,,,179.92,448.7,0,0
897,153,153.0,0.04462612404160017,154.83,62.833333333333336,,,179.92,448.7,0,0
898,77,77.0,0.04462612404159999,154.41,62.833333333333336,,,179.92,448.7,0,0
899,89,89.0,0.04462612404159979,154.03,76.26666666666667,42|49|56|63|70|77|84|91|98|105|112|119|126|133|140|147|154|161|168|175|182|189|196|203|210|217|224|231|238|245,76.0|82.0|82.0|63.0|66.0|70.0|72.0|80.0|68.0|66.0|74.0|76.0|75.0|75.0|79.0|69.0|66.0|65.0|80.0|73.0|115.0|76.0|76.0|66.0|78.0|78.0|122.0|70.0|78.0|72.0,179.92,448.7,0,0
900,87,87.0,0.0446261240415996,153.66,76.26666666666667,,,179.92,448.7,0,0
901,103,103.0,0.04462612404159939,153.47,76.26666666666667,,,179.92,448.7,0,0
902,69,69.0,0.044626124041599255,152.98,76.26666666666667,,,179.92,448.7,0,0
903,90,90.0,0.04462612404159908,152.6,76.26666666666667,,,179.92,448.7,0,0
904,126,126.0,0.04462612404159885,152.48,76.26666666666667,,,179.92,448.7,0,0
905,123,123.0,0.04462612404159864,152.25,76.26666666666667,,,179.92,448.7,0,0
906,122,122.0,0.04462612404159844,151.96,76.26666666666667,,,179.92,448.7,0,0
907,79,79.0,0.04462612404159832,151.22,76.26666666666667,,,179.92,448.7,0,0
908,124,124.0,0.04462612404159814,151.04,76.26666666666667,,,179.92,448.7,0,0
909,91,91.0,0.044626124041598006,146.95,76.26666666666667,,,179.92,448.7,0,0
910,105,105.0,0.04462612404159787,146.46,76.26666666666667,,,179.92,448.7,0,0
911,78,78.0,0.04462612404159776,142.24,76.26666666666667,,,179.92,448.7,0,0
912,124,124.0,0.04462612404159761,138.48,76.26666666666667,,,179.92,448.7,0,0
913,80,80.0,0.04462612404159752,134.28,76.26666666666667,,,179.92,448.7,0,0
914,83,83.0,0.04462612404159742,133.75,76.26666666666667,,,179.92,448.7,0,0
915,128,128.0,0.044626124041597284,130.03,76.26666666666667,,,179.92,448.7,0,0
916,135,135.0,0.044626124041597146,129.87,76.26666666666667,,,179.92,448.7,0,0
917,123,123.0,0.04462612404159703,126.1,76.26666666666667,,,179.92,448.7,0,0
918,76,76.0,0.04462612404159696,125.45,76.26666666666667,,,179.92,448.7,0,0
919,129,129.0,0.04462612404159685,125.33,76.26666666666667,,,179.92,448.7,0,0
920,73,73.0,0.044626124041596785,121.06,76.26666666666667,,,179.92,448.7,0,0
921,81,81.0,0.04462612404159672,120.28,76.26666666666667,,,179.92,448.7,0,0
922,144,144.0,0.04462612404159661,120.18,76.26666666666667,,,179.92,448.7,0,0
923,81,81.0,0.04462612404159655,119.46,76.26666666666667,,,179.92,448.7,0,0
924,92,92.0,0.044626124041596486,118.79,76.26666666666667,,,179.92,448.7,0,0
925,101,101.0,0.04462612404159642,118.21,76.26666666666667,,,179.92,448.7,0,0
926,80,80.0,0.04462612404159637,117.47,76.26666666666667,,,179.92,448.7,0,0
927,85,85.0,0.04462612404159631,116.78,76.26666666666667,,,179.92,448.7,0,0
928,81,81.0,0.04462612404159627,112.59,76.26666666666667,,,179.92,448.7,0,0
929,91,91.0,0.044626124041596216,108.5,76.26666666666667,,,179.92,448.7,0,0
930,98,98.0,0.04462612404159616,107.88,76.26666666666667,,,179.92,448.7,0,0
931,174,174.0,0.04462612404159607,107.98,76.26666666666667,,,179.92,448.7,0,0
932,160,160.0,0.044626124041595994,108.22,76.26666666666667,,,179.92,448.7,0,0
933,98,98.0,0.04462612404159595,107.91,76.26666666666667,,,179.92,448.7,0,0
934,156,156.0,0.04462612404159589,108.25,76.26666666666667,,,179.92,448.7,0,0
935,116,116.0,0.04462612404159584,107.97,76.26666666666667,,,179.92,448.7,0,0
936,83,83.0,0.044626124041595806,107.36,76.26666666666667,,,179.92,448.7,0,0
937,84,84.0,0.04462612404159578,106.87,76.26666666666667,,,179.92,448.7,0,0
938,62,62.0,0.04462612404159576,106.09,76.26666666666667,,,179.92,448.7,0,0
939,139,139.0,0.04462612404159571,106.23,76.26666666666667,,,179.92,448.7,0,0
940,81,81.0,0.04462612404159568,105.84,76.26666666666667,,,179.92,448.7,0,0
941,82,82.0,0.04462612404159566,105.36,76.26666666666667,,,179.92,448.7,0,0
942,81,81.0,0.04462612404159563,105.04,76.26666666666667,,,179.92,448.7,0,0
943,134,134.0,0.0446261240415956,105.3,76.26666666666667,,,179.92,448.7,0,0
944,100,100.0,0.04462612404159557,105.11,76.26666666666667,,,179.92,448.7,0,0
945,88,88.0,0.04462612404159554,104.91,76.26666666666667,,,179.92,448.7,0,0
946,125,125.0,0.044626124041595515,104.95,76.26666666666667,,,179.92,448.7,0,0
947,85,85.0,0.044626124041595494,104.61,76.26666666666667,,,179.92,448.7,0,0
948,81,81.0,0.04462612404159548,104.78,76.26666666666667,,,179.92,448.7,0,0
949,76,76.0,0.04462612404159546,104.93,151.4,42|49|56|63|70|77|84|91|98|105|112|119|126|133|140|147|154|161|168|175|182|189|196|203|210|217|224|231|238|245,161.0|145.0|143.0|151.0|145.0|147.0|155.0|163.0|147.0|149.0|151.0|162.0|166.0|154.0|158.0|159.0|146.0|140.0|147.0|168.0|141.0|145.0|153.0|136.0|155.0|165.0|147.0|146.0|160.0|137.0,179.92,448.7,0,0
950,100,100.0,0.04462612404159544,104.66,151.4,,,179.92,448.7,0,0
951,68,68.0,0.044626124041595425,104.14,151.4,,,179.92,448.7,0,0
952,78,78.0,0.04462612404159541,103.73,151.4,,,179.92,448.7,0,0
953,89,89.0,0.0446261240415954,103.46,151.4,,,179.92,448.7,0,0
954,63,63.0,0.04462612404159538,102.94,151.4,,,179.92,448.7,0,0
955,82,82.0,0.04462612404159537,102.7,151.4,,,179.92,448.7,0,0
956,71,71.0,0.044626124041595355,102.27,151.4,,,179.92,448.7,0,0
957,71,71.0,0.04462612404159534,102.28,151.4,,,179.92,448.7,0,0
958,86,86.0,0.044626124041595334,102.02,151.4,,,179.92,448.7,0,0
959,67,67.0,0.04462612404159532,101.52,151.4,,,179.92,448.7,0,0
960,51,51.0,0.044626124041595314,101.07,151.4,,,179.92,448.7,0,0
961,73,73.0,0.0446261240415953,100.65,151.4,,,179.92,448.7,0,0
962,73,73.0,0.04462612404159529,100.31,151.4,,,179.92,448.7,0,0
963,93,93.0,0.04462612404159528,100.17,151.4,,,179.92,448.7,0,0
964,71,71.0,0.04462612404159527,99.75,151.4,,,179.92,448.7,0,0
965,93,93.0,0.04462612404159526,99.59,151.4,,,179.92,448.7,0,0
966,76,76.0,0.04462612404159525,99.3,151.4,,,179.92,448.7,0,0
967,85,85.0,0.044626124041595244,98.97,151.4,,,179.92,448.7,0,0
968,117,117.0,0.04462612404159523,99.14,151.4,,,179.92,448.7,0,0
969,158,158.0,0.04462612404159521,99.58,151.4,,,179.92,448.7,0,0
970,89,89.0,0.0446261240415952,99.93,151.4,,,179.92,448.7,0,0
971,81,81.0,0.044626124041595196,99.56,151.4,,,179.92,448.7,0,0
972,101,101.0,0.04462612404159519,99.56,151.4,,,179.92,448.7,0,0
973,163,163.0,0.044626124041595175,100.18,151.4,,,179.92,448.7,0,0
974,136,136.0,0.04462612404159516,100.39,151.4,,,179.92,448.7,0,0
975,84,84.0,0.044626124041595154,100.19,151.4,,,179.92,448.7,0,0
976,162,162.0,0.04462612404159515,100.74,151.4,,,179.92,448.7,0,0
977,79,79.0,0.04462612404159514,100.47,151.4,,,179.92,448.7,0,0
978,177,177.0,0.044626124041595126,101.09,151.4,,,179.92,448.7,0,0
979,162,162.0,0.04462612404159512,101.48,151.4,,,179.92,448.7,0,0
980,240,240.0,0.044626124041595105,102.79,151.4,,,179.92,448.7,0,0
981,118,118.0,0.0446261240415951,102.79,151.4,,,179.92,448.7,0,0
982,89,89.0,0.04462612404159509,102.6,151.4,,,179.92,448.7,0,0
983,162,162.0,0.044626124041595085,103.09,151.4,,,179.92,448.7,0,0
984,165,165.0,0.04462612404159508,103.68,151.4,,,179.92,448.7,0,0
985,166,166.0,0.04462612404159508,104.13,151.4,,,179.92,448.7,0,0
986,158,158.0,0.04462612404159507,104.59,151.4,,,179.92,448.7,0,0
987,174,174.0,0.044626124041595064,105.12,151.4,,,179.92,448.7,0,0
988,154,154.0,0.04462612404159506,105.48,151.4,,,179.92,448.7,0,0
989,171,171.0,0.04462612404159506,106.14,151.4,,,179.92,448.7,0,0
990,175,175.0,0.04462612404159505,106.6,151.4,,,179.92,448.7,0,0
991,159,159.0,0.04462612404159504,107.01,151.4,,,179.92,448.7,0,0
992,182,182.0,0.04462612404159504,108.03,151.4,,,179.92,448.7,0,0
993,222,222.0,0.044626124041595036,109.13,151.4,,,179.92,448.7,0,0
994,173,173.0,0.044626124041595036,109.58,151.4,,,179.92,448.7,0,0
995,246,246.0,0.04462612404159503,111.16,151.4,,,179.92,448.7,0,0
996,222,222.0,0.04462612404159503,112.81,151.4,,,179.92,448.7,0,0
997,500,500.0,0.04462612404159502,116.28,151.4,,,179.92,448.7,0,0
998,378,378.0,0.044626124041595015,119.29,151.4,,,179.92,448.7,0,0
999,500,500.0,0.04462612404159501,123.4,500.0,42|49|56|63|70|77|84|91|98|105|112|119|126|133|140|147|154|161|168|175|182|189|196|203|210|217|224|231|238|245,500.0|500.0|500.0|500.0|500.0|500.0|500.0|500.0|500.0|500.0|500.0|500.0|500.0|500.0|500.0|500.0|500.0|500.0|500.0|500.0|500.0|500.0|500.0|500.0|500.0|500.0|500.0|500.0|500.0|500.0,179.92,500.0,0,1
